iso_code,continent,location,date,total_cases,new_cases,new_cases_smoothed,total_deaths,new_deaths,new_deaths_smoothed,total_cases_per_million,new_cases_per_million,new_cases_smoothed_per_million,total_deaths_per_million,new_deaths_per_million,new_deaths_smoothed_per_million,reproduction_rate,icu_patients,icu_patients_per_million,hosp_patients,hosp_patients_per_million,weekly_icu_admissions,weekly_icu_admissions_per_million,weekly_hosp_admissions,weekly_hosp_admissions_per_million,total_tests,new_tests,total_tests_per_thousand,new_tests_per_thousand,new_tests_smoothed,new_tests_smoothed_per_thousand,positive_rate,tests_per_case,tests_units,total_vaccinations,people_vaccinated,people_fully_vaccinated,total_boosters,new_vaccinations,new_vaccinations_smoothed,total_vaccinations_per_hundred,people_vaccinated_per_hundred,people_fully_vaccinated_per_hundred,total_boosters_per_hundred,new_vaccinations_smoothed_per_million,new_people_vaccinated_smoothed,new_people_vaccinated_smoothed_per_hundred,stringency_index,population_density,median_age,aged_65_older,aged_70_older,gdp_per_capita,extreme_poverty,cardiovasc_death_rate,diabetes_prevalence,female_smokers,male_smokers,handwashing_facilities,hospital_beds_per_thousand,life_expectancy,human_development_index,population,excess_mortality_cumulative_absolute,excess_mortality_cumulative,excess_mortality,excess_mortality_cumulative_per_million,country,region,case_fatality_rate,death_rate,deaths_per_100k,cases_per_100k,vaccination_rate,fully_vaccinated_rate,7_day_cases_avg,14_day_cases_avg,30_day_cases_avg,7_day_deaths_avg,14_day_deaths_avg,30_day_deaths_avg,daily_growth_rate,weekly_growth_rate,monthly_growth_rate
BRA,South America,Brazil,2020-01-19,0.0,0.0,0.0,0.0,0.0,0.0,0.0,0.0,0.0,0.0,0.0,0.0,,,,,,,,,,,,,,,,,,,,0.0,0.0,,0.0,,,,,,,,,0.0,25.04,33.5,8.55,5.06,14103.45,3.4,177.96,8.11,10.1,17.9,,2.2,75.88,0.76,215313504.0,,,,,Brazil,South America,0.0,0.0,0.0,0.0,0.0,0.0,0.0,0.0,0.0,0.0,0.0,0.0,0.0,0.0,0.0
BRA,South America,Brazil,2020-01-24,0.0,0.0,0.0,0.0,0.0,0.0,0.0,0.0,0.0,0.0,0.0,0.0,,,,,,,,,,,,,,,,,,,,0.0,0.0,,0.0,,,,,,,,,0.0,25.04,33.5,8.55,5.06,14103.45,3.4,177.96,8.11,10.1,17.9,,2.2,75.88,0.76,215313504.0,,,,,Brazil,South America,0.0,0.0,0.0,0.0,0.0,0.0,0.0,0.0,0.0,0.0,0.0,0.0,0.0,0.0,0.0
BRA,South America,Brazil,2020-02-07,0.0,0.0,0.0,0.0,0.0,0.0,0.0,0.0,0.0,0.0,0.0,0.0,,,,,,,,,,,,,,,,,,,,0.0,0.0,,0.0,,,,,,,,,5.56,25.04,33.5,8.55,5.06,14103.45,3.4,177.96,8.11,10.1,17.9,,2.2,75.88,0.76,215313504.0,,,,,Brazil,South America,0.0,0.0,0.0,0.0,0.0,0.0,0.0,0.0,0.0,0.0,0.0,0.0,0.0,0.0,0.0
BRA,South America,Brazil,2020-02-13,0.0,0.0,0.0,0.0,0.0,0.0,0.0,0.0,0.0,0.0,0.0,0.0,,,,,,,,,,,,,,,,,,,,0.0,0.0,,0.0,,,,,,,,,5.56,25.04,33.5,8.55,5.06,14103.45,3.4,177.96,8.11,10.1,17.9,,2.2,75.88,0.76,215313504.0,,,,,Brazil,South America,0.0,0.0,0.0,0.0,0.0,0.0,0.0,0.0,0.0,0.0,0.0,0.0,0.0,0.0,0.0
BRA,South America,Brazil,2020-02-15,0.0,0.0,0.0,0.0,0.0,0.0,0.0,0.0,0.0,0.0,0.0,0.0,,,,,,,,,,,,,,,,,,,,0.0,0.0,,0.0,,,,,,,,,5.56,25.04,33.5,8.55,5.06,14103.45,3.4,177.96,8.11,10.1,17.9,,2.2,75.88,0.76,215313504.0,,,,,Brazil,South America,0.0,0.0,0.0,0.0,0.0,0.0,0.0,0.0,0.0,0.0,0.0,0.0,0.0,0.0,0.0
BRA,South America,Brazil,2020-02-21,0.0,0.0,0.0,0.0,0.0,0.0,0.0,0.0,0.0,0.0,0.0,0.0,,,,,,,,,,,,,,,,,,,,0.0,0.0,,0.0,,,,,,,,,5.56,25.04,33.5,8.55,5.06,14103.45,3.4,177.96,8.11,10.1,17.9,,2.2,75.88,0.76,215313504.0,,,,,Brazil,South America,0.0,0.0,0.0,0.0,0.0,0.0,0.0,0.0,0.0,0.0,0.0,0.0,0.0,0.0,0.0
BRA,South America,Brazil,2020-02-24,0.0,0.0,0.0,0.0,0.0,0.0,0.0,0.0,0.0,0.0,0.0,0.0,,,,,,,,,,,,,,,,,,,,0.0,0.0,,0.0,,,,,,,,,5.56,25.04,33.5,8.55,5.06,14103.45,3.4,177.96,8.11,10.1,17.9,,2.2,75.88,0.76,215313504.0,,,,,Brazil,South America,0.0,0.0,0.0,0.0,0.0,0.0,0.0,0.0,0.0,0.0,0.0,0.0,0.0,0.0,0.0
BRA,South America,Brazil,2020-03-15,84.0,71.0,10.14,0.0,0.0,0.0,0.4,0.34,0.05,0.0,0.0,0.0,2.34,,,,,,,,,,,,,,,,,,,0.0,0.0,,0.0,,,,,,,,,42.13,25.04,33.5,8.55,5.06,14103.45,3.4,177.96,8.11,10.1,17.9,,2.2,75.88,0.76,215313504.0,,,,,Brazil,South America,0.0,0.0,0.0,0.039,0.0,0.0,10.14,5.93,2.8,0.0,0.0,0.0,492.98,492.98,0.0
BRA,South America,Brazil,2020-03-30,3417.0,0.0,359.0,92.0,0.0,11.57,16.25,0.0,1.71,0.44,0.0,0.06,2.03,,,,,,,,,,,,,,,,,,,0.0,0.0,,0.0,,,,,,,,,74.54,25.04,33.5,8.55,5.06,14103.45,3.4,177.96,8.11,10.1,17.9,,2.2,75.88,0.76,215313504.0,,,,,Brazil,South America,2.6924,0.0,0.0427,1.587,0.0,0.0,359.0,238.07,113.9,11.57,6.57,3.07,0.0,206.47,0.0
BRA,South America,Brazil,2020-04-06,9056.0,0.0,805.57,359.0,0.0,38.14,43.06,0.0,3.83,1.71,0.0,0.18,1.83,,,,,,,,,,,,,,,,,,,0.0,0.0,,0.0,,,,,,,,,74.54,25.04,33.5,8.55,5.06,14103.45,3.4,177.96,8.11,10.1,17.9,,2.2,75.88,0.76,215313504.0,,,,,Brazil,South America,3.9642,0.0002,0.1667,4.206,0.0,0.0,805.57,582.29,301.83,38.14,24.86,11.97,0.0,124.39,575307.14
BRA,South America,Brazil,2020-04-09,9056.0,0.0,805.57,359.0,0.0,38.14,43.06,0.0,3.83,1.71,0.0,0.18,1.74,,,,,,,,,,,,,,,,,,,0.0,0.0,,0.0,,,,,,,,,74.54,25.04,33.5,8.55,5.06,14103.45,3.4,177.96,8.11,10.1,17.9,,2.2,75.88,0.76,215313504.0,,,,,Brazil,South America,3.9642,0.0002,0.1667,4.206,0.0,0.0,805.57,582.29,301.43,38.14,24.86,11.97,0.0,124.39,47009.36
BRA,South America,Brazil,2020-04-13,19638.0,0.0,1511.71,1056.0,0.0,99.57,93.38,0.0,7.19,5.02,0.0,0.47,1.65,,,,,,,,,,,,,,,,,,,0.0,0.0,,0.0,,,,,,,,,74.54,25.04,33.5,8.55,5.06,14103.45,3.4,177.96,8.11,10.1,17.9,,2.2,75.88,0.76,215313504.0,,,,,Brazil,South America,5.3773,0.0005,0.4904,9.1207,0.0,0.0,1511.71,1158.64,654.17,99.57,68.86,35.2,0.0,87.66,88304.09
BRA,South America,Brazil,2020-04-15,19638.0,0.0,1511.71,1056.0,0.0,99.57,93.38,0.0,7.19,5.02,0.0,0.47,1.63,,,,,,,,,,,,,,,,,,,0.0,0.0,,0.0,,,,,,,,,74.54,25.04,33.5,8.55,5.06,14103.45,3.4,177.96,8.11,10.1,17.9,,2.2,75.88,0.76,215313504.0,,,,,Brazil,South America,5.3773,0.0005,0.4904,9.1207,0.0,0.0,1511.71,1158.64,651.8,99.57,68.86,35.2,0.0,87.66,14808.38
BRA,South America,Brazil,2020-04-21,33682.0,0.0,2006.29,2141.0,0.0,155.0,160.16,0.0,9.54,10.18,0.0,0.74,1.55,,,,,,,,,,,,,,,,,,,0.0,0.0,,0.0,,,,,,,,,74.54,25.04,33.5,8.55,5.06,14103.45,3.4,177.96,8.11,10.1,17.9,,2.2,75.88,0.76,215313504.0,,,,,Brazil,South America,6.3565,0.001,0.9944,15.6432,0.0,0.0,2006.29,1759.0,1092.6,155.0,127.29,71.0,0.0,32.72,1612.73
BRA,South America,Brazil,2020-05-03,91589.0,38594.0,5513.43,6329.0,2659.0,379.86,435.5,183.51,26.22,30.09,12.64,1.81,1.46,,,,,,,,,249063.0,,1.16,,9909.0,0.05,,,tests performed,,0.0,0.0,,0.0,,,,,,,,,77.31,25.04,33.5,8.55,5.06,14103.45,3.4,177.96,8.11,10.1,17.9,,2.2,75.88,0.76,215313504.0,,,,,Brazil,South America,6.9102,0.0029,2.9394,42.5375,0.0,0.0,5513.43,4136.21,2939.07,379.86,299.14,207.9,99.83,99.83,1435.77
BRA,South America,Brazil,2020-05-19,218223.0,0.0,10413.57,14817.0,0.0,702.86,1037.64,0.0,49.52,70.45,0.0,3.34,1.36,,,,,,,,,,,,,31298.0,0.15,,,tests performed,,0.0,0.0,,0.0,,,,,,,,,81.02,25.04,33.5,8.55,5.06,14103.45,3.4,177.96,8.11,10.1,17.9,,2.2,75.88,0.76,215313504.0,,,,,Brazil,South America,6.7898,0.0069,6.8816,101.3513,0.0,0.0,10413.57,9045.29,6151.37,702.86,606.29,422.53,0.0,35.65,419.05
BRA,South America,Brazil,2020-06-02,465166.0,0.0,19182.29,27878.0,0.0,975.71,2211.85,0.0,91.21,132.56,0.0,4.64,1.25,,,,,,,,,1247455.0,,5.82,,51939.0,0.24,,,tests performed,,0.0,0.0,,0.0,,,,,,,,,77.31,25.04,33.5,8.55,5.06,14103.45,3.4,177.96,8.11,10.1,17.9,,2.2,75.88,0.76,215313504.0,,,,,Brazil,South America,5.9931,0.0129,12.9476,216.0413,0.0,0.0,19182.29,17638.79,12452.57,975.71,932.93,718.3,0.0,19.18,247.92
BRA,South America,Brazil,2020-06-30,1274974.0,0.0,34580.14,55961.0,0.0,1001.0,6062.46,0.0,164.43,266.09,0.0,4.76,1.11,,,,,,,,,,,,,80640.0,0.38,,,tests performed,,0.0,0.0,,0.0,,,,,,,,,77.31,25.04,33.5,8.55,5.06,14103.45,3.4,177.96,8.11,10.1,17.9,,2.2,75.88,0.76,215313504.0,73464.41,10.83,17.43,344.59,Brazil,South America,4.3892,0.026,25.9905,592.1477,0.0,0.0,34580.14,31868.86,26993.6,1001.0,1009.5,936.1,0.0,18.6,80.27
BRA,South America,Brazil,2020-07-03,1274974.0,0.0,34580.14,55961.0,0.0,1001.0,6062.46,0.0,164.43,266.09,0.0,4.76,1.09,,,,,,,,,,,,,77127.0,0.36,,,tests performed,,0.0,0.0,,0.0,,,,,,,,,81.02,25.04,33.5,8.55,5.06,14103.45,3.4,177.96,8.11,10.1,17.9,,2.2,75.88,0.76,215313504.0,,,,,Brazil,South America,4.3892,0.026,25.9905,592.1477,0.0,0.0,34580.14,31868.86,26993.6,1001.0,1009.5,936.1,0.0,18.6,80.27
BRA,South America,Brazil,2020-07-23,2046328.0,0.0,35071.57,77851.0,0.0,1064.71,9730.22,0.0,166.76,370.18,0.0,5.06,1.07,,,,,,,,,,,,,97926.0,0.46,,,tests performed,,0.0,0.0,,0.0,,,,,,,,,81.02,25.04,33.5,8.55,5.06,14103.45,3.4,177.96,8.11,10.1,17.9,,2.2,75.88,0.76,215313504.0,,,,,Brazil,South America,3.8044,0.0362,36.157,950.3946,0.0,0.0,35071.57,36231.93,33780.5,1064.71,1048.36,963.23,0.0,-6.21,20.28
BRA,South America,Brazil,2020-08-06,2662485.0,0.0,45588.43,92475.0,0.0,1033.86,12660.03,0.0,216.77,439.72,0.0,4.92,1.02,,,,,,,,,8477624.0,,39.56,,212693.0,0.99,,,tests performed,,0.0,0.0,,0.0,,,,,,,,,72.69,25.04,33.5,8.55,5.06,14103.45,3.4,177.96,8.11,10.1,17.9,,2.2,75.88,0.76,215313504.0,,,,,Brazil,South America,3.4733,0.0429,42.949,1236.562,0.0,0.0,45588.43,44011.21,37446.8,1033.86,1044.57,976.7,0.0,7.43,20.83
BRA,South America,Brazil,2020-08-09,2962442.0,299957.0,42851.0,99572.0,7097.0,1013.86,14086.31,1426.29,203.76,473.46,33.75,4.82,1.01,,,,,,,,,8638045.0,,40.3,,65555.0,0.31,,,tests performed,,0.0,0.0,,0.0,,,,,,,,,72.69,25.04,33.5,8.55,5.06,14103.45,3.4,177.96,8.11,10.1,17.9,,2.2,75.88,0.76,215313504.0,,,,,Brazil,South America,3.3611,0.0462,46.2451,1375.8738,0.0,0.0,42851.0,44219.71,47445.37,1013.86,1023.86,1213.27,-6.0,-6.0,13.57
BRA,South America,Brazil,2020-08-10,2962442.0,0.0,42851.0,99572.0,0.0,1013.86,14086.31,0.0,203.76,473.46,0.0,4.82,1.01,,,,,,,,,9130523.0,492478.0,42.6,2.3,135466.0,0.63,,,tests performed,,0.0,0.0,,0.0,,,,,,,,,72.69,25.04,33.5,8.55,5.06,14103.45,3.4,177.96,8.11,10.1,17.9,,2.2,75.88,0.76,215313504.0,,,,,Brazil,South America,3.3611,0.0462,46.2451,1375.8738,0.0,0.0,42851.0,44219.71,47445.37,1013.86,1023.86,1213.27,0.0,-6.0,13.57
BRA,South America,Brazil,2020-09-06,4092832.0,288029.0,41147.0,125521.0,6017.0,859.57,19461.28,1369.57,195.65,596.85,28.61,4.09,0.94,,,,,,,,,,,,,169191.0,0.79,,,tests performed,,0.0,0.0,,0.0,,,,,,,,,69.91,25.04,33.5,8.55,5.06,14103.45,3.4,177.96,8.11,10.1,17.9,,2.2,75.88,0.76,215313504.0,,,,,Brazil,South America,3.0668,0.0583,58.2969,1900.871,0.0,0.0,41147.0,40035.86,47678.23,859.57,868.79,1101.53,5.71,5.71,-9.74
BRA,South America,Brazil,2020-09-09,4092832.0,0.0,41147.0,125521.0,0.0,859.57,19461.28,0.0,195.65,596.85,0.0,4.09,0.94,,,,,,,,,,,,,229315.0,1.07,,,tests performed,,0.0,0.0,,0.0,,,,,,,,,69.91,25.04,33.5,8.55,5.06,14103.45,3.4,177.96,8.11,10.1,17.9,,2.2,75.88,0.76,215313504.0,,,,,Brazil,South America,3.0668,0.0583,58.2969,1900.871,0.0,0.0,41147.0,40035.86,37679.67,859.57,868.79,864.97,0.0,5.71,-3.98
BRA,South America,Brazil,2020-09-12,4092832.0,0.0,41147.0,125521.0,0.0,859.57,19461.28,0.0,195.65,596.85,0.0,4.09,0.94,,,,,,,,,13836559.0,29103.0,64.56,0.14,174917.0,0.82,,,tests performed,,0.0,0.0,,0.0,,,,,,,,,69.91,25.04,33.5,8.55,5.06,14103.45,3.4,177.96,8.11,10.1,17.9,,2.2,75.88,0.76,215313504.0,,,,,Brazil,South America,3.0668,0.0583,58.2969,1900.871,0.0,0.0,41147.0,40035.86,37679.67,859.57,868.79,864.97,0.0,5.71,-3.98
BRA,South America,Brazil,2020-11-03,5516658.0,0.0,23286.0,159477.0,0.0,429.43,26231.52,0.0,110.72,758.31,0.0,2.04,1.02,,,,,,,,,21455397.0,28749.0,100.11,0.13,388368.0,1.81,,,tests performed,,0.0,0.0,,0.0,,,,,,,,,57.87,25.04,33.5,8.55,5.06,14103.45,3.4,177.96,8.11,10.1,17.9,,2.2,75.88,0.76,215313504.0,,,,,Brazil,South America,2.8908,0.0741,74.0673,2562.1514,0.0,0.0,23286.0,22597.0,21204.5,429.43,447.36,469.63,0.0,6.29,-14.62
BRA,South America,Brazil,2020-11-04,5516658.0,0.0,23286.0,159477.0,0.0,429.43,26231.52,0.0,110.72,758.31,0.0,2.04,1.03,,,,,,,,,21518065.0,62668.0,100.4,0.29,385998.0,1.8,,,tests performed,,0.0,0.0,,0.0,,,,,,,,,57.87,25.04,33.5,8.55,5.06,14103.45,3.4,177.96,8.11,10.1,17.9,,2.2,75.88,0.76,215313504.0,,,,,Brazil,South America,2.8908,0.0741,74.0673,2562.1514,0.0,0.0,23286.0,22597.0,21204.5,429.43,447.36,469.63,0.0,6.29,-14.62
BRA,South America,Brazil,2020-11-18,5810652.0,0.0,25638.71,164737.0,0.0,388.86,27629.46,0.0,121.91,783.32,0.0,1.85,1.11,,,,,,,,,22357626.0,83059.0,104.32,0.39,64129.0,0.3,,,tests performed,,0.0,0.0,,0.0,,,,,,,,,57.87,25.04,33.5,8.55,5.06,14103.45,3.4,177.96,8.11,10.1,17.9,,2.2,75.88,0.76,215313504.0,,,,,Brazil,South America,2.8351,0.0765,76.5103,2698.6937,0.0,0.0,25638.71,20999.57,20345.07,388.86,375.71,384.1,0.0,56.71,24.28
BRA,South America,Brazil,2020-11-21,5810652.0,0.0,25638.71,164737.0,0.0,388.86,27629.46,0.0,121.91,783.32,0.0,1.85,1.12,,,,,,,,,22528947.0,25259.0,105.12,0.12,62844.0,0.29,,,tests performed,,0.0,0.0,,0.0,,,,,,,,,57.87,25.04,33.5,8.55,5.06,14103.45,3.4,177.96,8.11,10.1,17.9,,2.2,75.88,0.76,215313504.0,,,,,Brazil,South America,2.8351,0.0765,76.5103,2698.6937,0.0,0.0,25638.71,20999.57,20345.07,388.86,375.71,384.1,0.0,56.71,24.28
BRA,South America,Brazil,2020-11-30,6238350.0,0.0,31169.43,171974.0,0.0,480.14,29663.15,0.0,148.21,817.73,0.0,2.28,1.12,,,,,,,,,23183521.0,,108.17,,78378.0,0.37,,,tests performed,,0.0,0.0,,0.0,,,,,,,,,60.65,25.04,33.5,8.55,5.06,14103.45,3.4,177.96,8.11,10.1,17.9,,2.2,75.88,0.76,215313504.0,165716.11,13.24,14.77,777.29,Brazil,South America,2.7567,0.0799,79.8714,2897.3334,0.0,0.0,31169.43,30549.86,29489.8,480.14,516.93,516.77,0.0,4.14,42.27
BRA,South America,Brazil,2020-12-16,6836227.0,0.0,43179.86,180437.0,0.0,639.0,32506.03,0.0,205.32,857.97,0.0,3.04,1.07,,,,,,,,,26765768.0,44786.0,124.88,0.21,76323.0,0.36,,,tests performed,,0.0,0.0,,0.0,,,,,,,,,64.35,25.04,33.5,8.55,5.06,14103.45,3.4,177.96,8.11,10.1,17.9,,2.2,75.88,0.76,215313504.0,,,,,Brazil,South America,2.6394,0.0838,83.802,3175.0108,0.0,0.0,43179.86,42705.5,34185.83,639.0,604.5,523.33,0.0,2.25,68.42
BRA,South America,Brazil,2020-12-27,7448560.0,285582.0,40797.43,190488.0,4838.0,691.14,35417.66,1357.93,193.99,905.76,23.0,3.29,1.03,,,,,,,,,27480401.0,16039.0,128.22,0.08,55472.0,0.26,,,tests performed,,0.0,0.0,,0.0,,,,,,,,,64.35,25.04,33.5,8.55,5.06,14103.45,3.4,177.96,8.11,10.1,17.9,,2.2,75.88,0.76,215313504.0,,,,,Brazil,South America,2.5574,0.0885,88.4701,3459.4022,0.0,0.0,40797.43,43738.07,47613.2,691.14,717.93,729.17,-12.6,-12.6,36.31
BRA,South America,Brazil,2020-12-30,7448560.0,0.0,40797.43,190488.0,0.0,691.14,35417.66,0.0,193.99,905.76,0.0,3.29,1.04,,,,,,,,,29170573.0,103563.0,136.1,0.48,274877.0,1.28,,,tests performed,,0.0,0.0,,0.0,,,,,,,,,64.35,25.04,33.5,8.55,5.06,14103.45,3.4,177.96,8.11,10.1,17.9,,2.2,75.88,0.76,215313504.0,,,,,Brazil,South America,2.5574,0.0885,88.4701,3459.4022,0.0,0.0,40797.43,43738.07,40340.33,691.14,717.93,617.13,0.0,-12.6,30.89
BRA,South America,Brazil,2021-01-18,8393492.0,0.0,54254.86,208246.0,0.0,969.43,39910.78,0.0,257.98,990.2,0.0,4.61,1.05,,,,,,,,,30334083.0,89088.0,141.53,0.42,73604.0,0.34,,,tests performed,1109.0,1109.0,0.0,,997.0,997.0,0.0,0.0,,,5.0,997.0,0.0,72.69,25.04,33.5,8.55,5.06,14103.45,3.4,177.96,8.11,10.1,17.9,,2.2,75.88,0.76,215313504.0,,,,,Brazil,South America,2.481,0.0967,96.7176,3898.2655,0.0005,0.0,54254.86,49493.86,51908.83,969.43,916.79,926.97,0.0,21.29,25.65
BRA,South America,Brazil,2021-02-06,9118513.0,0.0,52084.71,222666.0,0.0,1060.43,43358.23,0.0,247.66,1058.77,0.0,5.04,1.01,,,,,,,,,,,,,14544.0,0.07,,,tests performed,3553681.0,3534004.0,19677.0,,152298.0,215308.0,1.65,1.64,0.01,,1000.0,212497.0,0.1,69.91,25.04,33.5,8.55,5.06,14103.45,3.4,177.96,8.11,10.1,17.9,,2.2,75.88,0.76,215313504.0,,,,,Brazil,South America,2.4419,0.1034,103.4148,4234.9935,1.6413,0.0091,52084.71,51787.21,47264.5,1060.43,1030.0,908.5,0.0,1.16,44.67
BRA,South America,Brazil,2021-02-16,9765455.0,0.0,45470.0,237489.0,0.0,1065.0,46434.41,0.0,216.21,1129.25,0.0,5.06,1.03,,,,,,,,,33767865.0,26565.0,157.55,0.12,58959.0,0.28,,,tests performed,5883539.0,5326007.0,557532.0,,273602.0,251887.0,2.73,2.47,0.26,,1170.0,179476.0,0.08,73.61,25.04,33.5,8.55,5.06,14103.45,3.4,177.96,8.11,10.1,17.9,,2.2,75.88,0.76,215313504.0,,,,,Brazil,South America,2.4319,0.1103,110.2992,4535.4587,2.4736,0.2589,45470.0,46210.14,45732.1,1065.0,1058.79,974.77,0.0,-3.15,-16.19
BRA,South America,Brazil,2021-03-04,10455630.0,0.0,53422.0,252835.0,0.0,1152.86,49716.17,0.0,254.02,1202.22,0.0,5.48,1.08,,,,,,,,,36898125.0,105338.0,172.16,0.49,348260.0,1.62,,,tests performed,10169160.0,7701146.0,2468014.0,,429484.0,295339.0,4.72,3.58,1.15,,1372.0,193482.0,0.09,67.13,25.04,33.5,8.55,5.06,14103.45,3.4,177.96,8.11,10.1,17.9,,2.2,75.88,0.76,215313504.0,,,,,Brazil,South America,2.4182,0.1174,117.4264,4856.0029,3.5767,1.1462,53422.0,49298.21,44570.57,1152.86,1096.14,1005.63,0.0,18.26,2.57
BRA,South America,Brazil,2021-03-14,11363380.0,494153.0,70593.29,275105.0,12335.0,1762.14,54032.5,2349.68,335.67,1308.12,58.65,8.38,1.07,,,,,,,,,37823393.0,36917.0,176.48,0.17,102584.0,0.48,,,tests performed,13286664.0,9718209.0,3568455.0,,62935.0,334036.0,6.17,4.51,1.66,,1551.0,212934.0,0.1,67.13,25.04,33.5,8.55,5.06,14103.45,3.4,177.96,8.11,10.1,17.9,,2.2,75.88,0.76,215313504.0,,,,,Brazil,South America,2.421,0.1278,127.7695,5277.5975,4.5135,1.6573,70593.29,64839.29,63873.83,1762.14,1590.71,1502.37,19.48,19.48,50.36
BRA,South America,Brazil,2021-04-06,12910082.0,0.0,72238.29,328206.0,0.0,3013.43,61387.01,0.0,343.49,1560.61,0.0,14.33,1.0,,,,,,,,,42419408.0,69838.0,197.92,0.33,64047.0,0.3,,,tests performed,26736003.0,20850120.0,5885883.0,,1077471.0,683680.0,12.42,9.68,2.73,,3175.0,550705.0,0.26,70.83,25.04,33.5,8.55,5.06,14103.45,3.4,177.96,8.11,10.1,17.9,,2.2,75.88,0.76,215313504.0,,,,,Brazil,South America,2.5422,0.1524,152.4317,5995.9463,9.6836,2.7336,72238.29,74192.29,68028.5,3013.43,2706.57,2181.2,0.0,-5.13,22.26
BRA,South America,Brazil,2021-04-10,12910082.0,0.0,72238.29,328206.0,0.0,3013.43,61387.01,0.0,343.49,1560.61,0.0,14.33,0.99,,,,,,,,,,,,,77124.0,0.36,,,tests performed,30084664.0,23097172.0,6987492.0,,540086.0,787028.0,13.97,10.73,3.25,,3655.0,553547.0,0.26,70.83,25.04,33.5,8.55,5.06,14103.45,3.4,177.96,8.11,10.1,17.9,,2.2,75.88,0.76,215313504.0,,,,,Brazil,South America,2.5422,0.1524,152.4317,5995.9463,10.7272,3.2453,72238.29,74192.29,68028.5,3013.43,2706.57,2181.2,0.0,-5.13,22.26
BRA,South America,Brazil,2021-04-14,13373174.0,0.0,66156.0,348718.0,0.0,2930.29,63589.0,0.0,314.57,1658.14,0.0,13.93,0.98,,,,,,,,,42986801.0,22130.0,200.57,0.1,56427.0,0.26,,,tests performed,33148388.0,24996380.0,8152008.0,,931183.0,786330.0,15.4,11.61,3.79,,3652.0,493985.0,0.23,70.83,25.04,33.5,8.55,5.06,14103.45,3.4,177.96,8.11,10.1,17.9,,2.2,75.88,0.76,215313504.0,,,,,Brazil,South America,2.6076,0.162,161.9583,6211.0243,11.6093,3.7861,66156.0,69197.14,66993.13,2930.29,2971.86,2453.77,0.0,-8.42,-6.29
BRA,South America,Brazil,2021-04-17,13373174.0,0.0,66156.0,348718.0,0.0,2930.29,63589.0,0.0,314.57,1658.14,0.0,13.93,0.98,,,,,,,,,43172148.0,19497.0,201.43,0.09,54530.0,0.25,,,tests performed,35603882.0,26085155.0,9518727.0,,610434.0,788460.0,16.54,12.11,4.42,,3662.0,426855.0,0.2,70.83,25.04,33.5,8.55,5.06,14103.45,3.4,177.96,8.11,10.1,17.9,,2.2,75.88,0.76,215313504.0,,,,,Brazil,South America,2.6076,0.162,161.9583,6211.0243,12.115,4.4209,66156.0,69197.14,66993.13,2930.29,2971.86,2453.77,0.0,-8.42,-6.29
BRA,South America,Brazil,2021-05-02,14659011.0,421933.0,60276.14,403781.0,17365.0,2480.71,69703.11,2006.28,286.61,1919.96,82.57,11.8,1.0,,,,,,,,,46437617.0,2446143.0,216.67,11.41,413969.0,1.93,,,tests performed,47755613.0,31884404.0,15871209.0,,92087.0,875551.0,22.18,14.81,7.37,,4066.0,406130.0,0.19,60.65,25.04,33.5,8.55,5.06,14103.45,3.4,177.96,8.11,10.1,17.9,,2.2,75.88,0.76,215313504.0,,,,,Brazil,South America,2.7545,0.1875,187.5317,6808.2172,14.8084,7.3712,60276.14,59039.71,75153.23,2480.71,2502.29,3222.3,4.28,4.28,-20.84
BRA,South America,Brazil,2021-05-06,14659011.0,0.0,60276.14,403781.0,0.0,2480.71,69703.11,0.0,286.61,1919.96,0.0,11.8,1.01,,,,,,,,,46675867.0,52418.0,217.78,0.24,407816.0,1.9,,,tests performed,51624587.0,34271192.0,17353395.0,,1048363.0,742628.0,23.98,15.92,8.06,,3449.0,432500.0,0.2,56.94,25.04,33.5,8.55,5.06,14103.45,3.4,177.96,8.11,10.1,17.9,,2.2,75.88,0.76,215313504.0,,,,,Brazil,South America,2.7545,0.1875,187.5317,6808.2172,15.9169,8.0596,60276.14,59039.71,58297.63,2480.71,2502.29,2519.17,0.0,4.28,-16.56
BRA,South America,Brazil,2021-05-29,15970949.0,0.0,64489.14,446309.0,0.0,1954.43,75941.34,0.0,306.64,2122.18,0.0,9.29,1.01,,,,,,,,,49403998.0,19636.0,230.51,0.09,51014.0,0.24,,,tests performed,67761958.0,45604680.0,22157278.0,,402666.0,757468.0,31.47,21.18,10.29,,3518.0,531810.0,0.25,66.2,25.04,33.5,8.55,5.06,14103.45,3.4,177.96,8.11,10.1,17.9,,2.2,75.88,0.76,215313504.0,,,,,Brazil,South America,2.7945,0.2073,207.2833,7417.5324,21.1806,10.2907,64489.14,63464.29,57795.7,1954.43,1942.5,1996.43,0.0,3.28,11.57
BRA,South America,Brazil,2021-06-06,16841408.0,449478.0,64211.14,470842.0,11797.0,1685.29,80080.34,2137.25,305.32,2238.84,56.09,8.01,1.01,,,,,,,,,49939952.0,61008.0,233.01,0.28,75694.0,0.35,,,tests performed,72811509.0,49685501.0,23126008.0,,224559.0,705253.0,33.82,23.08,10.74,,3275.0,571506.0,0.26,66.2,25.04,33.5,8.55,5.06,14103.45,3.4,177.96,8.11,10.1,17.9,,2.2,75.88,0.76,215313504.0,,,,,Brazil,South America,2.7957,0.2187,218.6774,7821.8076,23.0759,10.7406,64211.14,62175.64,72746.57,1685.29,1752.36,2235.37,6.77,6.77,6.53
BRA,South America,Brazil,2021-06-21,17801462.0,0.0,72192.0,498499.0,0.0,2037.71,84645.36,0.0,343.27,2370.35,0.0,9.69,0.98,,,,,,,,,52820657.0,,246.45,,283540.0,1.32,,,tests performed,90013336.0,65421825.0,24591511.0,,1443113.0,1348000.0,41.81,30.38,11.42,,6261.0,1252063.0,0.58,60.65,25.04,33.5,8.55,5.06,14103.45,3.4,177.96,8.11,10.1,17.9,,2.2,75.88,0.76,215313504.0,,,,,Brazil,South America,2.8003,0.2315,231.5224,8267.6942,30.3845,11.4213,72192.0,68575.29,76064.57,2037.71,1975.5,2195.7,0.0,11.14,15.62
BRA,South America,Brazil,2021-07-01,18322760.0,0.0,74471.14,511142.0,0.0,1806.14,87124.12,0.0,354.11,2430.46,0.0,8.59,0.92,,,,,,,,,53971507.0,644033.0,251.82,3.0,130523.0,0.61,,,tests performed,102561737.0,76284848.0,26949200.0,,1394275.0,1177080.0,47.63,35.43,12.52,,5467.0,1024475.0,0.48,60.65,25.04,33.5,8.55,5.06,14103.45,3.4,177.96,8.11,10.1,17.9,,2.2,75.88,0.76,215313504.0,,,,,Brazil,South America,2.7897,0.2374,237.3943,8509.8053,35.4297,12.5163,74471.14,73331.57,64361.0,1806.14,1921.93,1736.57,0.0,3.16,23.83
BRA,South America,Brazil,2021-07-12,19020499.0,0.0,47575.71,531688.0,0.0,1390.86,90441.84,0.0,226.22,2528.16,0.0,6.61,0.91,,,,,,,,,54472957.0,70708.0,254.16,0.33,46585.0,0.22,,,tests performed,115654260.0,87264587.0,31003288.0,,1304132.0,1279662.0,53.71,40.53,14.4,,5943.0,1061304.0,0.49,56.94,25.04,33.5,8.55,5.06,14103.45,3.4,177.96,8.11,10.1,17.9,,2.2,75.88,0.76,215313504.0,,,,,Brazil,South America,2.7953,0.2469,246.9367,8833.8626,40.5291,14.3991,47575.71,49838.5,72636.37,1390.86,1467.57,2028.2,0.0,-8.69,-25.91
BRA,South America,Brazil,2021-07-20,19308109.0,0.0,41087.14,540398.0,0.0,1244.29,91809.41,0.0,195.37,2569.57,0.0,5.92,0.93,,,,,,,,,54786381.0,42891.0,255.62,0.2,37683.0,0.18,,,tests performed,126315897.0,95101845.0,35053766.0,,1882101.0,1308784.0,58.67,44.17,16.28,,6079.0,959447.0,0.45,56.94,25.04,33.5,8.55,5.06,14103.45,3.4,177.96,8.11,10.1,17.9,,2.2,75.88,0.76,215313504.0,,,,,Brazil,South America,2.7988,0.251,250.9819,8967.4399,44.169,16.2803,41087.14,44331.43,50221.57,1244.29,1317.57,1396.63,0.0,-13.64,-43.09
BRA,South America,Brazil,2021-07-31,19632443.0,0.0,46333.43,548340.0,0.0,1134.57,93351.62,0.0,220.31,2607.34,0.0,5.4,0.92,,,,,,,,,,,,,33188.0,0.16,,,tests performed,142301917.0,105083580.0,41507968.0,,982290.0,1355675.0,66.09,48.8,19.28,,6296.0,813118.0,0.38,56.94,25.04,33.5,8.55,5.06,14103.45,3.4,177.96,8.11,10.1,17.9,,2.2,75.88,0.76,215313504.0,588347.1,27.03,26.23,2745.1,Brazil,South America,2.793,0.2547,254.6705,9118.0732,48.8049,19.2779,46333.43,43710.29,43656.1,1134.57,1189.43,1239.93,0.0,12.77,-37.78
BRA,South America,Brazil,2021-08-19,20319000.0,0.0,30036.29,567862.0,0.0,871.43,96616.17,0.0,142.82,2700.16,0.0,4.14,0.92,,,,,,,,,,,,,81319.0,0.38,,,tests performed,174263122.0,125160916.0,53680684.0,,2521973.0,1941268.0,80.93,58.13,24.93,,9016.0,1197177.0,0.56,51.39,25.04,33.5,8.55,5.06,14103.45,3.4,177.96,8.11,10.1,17.9,,2.2,75.88,0.76,215313504.0,,,,,Brazil,South America,2.7947,0.2637,263.7373,9436.9371,58.1296,24.9314,30036.29,31337.64,33696.37,871.43,885.86,915.47,0.0,-7.97,-26.9
BRA,South America,Brazil,2021-09-09,20856060.0,0.0,21736.29,582670.0,0.0,620.57,99169.88,0.0,103.36,2770.58,0.0,2.95,0.96,,,,,,,,,,,,,36747.0,0.17,,,tests performed,207509808.0,141565747.0,70594540.0,37195.0,2213763.0,1338203.0,96.38,65.75,32.79,0.02,6215.0,524006.0,0.24,56.68,25.04,33.5,8.55,5.06,14103.45,3.4,177.96,8.11,10.1,17.9,,2.2,75.88,0.76,215313504.0,,,,,Brazil,South America,2.7938,0.2706,270.6147,9686.3688,65.7487,32.7869,21736.29,23425.79,24910.47,620.57,654.21,696.93,0.0,-13.45,-33.4
BRA,South America,Brazil,2021-09-20,21080219.0,0.0,15052.71,589573.0,0.0,532.43,100235.74,0.0,71.58,2803.4,0.0,2.53,1.02,,,,,,,,,,,,,2074.0,0.01,,,tests performed,223781527.0,146923305.0,81250428.0,334020.0,1199847.0,1511113.0,103.93,68.24,37.74,0.16,7018.0,498508.0,0.23,56.23,25.04,33.5,8.55,5.06,14103.45,3.4,177.96,8.11,10.1,17.9,,2.2,75.88,0.76,215313504.0,,,,,Brazil,South America,2.7968,0.2738,273.8207,9790.477,68.2369,37.7359,15052.71,16011.36,25373.97,532.43,493.07,723.7,0.0,-11.3,-49.88
BRA,South America,Brazil,2021-10-13,21550730.0,0.0,15011.29,600425.0,0.0,457.14,102473.01,0.0,71.38,2855.0,0.0,2.17,0.89,,,,,,,,,,,,,463694.0,2.16,,,tests performed,254426529.0,154798792.0,100864092.0,3545399.0,865371.0,1052782.0,118.17,71.89,46.85,1.65,4890.0,212667.0,0.1,55.38,25.04,33.5,8.55,5.06,14103.45,3.4,177.96,8.11,10.1,17.9,,2.2,75.88,0.76,215313504.0,,,,,Brazil,South America,2.7861,0.2789,278.8608,10009.0006,71.8946,46.8452,15011.29,15936.71,19196.0,457.14,483.0,485.97,0.0,-10.98,-11.54
BRA,South America,Brazil,2021-10-17,21627476.0,76746.0,10963.71,602669.0,2244.0,320.57,102837.93,364.92,52.13,2865.67,10.67,1.52,0.91,,,,,,,,,,,,,165126.0,0.77,,,tests performed,260683274.0,156420266.0,104630777.0,4428544.0,525409.0,1219084.0,121.07,72.65,48.59,2.06,5662.0,303935.0,0.14,55.22,25.04,33.5,8.55,5.06,14103.45,3.4,177.96,8.11,10.1,17.9,,2.2,75.88,0.76,215313504.0,,,,,Brazil,South America,2.7866,0.2799,279.903,10044.6445,72.6477,48.5946,10963.71,12987.5,21754.2,320.57,388.86,560.77,-26.96,-26.96,-35.39
BRA,South America,Brazil,2021-11-03,21793401.0,0.0,11651.14,607462.0,0.0,331.86,103626.9,0.0,55.4,2888.46,0.0,1.58,0.95,,,,,,,,,,,,,4147.0,0.02,,,tests performed,281228625.0,159792323.0,117020085.0,9256939.0,1047425.0,827453.0,130.61,74.21,54.35,4.3,3843.0,128810.0,0.06,45.43,25.04,33.5,8.55,5.06,14103.45,3.4,177.96,8.11,10.1,17.9,,2.2,75.88,0.76,215313504.0,,,,,Brazil,South America,2.7874,0.2821,282.1291,10121.7065,74.2138,54.3487,11651.14,11851.79,11591.67,331.86,342.36,341.23,0.0,-3.33,-30.9
BRA,South America,Brazil,2021-11-08,21862458.0,0.0,9865.29,609060.0,0.0,228.29,103955.27,0.0,46.91,2896.06,0.0,1.08,0.96,,,,,,,,,64755932.0,,302.14,,508.0,0.0,,,tests performed,287531811.0,160971992.0,120880423.0,10547189.0,1588687.0,1081796.0,133.54,74.76,56.14,4.9,5024.0,191502.0,0.09,45.26,25.04,33.5,8.55,5.06,14103.45,3.4,177.96,8.11,10.1,17.9,,2.2,75.88,0.76,215313504.0,,,,,Brazil,South America,2.7859,0.2829,282.8712,10153.7793,74.7617,56.1416,9865.29,10758.21,13893.57,228.29,280.07,394.5,0.0,-15.33,-41.49
BRA,South America,Brazil,2021-12-05,22129409.0,61779.0,8825.57,615400.0,1443.0,206.14,105224.6,293.76,41.96,2926.21,6.86,0.98,0.96,,,,,,,,,,,,,15281.0,0.07,,,tests performed,314612221.0,164589731.0,136905306.0,18014777.0,161441.0,1004119.0,146.12,76.44,63.58,8.37,4664.0,129284.0,0.06,50.13,25.04,33.5,8.55,5.06,14103.45,3.4,177.96,8.11,10.1,17.9,,2.2,75.88,0.76,215313504.0,,,,,Brazil,South America,2.7809,0.2858,285.8158,10277.7618,76.4419,63.5842,8825.57,9006.57,11200.27,206.14,216.43,264.6,-3.94,-3.94,-24.25
BRA,South America,Brazil,2022-01-18,22927203.0,0.0,68140.14,620796.0,0.0,139.14,109018.09,0.0,324.0,2951.86,0.0,0.66,1.57,,,,,,,,,66120342.0,,308.5,,850.0,0.0,,,tests performed,348164653.0,167385859.0,147536850.0,38204173.0,835382.0,1501355.0,161.7,77.74,68.52,17.74,6973.0,88029.0,0.04,38.49,25.04,33.5,8.55,5.06,14103.45,3.4,177.96,8.11,10.1,17.9,,2.2,75.88,0.76,215313504.0,,,,,Brazil,South America,2.7077,0.2883,288.3219,10648.2885,77.7405,68.5219,68140.14,45691.57,23939.43,139.14,124.29,106.5,0.0,193.16,1871.32
BRA,South America,Brazil,2022-01-21,22927203.0,0.0,68140.14,620796.0,0.0,139.14,109018.09,0.0,324.0,2951.86,0.0,0.66,1.5,,,,,,,,,,,,,35018.0,0.16,,,tests performed,351485976.0,167875050.0,148225622.0,40368648.0,856708.0,1642430.0,163.24,77.97,68.84,18.75,7628.0,143529.0,0.07,38.44,25.04,33.5,8.55,5.06,14103.45,3.4,177.96,8.11,10.1,17.9,,2.2,75.88,0.76,215313504.0,,,,,Brazil,South America,2.7077,0.2883,288.3219,10648.2885,77.9677,68.8418,68140.14,45691.57,23939.43,139.14,124.29,106.5,0.0,193.16,1871.32
BRA,South America,Brazil,2022-01-23,23751782.0,824579.0,117797.0,622563.0,1767.0,252.43,112938.94,3920.85,560.12,2960.27,8.4,1.2,1.45,,,,,,,,,,,,,57930.0,0.27,,,tests performed,352952210.0,168090877.0,148571660.0,41273385.0,207305.0,1371363.0,163.92,78.07,69.0,19.17,6369.0,142532.0,0.07,38.42,25.04,33.5,8.55,5.06,14103.45,3.4,177.96,8.11,10.1,17.9,,2.2,75.88,0.76,215313504.0,,,,,Brazil,South America,2.6211,0.2891,289.1426,11031.2552,78.068,69.0025,117797.0,92968.57,51425.4,252.43,195.79,165.4,72.87,72.87,3307.92
BRA,South America,Brazil,2022-02-07,26275831.0,0.0,177289.29,630494.0,0.0,658.57,124940.7,0.0,843.0,2997.98,0.0,3.13,1.06,,,,,,,,,,,,,70143.0,0.33,,,tests performed,370659862.0,172652514.0,150995915.0,52053080.0,1138791.0,1165236.0,172.15,80.19,70.13,24.18,5412.0,332913.0,0.16,38.08,25.04,33.5,8.55,5.06,14103.45,3.4,177.96,8.11,10.1,17.9,,2.2,75.88,0.76,215313504.0,,,,,Brazil,South America,2.3995,0.2928,292.826,12203.5221,80.1866,70.1284,177289.29,180289.21,132943.67,658.57,566.5,381.27,0.0,-3.27,2085.52
BRA,South America,Brazil,2022-03-27,29802257.0,229145.0,32735.0,658566.0,1768.0,252.57,141708.75,1089.58,155.65,3131.46,8.41,1.2,0.82,,,,,,,,,,,,,,,,,,411548202.0,180800024.0,159842858.0,76020080.0,432005.0,587488.0,191.14,83.97,74.24,35.31,2729.0,62843.0,0.03,34.62,25.04,33.5,8.55,5.06,14103.45,3.4,177.96,8.11,10.1,17.9,,2.2,75.88,0.76,215313504.0,,,,,Brazil,South America,2.2098,0.3059,305.8638,13841.332,83.9706,74.2373,32735.0,35510.21,58113.17,252.57,286.43,517.9,-14.5,-14.5,-70.37
BRA,South America,Brazil,2022-04-23,30247302.0,0.0,17619.86,661907.0,0.0,112.14,143824.92,0.0,83.78,3147.35,0.0,0.53,0.94,,,,,,,,,,,,,,,,,,426683997.0,182395741.0,163322265.0,86180459.0,0.0,397163.0,198.17,84.71,75.85,40.03,1845.0,63866.0,0.03,29.44,25.04,33.5,8.55,5.06,14103.45,3.4,177.96,8.11,10.1,17.9,,2.2,75.88,0.76,215313504.0,,,,,Brazil,South America,2.1883,0.3074,307.4155,14048.0283,84.7117,75.8532,17619.86,19438.36,22473.0,112.14,136.07,170.3,0.0,-17.11,-53.98
BRA,South America,Brazil,2022-05-04,30433042.0,0.0,13477.86,663410.0,0.0,121.86,144708.11,0.0,64.09,3154.49,0.0,0.58,1.04,,,,,,,,,,,,,,,,,,430951275.0,182778371.0,164385393.0,89015754.0,515942.0,396000.0,200.15,84.89,76.35,41.34,1839.0,36942.0,0.02,29.33,25.04,33.5,8.55,5.06,14103.45,3.4,177.96,8.11,10.1,17.9,,2.2,75.88,0.76,215313504.0,,,,,Brazil,South America,2.1799,0.3081,308.1135,14134.2932,84.8894,76.347,13477.86,13267.14,15262.57,121.86,107.36,113.6,0.0,3.23,-45.44
BRA,South America,Brazil,2022-05-10,30543908.0,0.0,15838.0,664091.0,0.0,97.29,145235.27,0.0,75.31,3157.73,0.0,0.46,1.08,,,,,,,,,,,,,,,,,,432639345.0,182912971.0,164719113.0,90239407.0,284529.0,314859.0,200.93,84.95,76.5,41.91,1462.0,29335.0,0.01,29.29,25.04,33.5,8.55,5.06,14103.45,3.4,177.96,8.11,10.1,17.9,,2.2,75.88,0.76,215313504.0,,,,,Brazil,South America,2.1742,0.3084,308.4298,14185.7837,84.9519,76.502,15838.0,14657.93,13998.17,97.29,109.57,98.97,0.0,17.51,-25.49
BRA,South America,Brazil,2022-05-16,30664739.0,0.0,17261.57,664780.0,0.0,98.43,145809.81,0.0,82.08,3161.01,0.0,0.47,1.12,,,,,,,,,,,,,,,,,,435312095.0,183142928.0,165182832.0,92236350.0,68672.0,422468.0,202.18,85.06,76.72,42.84,1962.0,35367.0,0.02,29.25,25.04,33.5,8.55,5.06,14103.45,3.4,177.96,8.11,10.1,17.9,,2.2,75.88,0.76,215313504.0,,,,,Brazil,South America,2.1679,0.3087,308.7498,14241.9024,85.0587,76.7174,17261.57,16549.79,18025.87,98.43,97.86,121.93,0.0,8.99,-18.8
BRA,South America,Brazil,2022-05-22,30762413.0,97674.0,13953.43,665493.0,713.0,101.86,146274.25,464.44,66.35,3164.4,3.39,0.48,1.22,,,,,,,,,,,,,,,,,,,183256110.0,165518807.0,,0.0,319737.0,,,,,1485.0,29956.0,0.01,29.21,25.04,33.5,8.55,5.06,14103.45,3.4,177.96,8.11,10.1,17.9,,2.2,75.88,0.76,215313504.0,,,,,Brazil,South America,2.1633,0.3091,309.0809,14287.266,85.1113,76.8734,13953.43,15607.5,17170.37,101.86,100.14,119.53,-19.16,-19.16,-20.81
BRA,South America,Brazil,2022-06-23,31673375.0,0.0,36576.29,668916.0,0.0,136.57,150605.84,0.0,173.92,3180.67,0.0,0.65,1.23,,,,,,,,,,,,,,,,,,451276207.0,184537975.0,168547546.0,103497533.0,428440.0,320246.0,209.59,85.71,78.28,48.07,1487.0,17104.0,0.01,27.45,25.04,33.5,8.55,5.06,14103.45,3.4,177.96,8.11,10.1,17.9,,2.2,75.88,0.76,215313504.0,,,,,Brazil,South America,2.1119,0.3107,310.6707,14710.3523,85.7066,78.2801,36576.29,38278.29,30365.4,136.57,138.93,114.1,0.0,-8.51,162.13
BRA,South America,Brazil,2022-06-25,31673375.0,0.0,36576.29,668916.0,0.0,136.57,150605.84,0.0,173.92,3180.67,0.0,0.65,1.21,,,,,,,,,,,,,,,,,,451645589.0,184554559.0,168570301.0,103828829.0,4186.0,336285.0,209.76,85.71,78.29,48.22,1562.0,17531.0,0.01,27.45,25.04,33.5,8.55,5.06,14103.45,3.4,177.96,8.11,10.1,17.9,,2.2,75.88,0.76,215313504.0,,,,,Brazil,South America,2.1119,0.3107,310.6707,14710.3523,85.7143,78.2906,36576.29,38278.29,30365.4,136.57,138.93,114.1,0.0,-8.51,162.13
BRA,South America,Brazil,2022-07-01,32023166.0,0.0,49970.14,670229.0,0.0,187.57,152269.1,0.0,237.61,3186.92,0.0,0.89,1.15,,,,,,,,,,,,,,,,,,455499598.0,184737131.0,169070566.0,107015873.0,645419.0,551171.0,211.55,85.8,78.52,49.7,2560.0,26314.0,0.01,27.39,25.04,33.5,8.55,5.06,14103.45,3.4,177.96,8.11,10.1,17.9,,2.2,75.88,0.76,215313504.0,,,,,Brazil,South America,2.093,0.3113,311.2805,14872.8089,85.7991,78.523,49970.14,43273.21,36734.03,187.57,162.07,130.33,0.0,36.62,120.37
BRA,South America,Brazil,2022-07-07,32434063.0,0.0,58699.57,671700.0,0.0,210.14,154222.89,0.0,279.12,3193.91,0.0,1.0,1.07,,,,,,,,,,,,,,,,,,458043955.0,184864012.0,169334423.0,109183399.0,0.0,455682.0,212.73,85.86,78.65,50.71,2116.0,25874.0,0.01,27.36,25.04,33.5,8.55,5.06,14103.45,3.4,177.96,8.11,10.1,17.9,,2.2,75.88,0.76,215313504.0,,,,,Brazil,South America,2.071,0.312,311.9637,15063.6455,85.8581,78.6455,58699.57,54334.86,43219.47,210.14,198.86,157.63,0.0,17.47,89.94
BRA,South America,Brazil,2022-07-20,33250117.0,0.0,59896.14,675090.0,0.0,250.14,158103.2,0.0,284.8,3210.03,0.0,1.19,0.92,,,,,,,,,,,,,,,,,,,184976830.0,169680492.0,,0.0,446327.0,,,,,2073.0,21908.0,0.01,27.32,25.04,33.5,8.55,5.06,14103.45,3.4,177.96,8.11,10.1,17.9,,2.2,75.88,0.76,215313504.0,,,,,Brazil,South America,2.0303,0.3135,313.5382,15442.6529,85.9105,78.8062,59896.14,58289.57,52558.07,250.14,242.14,205.8,0.0,5.67,63.76
BRA,South America,Brazil,2022-07-25,33505727.0,0.0,36515.71,676486.0,0.0,199.43,159318.62,0.0,173.63,3216.67,0.0,0.95,0.89,,,,,,,,,,,,,,,,,,,185208286.0,170168354.0,,0.0,462161.0,,,,,2146.0,34306.0,0.02,25.72,25.04,33.5,8.55,5.06,14103.45,3.4,177.96,8.11,10.1,17.9,,2.2,75.88,0.76,215313504.0,,,,,Brazil,South America,2.019,0.3142,314.1865,15561.3681,86.018,79.0328,36515.71,48205.93,61078.4,199.43,224.79,252.33,0.0,-39.03,-0.17
BRA,South America,Brazil,2022-08-29,34368909.0,0.0,14953.14,683397.0,0.0,148.43,163423.02,0.0,71.1,3249.53,0.0,0.71,0.9,,,,,,,,,,,,,,,,,,470058345.0,186476296.0,171607294.0,117398187.0,1224322.0,236887.0,218.31,86.61,79.7,54.52,1100.0,42808.0,0.02,22.22,25.04,33.5,8.55,5.06,14103.45,3.4,177.96,8.11,10.1,17.9,,2.2,75.88,0.76,215313504.0,,,,,Brazil,South America,1.9884,0.3174,317.3963,15962.2636,86.6069,79.7011,14953.14,15769.86,28772.73,148.43,153.14,230.37,0.0,-9.85,-59.05
BRA,South America,Brazil,2022-09-01,34368909.0,0.0,14953.14,683397.0,0.0,148.43,163423.02,0.0,71.1,3249.53,0.0,0.71,0.9,,,,,,,,,,,,,,,,,,470483060.0,186542426.0,171709120.0,117655924.0,155656.0,248855.0,218.51,86.64,79.75,54.64,1156.0,23923.0,0.01,22.22,25.04,33.5,8.55,5.06,14103.45,3.4,177.96,8.11,10.1,17.9,,2.2,75.88,0.76,215313504.0,,,,,Brazil,South America,1.9884,0.3174,317.3963,15962.2636,86.6376,79.7484,14953.14,15769.86,19273.7,148.43,153.14,169.47,0.0,-9.85,-63.27
BRA,South America,Brazil,2022-10-03,34672524.0,0.0,6871.0,686036.0,0.0,40.86,164866.7,0.0,32.67,3262.08,0.0,0.19,1.04,,,,,,,,,,,,,,,,,,,187327659.0,172264693.0,,0.0,28820.0,,,,,134.0,7263.0,0.0,22.22,25.04,33.5,8.55,5.06,14103.45,3.4,177.96,8.11,10.1,17.9,,2.2,75.88,0.76,215313504.0,,,,,Brazil,South America,1.9786,0.3186,318.6219,16103.2742,87.0023,80.0065,6871.0,6674.21,10120.5,40.86,52.57,87.97,0.0,6.08,-54.05
BRA,South America,Brazil,2022-10-07,34672524.0,0.0,6871.0,686036.0,0.0,40.86,164866.7,0.0,32.67,3262.08,0.0,0.19,1.03,,,,,,,,,,,,,,,,,,473061343.0,187376439.0,172307814.0,118811893.0,0.0,9893.0,219.71,87.02,80.03,55.18,46.0,5420.0,0.0,22.22,25.04,33.5,8.55,5.06,14103.45,3.4,177.96,8.11,10.1,17.9,,2.2,75.88,0.76,215313504.0,,,,,Brazil,South America,1.9786,0.3186,318.6219,16103.2742,87.0249,80.0265,6871.0,6674.21,7212.63,40.86,52.57,59.13,0.0,6.08,-44.87
BRA,South America,Brazil,2022-10-11,34715137.0,0.0,6087.57,686803.0,0.0,109.57,165069.33,0.0,28.95,3265.72,0.0,0.52,1.06,,,,,,,,,,,,,,,,,,473062796.0,187377009.0,172308697.0,118811893.0,214.0,4447.0,219.71,87.03,80.03,55.18,21.0,2404.0,0.0,22.22,25.04,33.5,8.55,5.06,14103.45,3.4,177.96,8.11,10.1,17.9,,2.2,75.88,0.76,215313504.0,,,,,Brazil,South America,1.9784,0.319,318.9781,16123.0654,87.0252,80.0269,6087.57,6479.29,6613.27,109.57,75.21,66.33,0.0,-11.4,-29.67
BRA,South America,Brazil,2022-10-23,34780642.0,34180.0,4882.86,687527.0,383.0,54.71,165380.8,162.52,23.22,3269.17,1.82,0.26,1.13,,,,,,,,,,,,,,,,,,473101996.0,187385670.0,172339236.0,118811893.0,14.0,2879.0,219.73,87.03,80.04,55.18,13.0,41.0,0.0,22.22,25.04,33.5,8.55,5.06,14103.45,3.4,177.96,8.11,10.1,17.9,,2.2,75.88,0.76,215313504.0,,,,,Brazil,South America,1.9768,0.3193,319.3144,16153.4885,87.0292,80.0411,4882.86,4678.93,6718.57,54.71,51.71,74.23,9.11,9.11,-45.18
BRA,South America,Brazil,2022-11-05,34822227.0,0.0,5940.71,688080.0,0.0,79.0,165578.53,0.0,28.25,3271.8,0.0,0.38,1.13,,,,,,,,,,,,,,,,,,,187397453.0,172341149.0,,0.0,1939.0,,,,,9.0,1742.0,0.0,22.22,25.04,33.5,8.55,5.06,14103.45,3.4,177.96,8.11,10.1,17.9,,2.2,75.88,0.76,215313504.0,,,,,Brazil,South America,1.976,0.3196,319.5712,16172.8021,87.0347,80.042,5940.71,5411.79,4990.1,79.0,66.86,68.13,0.0,21.66,-13.54
BRA,South America,Brazil,2022-11-23,34999495.0,0.0,13042.43,688907.0,0.0,35.86,166421.44,0.0,62.02,3275.73,0.0,0.17,1.46,,,,,,,,,,,,,,,,,,473459811.0,187678650.0,172683198.0,118811893.0,534.0,1259.0,219.89,87.17,80.2,55.18,6.0,0.0,0.0,22.22,25.04,33.5,8.55,5.06,14103.45,3.4,177.96,8.11,10.1,17.9,,2.2,75.88,0.76,215313504.0,,,,,Brazil,South America,1.9683,0.32,319.9553,16255.1323,87.1653,80.2008,13042.43,10745.14,7295.1,35.86,41.07,46.0,0.0,54.39,167.11
BRA,South America,Brazil,2022-12-08,35337546.0,0.0,26863.29,690074.0,0.0,90.29,168028.86,0.0,127.73,3281.28,0.0,0.43,1.4,,,,,,,,,,,,,,,,,,,188104952.0,174189194.0,,0.0,21128.0,,,,,98.0,6167.0,0.0,22.22,25.04,33.5,8.55,5.06,14103.45,3.4,177.96,8.11,10.1,17.9,,2.2,75.88,0.76,215313504.0,,,,,Brazil,South America,1.9528,0.3205,320.4973,16412.1364,87.3633,80.9003,26863.29,24146.5,16282.77,90.29,83.36,58.07,0.0,25.36,600.71
BRA,South America,Brazil,2022-12-18,35869526.0,337810.0,48258.57,691810.0,1133.0,161.86,170558.4,1606.28,229.47,3289.53,5.39,0.77,1.22,,,,,,,,,,,,,,,,,,480155675.0,188522819.0,174847762.0,122517026.0,2024465.0,522904.0,223.0,87.56,81.21,56.9,2429.0,57826.0,0.03,22.22,25.04,33.5,8.55,5.06,14103.45,3.4,177.96,8.11,10.1,17.9,,2.2,75.88,0.76,215313504.0,,,,,Brazil,South America,1.9287,0.3213,321.3036,16659.2087,87.5574,81.2061,48258.57,37998.57,32044.27,161.86,124.0,105.13,73.98,73.98,471.25
BRA,South America,Brazil,2023-01-30,36791267.0,0.0,11202.29,696742.0,0.0,79.14,174941.25,0.0,53.27,3312.98,0.0,0.38,,,,,,,,,,,,,,,,,,,,189047050.0,175510697.0,,0.0,132792.0,,,,,617.0,13418.0,0.01,,25.04,33.5,8.55,5.06,14103.45,3.4,177.96,8.11,10.1,17.9,,2.2,75.88,0.76,215313504.0,,,,,Brazil,South America,1.8938,0.3236,323.5942,17087.3012,87.8008,81.514,11202.29,13809.43,22231.0,79.14,107.57,133.3,0.0,-31.76,-69.23
BRA,South America,Brazil,2023-02-17,36930339.0,0.0,9097.29,697662.0,0.0,45.29,175602.53,0.0,43.26,3317.36,0.0,0.22,,,,,,,,,,,,,,,,,,,484445913.0,189171357.0,175722993.0,125307501.0,3071.0,33203.0,225.0,87.86,81.61,58.2,154.0,5930.0,0.0,,25.04,33.5,8.55,5.06,14103.45,3.4,177.96,8.11,10.1,17.9,,2.2,75.88,0.76,215313504.0,,,,,Brazil,South America,1.8891,0.324,324.0215,17151.8917,87.8586,81.6126,9097.29,9933.71,11080.13,45.29,65.71,80.87,0.0,-15.53,-47.25
BRA,South America,Brazil,2023-02-20,36987682.0,0.0,8191.86,698047.0,0.0,55.0,175875.2,0.0,38.95,3319.19,0.0,0.26,,,,,,,,,,,,,,,,,,,484446127.0,189171452.0,175723112.0,125307501.0,43.0,8846.0,225.0,87.86,81.61,58.2,41.0,1292.0,0.0,,25.04,33.5,8.55,5.06,14103.45,3.4,177.96,8.11,10.1,17.9,,2.2,75.88,0.76,215313504.0,,,,,Brazil,South America,1.8872,0.3242,324.2003,17178.524,87.8586,81.6127,8191.86,8644.57,12991.57,55.0,50.14,93.7,0.0,-9.95,-52.5
BRA,South America,Brazil,2023-03-07,37076053.0,0.0,7931.71,699276.0,0.0,49.71,176295.4,0.0,37.72,3325.03,0.0,0.24,,,,,,,,,,,,,,,,,,,485268593.0,189394850.0,175899966.0,125731059.0,0.0,11394.0,225.38,87.96,81.69,58.39,53.0,2414.0,0.0,,25.04,33.5,8.55,5.06,14103.45,3.4,177.96,8.11,10.1,17.9,,2.2,75.88,0.76,215313504.0,,,,,Brazil,South America,1.8861,0.3248,324.7711,17219.567,87.9624,81.6948,7931.71,6312.21,6979.83,49.71,87.79,64.37,0.0,69.02,-26.35
BRA,South America,Brazil,2023-03-16,37085520.0,0.0,1352.43,699310.0,0.0,4.86,176340.42,0.0,6.43,3325.2,0.0,0.02,,,,,,,,,,,,,,,,,,,486240117.0,189603842.0,176110664.0,126284769.0,0.0,120926.0,225.83,88.06,81.79,58.65,562.0,26395.0,0.01,,25.04,33.5,8.55,5.06,14103.45,3.4,177.96,8.11,10.1,17.9,,2.2,75.88,0.76,215313504.0,,,,,Brazil,South America,1.8857,0.3248,324.7869,17223.9638,88.0594,81.7927,1352.43,4642.07,5172.7,4.86,27.29,54.93,0.0,-82.95,-85.13
BRA,South America,Brazil,2023-03-25,37145514.0,0.0,8570.57,699634.0,0.0,46.29,176625.69,0.0,40.75,3326.74,0.0,0.22,,,,,,,,,,,,,,,,,,,,189643431.0,176164186.0,,0.0,,,,,,,,,,25.04,33.5,8.55,5.06,14103.45,3.4,177.96,8.11,10.1,17.9,,2.2,75.88,0.76,215313504.0,,,,,Brazil,South America,1.8835,0.3249,324.9374,17251.8274,88.0778,81.8175,8570.57,4961.5,5261.07,46.29,25.57,52.9,0.0,533.72,4.62
BRA,South America,Brazil,2023-03-28,37204677.0,0.0,8451.86,699917.0,0.0,40.43,176907.02,0.0,40.19,3328.08,0.0,0.19,,,,,,,,,,,,,,,,,,,,189643431.0,176164186.0,,0.0,,,,,,,,,,25.04,33.5,8.55,5.06,14103.45,3.4,177.96,8.11,10.1,17.9,,2.2,75.88,0.76,215313504.0,,,,,Brazil,South America,1.8813,0.3251,325.0688,17279.305,88.0778,81.8175,8451.86,8511.21,6138.2,40.43,43.36,32.97,0.0,-1.39,80.11
BRA,South America,Brazil,2023-04-27,37407232.0,0.0,7020.0,701215.0,0.0,57.71,177870.14,0.0,33.38,3334.25,0.0,0.27,,,,,,,,,,,,,,,,,,,,189643431.0,176164186.0,,0.0,,,,,,,,,,25.04,33.5,8.55,5.06,14103.45,3.4,177.96,8.11,10.1,17.9,,2.2,75.88,0.76,215313504.0,,,,,Brazil,South America,1.8745,0.3257,325.6716,17373.3794,88.0778,81.8175,7020.0,6284.14,6751.83,57.71,47.07,43.27,0.0,26.53,-16.94
BRA,South America,Brazil,2023-05-02,37449418.0,0.0,6026.57,701494.0,0.0,39.86,178070.73,0.0,28.66,3335.58,0.0,0.19,,,,,,,,,,,,,,,,,,,,189643431.0,176164186.0,,0.0,,,,,,,,,,25.04,33.5,8.55,5.06,14103.45,3.4,177.96,8.11,10.1,17.9,,2.2,75.88,0.76,215313504.0,,,,,Brazil,South America,1.8732,0.3258,325.8012,17392.9722,88.0778,81.8175,6026.57,6523.29,6358.5,39.86,48.79,41.83,0.0,-14.15,-21.86
BRA,South America,Brazil,2023-05-06,37449418.0,0.0,6026.57,701494.0,0.0,39.86,178070.73,0.0,28.66,3335.58,0.0,0.19,,,,,,,,,,,,,,,,,,,,189643431.0,176164186.0,,0.0,,,,,,,,,,25.04,33.5,8.55,5.06,14103.45,3.4,177.96,8.11,10.1,17.9,,2.2,75.88,0.76,215313504.0,,,,,Brazil,South America,1.8732,0.3258,325.8012,17392.9722,88.0778,81.8175,6026.57,6523.29,6358.5,39.86,48.79,41.83,0.0,-14.15,-21.86
BRA,South America,Brazil,2023-05-08,37487971.0,0.0,5507.57,701833.0,0.0,48.43,178254.06,0.0,26.19,3337.19,0.0,0.23,,,,,,,,,,,,,,,,,,,,189643431.0,176164186.0,,0.0,,,,,,,,,,25.04,33.5,8.55,5.06,14103.45,3.4,177.96,8.11,10.1,17.9,,2.2,75.88,0.76,215313504.0,,,,,Brazil,South America,1.8722,0.326,325.9587,17410.8778,88.0778,81.8175,5507.57,5767.07,7643.6,48.43,44.14,53.13,0.0,-8.61,-28.59
BRA,South America,Brazil,2023-06-19,37511921.0,0.0,0.0,702116.0,0.0,0.0,178367.94,0.0,0.0,3338.54,0.0,0.0,,,,,,,,,,,,,,,,,,,,189643431.0,176164186.0,,0.0,,,,,,,,,,25.04,33.5,8.55,5.06,14103.45,3.4,177.96,8.11,10.1,17.9,,2.2,75.88,0.76,215313504.0,,,,,Brazil,South America,1.8717,0.3261,326.0901,17422.0011,88.0778,81.8175,0.0,0.0,0.0,0.0,0.0,0.0,0.0,0.0,-100.0
BRA,South America,Brazil,2023-07-05,37511921.0,0.0,0.0,702116.0,0.0,0.0,178367.94,0.0,0.0,3338.54,0.0,0.0,,,,,,,,,,,,,,,,,,,,189643431.0,176164186.0,,0.0,,,,,,,,,,25.04,33.5,8.55,5.06,14103.45,3.4,177.96,8.11,10.1,17.9,,2.2,75.88,0.76,215313504.0,,,,,Brazil,South America,1.8717,0.3261,326.0901,17422.0011,88.0778,81.8175,0.0,0.0,0.0,0.0,0.0,0.0,0.0,0.0,0.0
BRA,South America,Brazil,2023-07-10,37511921.0,0.0,0.0,702116.0,0.0,0.0,178367.94,0.0,0.0,3338.54,0.0,0.0,,,,,,,,,,,,,,,,,,,,189643431.0,176164186.0,,0.0,,,,,,,,,,25.04,33.5,8.55,5.06,14103.45,3.4,177.96,8.11,10.1,17.9,,2.2,75.88,0.76,215313504.0,,,,,Brazil,South America,1.8717,0.3261,326.0901,17422.0011,88.0778,81.8175,0.0,0.0,0.0,0.0,0.0,0.0,0.0,0.0,0.0
BRA,South America,Brazil,2023-08-17,37511921.0,0.0,0.0,702116.0,0.0,0.0,178367.94,0.0,0.0,3338.54,0.0,0.0,,,,,,,,,,,,,,,,,,,,189643431.0,176164186.0,,0.0,,,,,,,,,,25.04,33.5,8.55,5.06,14103.45,3.4,177.96,8.11,10.1,17.9,,2.2,75.88,0.76,215313504.0,,,,,Brazil,South America,1.8717,0.3261,326.0901,17422.0011,88.0778,81.8175,0.0,0.0,0.0,0.0,0.0,0.0,0.0,0.0,0.0
BRA,South America,Brazil,2023-09-13,37511921.0,0.0,0.0,702116.0,0.0,0.0,178367.94,0.0,0.0,3338.54,0.0,0.0,,,,,,,,,,,,,,,,,,,,189643431.0,176164186.0,,0.0,,,,,,,,,,25.04,33.5,8.55,5.06,14103.45,3.4,177.96,8.11,10.1,17.9,,2.2,75.88,0.76,215313504.0,,,,,Brazil,South America,1.8717,0.3261,326.0901,17422.0011,88.0778,81.8175,0.0,0.0,0.0,0.0,0.0,0.0,0.0,0.0,0.0
BRA,South America,Brazil,2023-09-21,37511921.0,0.0,0.0,702116.0,0.0,0.0,178367.94,0.0,0.0,3338.54,0.0,0.0,,,,,,,,,,,,,,,,,,,,189643431.0,176164186.0,,0.0,,,,,,,,,,25.04,33.5,8.55,5.06,14103.45,3.4,177.96,8.11,10.1,17.9,,2.2,75.88,0.76,215313504.0,,,,,Brazil,South America,1.8717,0.3261,326.0901,17422.0011,88.0778,81.8175,0.0,0.0,0.0,0.0,0.0,0.0,0.0,0.0,0.0
BRA,South America,Brazil,2023-10-04,37511921.0,0.0,0.0,702116.0,0.0,0.0,178367.94,0.0,0.0,3338.54,0.0,0.0,,,,,,,,,,,,,,,,,,,,189643431.0,176164186.0,,0.0,,,,,,,,,,25.04,33.5,8.55,5.06,14103.45,3.4,177.96,8.11,10.1,17.9,,2.2,75.88,0.76,215313504.0,,,,,Brazil,South America,1.8717,0.3261,326.0901,17422.0011,88.0778,81.8175,0.0,0.0,0.0,0.0,0.0,0.0,0.0,0.0,0.0
BRA,South America,Brazil,2023-10-05,37511921.0,0.0,0.0,702116.0,0.0,0.0,178367.94,0.0,0.0,3338.54,0.0,0.0,,,,,,,,,,,,,,,,,,,,189643431.0,176164186.0,,0.0,,,,,,,,,,25.04,33.5,8.55,5.06,14103.45,3.4,177.96,8.11,10.1,17.9,,2.2,75.88,0.76,215313504.0,,,,,Brazil,South America,1.8717,0.3261,326.0901,17422.0011,88.0778,81.8175,0.0,0.0,0.0,0.0,0.0,0.0,0.0,0.0,0.0
BRA,South America,Brazil,2023-10-19,37511921.0,0.0,0.0,702116.0,0.0,0.0,178367.94,0.0,0.0,3338.54,0.0,0.0,,,,,,,,,,,,,,,,,,,,189643431.0,176164186.0,,0.0,,,,,,,,,,25.04,33.5,8.55,5.06,14103.45,3.4,177.96,8.11,10.1,17.9,,2.2,75.88,0.76,215313504.0,,,,,Brazil,South America,1.8717,0.3261,326.0901,17422.0011,88.0778,81.8175,0.0,0.0,0.0,0.0,0.0,0.0,0.0,0.0,0.0
BRA,South America,Brazil,2023-10-29,37511921.0,0.0,0.0,702116.0,0.0,0.0,178367.94,0.0,0.0,3338.54,0.0,0.0,,,,,,,,,,,,,,,,,,,,189643431.0,176164186.0,,0.0,,,,,,,,,,25.04,33.5,8.55,5.06,14103.45,3.4,177.96,8.11,10.1,17.9,,2.2,75.88,0.76,215313504.0,,,,,Brazil,South America,1.8717,0.3261,326.0901,17422.0011,88.0778,81.8175,0.0,0.0,0.0,0.0,0.0,0.0,0.0,0.0,0.0
BRA,South America,Brazil,2023-11-01,37511921.0,0.0,0.0,702116.0,0.0,0.0,178367.94,0.0,0.0,3338.54,0.0,0.0,,,,,,,,,,,,,,,,,,,,189643431.0,176164186.0,,0.0,,,,,,,,,,25.04,33.5,8.55,5.06,14103.45,3.4,177.96,8.11,10.1,17.9,,2.2,75.88,0.76,215313504.0,,,,,Brazil,South America,1.8717,0.3261,326.0901,17422.0011,88.0778,81.8175,0.0,0.0,0.0,0.0,0.0,0.0,0.0,0.0,0.0
BRA,South America,Brazil,2023-11-04,37511921.0,0.0,0.0,702116.0,0.0,0.0,178367.94,0.0,0.0,3338.54,0.0,0.0,,,,,,,,,,,,,,,,,,,,189643431.0,176164186.0,,0.0,,,,,,,,,,25.04,33.5,8.55,5.06,14103.45,3.4,177.96,8.11,10.1,17.9,,2.2,75.88,0.76,215313504.0,,,,,Brazil,South America,1.8717,0.3261,326.0901,17422.0011,88.0778,81.8175,0.0,0.0,0.0,0.0,0.0,0.0,0.0,0.0,0.0
BRA,South America,Brazil,2023-11-13,37511921.0,0.0,0.0,702116.0,0.0,0.0,178367.94,0.0,0.0,3338.54,0.0,0.0,,,,,,,,,,,,,,,,,,,,189643431.0,176164186.0,,0.0,,,,,,,,,,25.04,33.5,8.55,5.06,14103.45,3.4,177.96,8.11,10.1,17.9,,2.2,75.88,0.76,215313504.0,,,,,Brazil,South America,1.8717,0.3261,326.0901,17422.0011,88.0778,81.8175,0.0,0.0,0.0,0.0,0.0,0.0,0.0,0.0,0.0
BRA,South America,Brazil,2023-11-18,37511921.0,0.0,0.0,702116.0,0.0,0.0,178367.94,0.0,0.0,3338.54,0.0,0.0,,,,,,,,,,,,,,,,,,,,189643431.0,176164186.0,,0.0,,,,,,,,,,25.04,33.5,8.55,5.06,14103.45,3.4,177.96,8.11,10.1,17.9,,2.2,75.88,0.76,215313504.0,,,,,Brazil,South America,1.8717,0.3261,326.0901,17422.0011,88.0778,81.8175,0.0,0.0,0.0,0.0,0.0,0.0,0.0,0.0,0.0
BRA,South America,Brazil,2023-11-23,37511921.0,0.0,0.0,702116.0,0.0,0.0,178367.94,0.0,0.0,3338.54,0.0,0.0,,,,,,,,,,,,,,,,,,,,189643431.0,176164186.0,,0.0,,,,,,,,,,25.04,33.5,8.55,5.06,14103.45,3.4,177.96,8.11,10.1,17.9,,2.2,75.88,0.76,215313504.0,,,,,Brazil,South America,1.8717,0.3261,326.0901,17422.0011,88.0778,81.8175,0.0,0.0,0.0,0.0,0.0,0.0,0.0,0.0,0.0
BRA,South America,Brazil,2023-11-26,37511921.0,0.0,0.0,702116.0,0.0,0.0,178367.94,0.0,0.0,3338.54,0.0,0.0,,,,,,,,,,,,,,,,,,,,189643431.0,176164186.0,,0.0,,,,,,,,,,25.04,33.5,8.55,5.06,14103.45,3.4,177.96,8.11,10.1,17.9,,2.2,75.88,0.76,215313504.0,,,,,Brazil,South America,1.8717,0.3261,326.0901,17422.0011,88.0778,81.8175,0.0,0.0,0.0,0.0,0.0,0.0,0.0,0.0,0.0
BRA,South America,Brazil,2023-12-02,37511921.0,0.0,0.0,702116.0,0.0,0.0,178367.94,0.0,0.0,3338.54,0.0,0.0,,,,,,,,,,,,,,,,,,,,189643431.0,176164186.0,,0.0,,,,,,,,,,25.04,33.5,8.55,5.06,14103.45,3.4,177.96,8.11,10.1,17.9,,2.2,75.88,0.76,215313504.0,,,,,Brazil,South America,1.8717,0.3261,326.0901,17422.0011,88.0778,81.8175,0.0,0.0,0.0,0.0,0.0,0.0,0.0,0.0,0.0
BRA,South America,Brazil,2023-12-07,37511921.0,0.0,0.0,702116.0,0.0,0.0,178367.94,0.0,0.0,3338.54,0.0,0.0,,,,,,,,,,,,,,,,,,,,189643431.0,176164186.0,,0.0,,,,,,,,,,25.04,33.5,8.55,5.06,14103.45,3.4,177.96,8.11,10.1,17.9,,2.2,75.88,0.76,215313504.0,,,,,Brazil,South America,1.8717,0.3261,326.0901,17422.0011,88.0778,81.8175,0.0,0.0,0.0,0.0,0.0,0.0,0.0,0.0,0.0
BRA,South America,Brazil,2023-12-08,37511921.0,0.0,0.0,702116.0,0.0,0.0,178367.94,0.0,0.0,3338.54,0.0,0.0,,,,,,,,,,,,,,,,,,,,189643431.0,176164186.0,,0.0,,,,,,,,,,25.04,33.5,8.55,5.06,14103.45,3.4,177.96,8.11,10.1,17.9,,2.2,75.88,0.76,215313504.0,,,,,Brazil,South America,1.8717,0.3261,326.0901,17422.0011,88.0778,81.8175,0.0,0.0,0.0,0.0,0.0,0.0,0.0,0.0,0.0
BRA,South America,Brazil,2023-12-09,37511921.0,0.0,0.0,702116.0,0.0,0.0,178367.94,0.0,0.0,3338.54,0.0,0.0,,,,,,,,,,,,,,,,,,,,189643431.0,176164186.0,,0.0,,,,,,,,,,25.04,33.5,8.55,5.06,14103.45,3.4,177.96,8.11,10.1,17.9,,2.2,75.88,0.76,215313504.0,,,,,Brazil,South America,1.8717,0.3261,326.0901,17422.0011,88.0778,81.8175,0.0,0.0,0.0,0.0,0.0,0.0,0.0,0.0,0.0
BRA,South America,Brazil,2024-01-01,37511921.0,0.0,0.0,702116.0,0.0,0.0,178367.94,0.0,0.0,3338.54,0.0,0.0,,,,,,,,,,,,,,,,,,,,189643431.0,176164186.0,,0.0,,,,,,,,,,25.04,33.5,8.55,5.06,14103.45,3.4,177.96,8.11,10.1,17.9,,2.2,75.88,0.76,215313504.0,,,,,Brazil,South America,1.8717,0.3261,326.0901,17422.0011,88.0778,81.8175,0.0,0.0,0.0,0.0,0.0,0.0,0.0,0.0,0.0
BRA,South America,Brazil,2024-01-03,37511921.0,0.0,0.0,702116.0,0.0,0.0,178367.94,0.0,0.0,3338.54,0.0,0.0,,,,,,,,,,,,,,,,,,,,189643431.0,176164186.0,,0.0,,,,,,,,,,25.04,33.5,8.55,5.06,14103.45,3.4,177.96,8.11,10.1,17.9,,2.2,75.88,0.76,215313504.0,,,,,Brazil,South America,1.8717,0.3261,326.0901,17422.0011,88.0778,81.8175,0.0,0.0,0.0,0.0,0.0,0.0,0.0,0.0,0.0
BRA,South America,Brazil,2024-01-23,37511921.0,0.0,0.0,702116.0,0.0,0.0,178367.94,0.0,0.0,3338.54,0.0,0.0,,,,,,,,,,,,,,,,,,,,189643431.0,176164186.0,,0.0,,,,,,,,,,25.04,33.5,8.55,5.06,14103.45,3.4,177.96,8.11,10.1,17.9,,2.2,75.88,0.76,215313504.0,,,,,Brazil,South America,1.8717,0.3261,326.0901,17422.0011,88.0778,81.8175,0.0,0.0,0.0,0.0,0.0,0.0,0.0,0.0,0.0
BRA,South America,Brazil,2024-02-04,37511921.0,0.0,0.0,702116.0,0.0,0.0,178367.94,0.0,0.0,3338.54,0.0,0.0,,,,,,,,,,,,,,,,,,,,189643431.0,176164186.0,,0.0,,,,,,,,,,25.04,33.5,8.55,5.06,14103.45,3.4,177.96,8.11,10.1,17.9,,2.2,75.88,0.76,215313504.0,,,,,Brazil,South America,1.8717,0.3261,326.0901,17422.0011,88.0778,81.8175,0.0,0.0,0.0,0.0,0.0,0.0,0.0,0.0,0.0
BRA,South America,Brazil,2024-02-11,37511921.0,0.0,0.0,702116.0,0.0,0.0,178367.94,0.0,0.0,3338.54,0.0,0.0,,,,,,,,,,,,,,,,,,,,189643431.0,176164186.0,,0.0,,,,,,,,,,25.04,33.5,8.55,5.06,14103.45,3.4,177.96,8.11,10.1,17.9,,2.2,75.88,0.76,215313504.0,,,,,Brazil,South America,1.8717,0.3261,326.0901,17422.0011,88.0778,81.8175,0.0,0.0,0.0,0.0,0.0,0.0,0.0,0.0,0.0
BRA,South America,Brazil,2024-02-24,37511921.0,0.0,0.0,702116.0,0.0,0.0,178367.94,0.0,0.0,3338.54,0.0,0.0,,,,,,,,,,,,,,,,,,,,189643431.0,176164186.0,,0.0,,,,,,,,,,25.04,33.5,8.55,5.06,14103.45,3.4,177.96,8.11,10.1,17.9,,2.2,75.88,0.76,215313504.0,,,,,Brazil,South America,1.8717,0.3261,326.0901,17422.0011,88.0778,81.8175,0.0,0.0,0.0,0.0,0.0,0.0,0.0,0.0,0.0
BRA,South America,Brazil,2024-02-25,37511921.0,0.0,0.0,702116.0,0.0,0.0,178367.94,0.0,0.0,3338.54,0.0,0.0,,,,,,,,,,,,,,,,,,,,189643431.0,176164186.0,,0.0,,,,,,,,,,25.04,33.5,8.55,5.06,14103.45,3.4,177.96,8.11,10.1,17.9,,2.2,75.88,0.76,215313504.0,,,,,Brazil,South America,1.8717,0.3261,326.0901,17422.0011,88.0778,81.8175,0.0,0.0,0.0,0.0,0.0,0.0,0.0,0.0,0.0
BRA,South America,Brazil,2024-02-29,37511921.0,0.0,0.0,702116.0,0.0,0.0,178367.94,0.0,0.0,3338.54,0.0,0.0,,,,,,,,,,,,,,,,,,,,189643431.0,176164186.0,,0.0,,,,,,,,,,25.04,33.5,8.55,5.06,14103.45,3.4,177.96,8.11,10.1,17.9,,2.2,75.88,0.76,215313504.0,,,,,Brazil,South America,1.8717,0.3261,326.0901,17422.0011,88.0778,81.8175,0.0,0.0,0.0,0.0,0.0,0.0,0.0,0.0,0.0
BRA,South America,Brazil,2024-03-07,37511921.0,0.0,0.0,702116.0,0.0,0.0,178367.94,0.0,0.0,3338.54,0.0,0.0,,,,,,,,,,,,,,,,,,,,189643431.0,176164186.0,,0.0,,,,,,,,,,25.04,33.5,8.55,5.06,14103.45,3.4,177.96,8.11,10.1,17.9,,2.2,75.88,0.76,215313504.0,,,,,Brazil,South America,1.8717,0.3261,326.0901,17422.0011,88.0778,81.8175,0.0,0.0,0.0,0.0,0.0,0.0,0.0,0.0,0.0
BRA,South America,Brazil,2024-03-14,37511921.0,0.0,0.0,702116.0,0.0,0.0,178367.94,0.0,0.0,3338.54,0.0,0.0,,,,,,,,,,,,,,,,,,,,189643431.0,176164186.0,,0.0,,,,,,,,,,25.04,33.5,8.55,5.06,14103.45,3.4,177.96,8.11,10.1,17.9,,2.2,75.88,0.76,215313504.0,,,,,Brazil,South America,1.8717,0.3261,326.0901,17422.0011,88.0778,81.8175,0.0,0.0,0.0,0.0,0.0,0.0,0.0,0.0,0.0
BRA,South America,Brazil,2024-05-18,37511921.0,0.0,0.0,702116.0,0.0,0.0,178367.94,0.0,0.0,3338.54,0.0,0.0,,,,,,,,,,,,,,,,,,,,189643431.0,176164186.0,,0.0,,,,,,,,,,25.04,33.5,8.55,5.06,14103.45,3.4,177.96,8.11,10.1,17.9,,2.2,75.88,0.76,215313504.0,,,,,Brazil,South America,1.8717,0.3261,326.0901,17422.0011,88.0778,81.8175,0.0,0.0,0.0,0.0,0.0,0.0,0.0,0.0,0.0
BRA,South America,Brazil,2024-05-25,37511921.0,0.0,0.0,702116.0,0.0,0.0,178367.94,0.0,0.0,3338.54,0.0,0.0,,,,,,,,,,,,,,,,,,,,189643431.0,176164186.0,,0.0,,,,,,,,,,25.04,33.5,8.55,5.06,14103.45,3.4,177.96,8.11,10.1,17.9,,2.2,75.88,0.76,215313504.0,,,,,Brazil,South America,1.8717,0.3261,326.0901,17422.0011,88.0778,81.8175,0.0,0.0,0.0,0.0,0.0,0.0,0.0,0.0,0.0
BRA,South America,Brazil,2024-06-15,37511921.0,0.0,0.0,702116.0,0.0,0.0,178367.94,0.0,0.0,3338.54,0.0,0.0,,,,,,,,,,,,,,,,,,,,189643431.0,176164186.0,,0.0,,,,,,,,,,25.04,33.5,8.55,5.06,14103.45,3.4,177.96,8.11,10.1,17.9,,2.2,75.88,0.76,215313504.0,,,,,Brazil,South America,1.8717,0.3261,326.0901,17422.0011,88.0778,81.8175,0.0,0.0,0.0,0.0,0.0,0.0,0.0,0.0,0.0
BRA,South America,Brazil,2024-06-18,37511921.0,0.0,0.0,702116.0,0.0,0.0,178367.94,0.0,0.0,3338.54,0.0,0.0,,,,,,,,,,,,,,,,,,,,189643431.0,176164186.0,,0.0,,,,,,,,,,25.04,33.5,8.55,5.06,14103.45,3.4,177.96,8.11,10.1,17.9,,2.2,75.88,0.76,215313504.0,,,,,Brazil,South America,1.8717,0.3261,326.0901,17422.0011,88.0778,81.8175,0.0,0.0,0.0,0.0,0.0,0.0,0.0,0.0,0.0
BRA,South America,Brazil,2024-07-05,37511921.0,0.0,0.0,702116.0,0.0,0.0,178367.94,0.0,0.0,3338.54,0.0,0.0,,,,,,,,,,,,,,,,,,,,189643431.0,176164186.0,,0.0,,,,,,,,,,25.04,33.5,8.55,5.06,14103.45,3.4,177.96,8.11,10.1,17.9,,2.2,75.88,0.76,215313504.0,,,,,Brazil,South America,1.8717,0.3261,326.0901,17422.0011,88.0778,81.8175,0.0,0.0,0.0,0.0,0.0,0.0,0.0,0.0,0.0
BRA,South America,Brazil,2024-07-12,37511921.0,0.0,0.0,702116.0,0.0,0.0,178367.94,0.0,0.0,3338.54,0.0,0.0,,,,,,,,,,,,,,,,,,,,189643431.0,176164186.0,,0.0,,,,,,,,,,25.04,33.5,8.55,5.06,14103.45,3.4,177.96,8.11,10.1,17.9,,2.2,75.88,0.76,215313504.0,,,,,Brazil,South America,1.8717,0.3261,326.0901,17422.0011,88.0778,81.8175,0.0,0.0,0.0,0.0,0.0,0.0,0.0,0.0,0.0
BRA,South America,Brazil,2024-07-17,37511921.0,0.0,0.0,702116.0,0.0,0.0,178367.94,0.0,0.0,3338.54,0.0,0.0,,,,,,,,,,,,,,,,,,,,189643431.0,176164186.0,,0.0,,,,,,,,,,25.04,33.5,8.55,5.06,14103.45,3.4,177.96,8.11,10.1,17.9,,2.2,75.88,0.76,215313504.0,,,,,Brazil,South America,1.8717,0.3261,326.0901,17422.0011,88.0778,81.8175,0.0,0.0,0.0,0.0,0.0,0.0,0.0,0.0,0.0
BRA,South America,Brazil,2024-07-24,37511921.0,0.0,0.0,702116.0,0.0,0.0,178367.94,0.0,0.0,3338.54,0.0,0.0,,,,,,,,,,,,,,,,,,,,189643431.0,176164186.0,,0.0,,,,,,,,,,25.04,33.5,8.55,5.06,14103.45,3.4,177.96,8.11,10.1,17.9,,2.2,75.88,0.76,215313504.0,,,,,Brazil,South America,1.8717,0.3261,326.0901,17422.0011,88.0778,81.8175,0.0,0.0,0.0,0.0,0.0,0.0,0.0,0.0,0.0
BRA,South America,Brazil,2024-08-01,37511921.0,0.0,0.0,702116.0,0.0,0.0,178367.94,0.0,0.0,3338.54,0.0,0.0,,,,,,,,,,,,,,,,,,,,189643431.0,176164186.0,,0.0,,,,,,,,,,25.04,33.5,8.55,5.06,14103.45,3.4,177.96,8.11,10.1,17.9,,2.2,75.88,0.76,215313504.0,,,,,Brazil,South America,1.8717,0.3261,326.0901,17422.0011,88.0778,81.8175,0.0,0.0,0.0,0.0,0.0,0.0,0.0,0.0,0.0
BRA,South America,Brazil,2024-08-02,37511921.0,0.0,0.0,702116.0,0.0,0.0,178367.94,0.0,0.0,3338.54,0.0,0.0,,,,,,,,,,,,,,,,,,,,189643431.0,176164186.0,,0.0,,,,,,,,,,25.04,33.5,8.55,5.06,14103.45,3.4,177.96,8.11,10.1,17.9,,2.2,75.88,0.76,215313504.0,,,,,Brazil,South America,1.8717,0.3261,326.0901,17422.0011,88.0778,81.8175,0.0,0.0,0.0,0.0,0.0,0.0,0.0,0.0,0.0
FRA,Europe,France,2020-01-14,0.0,0.0,0.0,0.0,0.0,0.0,0.0,0.0,0.0,0.0,0.0,0.0,,,,,,,,,,,,,,,,,,,,0.0,0.0,,0.0,,,,,,,,,0.0,122.58,42.0,19.72,13.08,38605.67,,86.06,4.77,30.1,35.6,,5.98,82.66,0.9,67813000.0,,,,,France,Europe,0.0,0.0,0.0,0.0,0.0,0.0,0.0,0.0,0.0,0.0,0.0,0.0,0.0,0.0,0.0
FRA,Europe,France,2020-01-28,3.0,0.0,0.43,0.0,0.0,0.0,0.05,0.0,0.01,0.0,0.0,0.0,,,,,,,,,,,,,,,,,,,,0.0,0.0,,0.0,,,,,,,,,5.56,122.58,42.0,19.72,13.08,38605.67,,86.06,4.77,30.1,35.6,,5.98,82.66,0.9,67813000.0,,,,,France,Europe,0.0,0.0,0.0,0.0044,0.0,0.0,0.43,0.21,0.12,0.0,0.0,0.0,0.0,0.0,0.0
FRA,Europe,France,2020-02-13,12.0,0.0,0.86,0.0,0.0,0.0,0.19,0.0,0.01,0.0,0.0,0.0,,,,,,,,,,,,,,,,,,,,0.0,0.0,,0.0,,,,,,,,,5.56,122.58,42.0,19.72,13.08,38605.67,,86.06,4.77,30.1,35.6,,5.98,82.66,0.9,67813000.0,,,,,France,Europe,0.0,0.0,0.0,0.0177,0.0,0.0,0.86,0.64,0.4,0.0,0.0,0.0,0.0,100.0,0.0
FRA,Europe,France,2020-02-22,12.0,0.0,0.0,0.0,0.0,0.0,0.19,0.0,0.0,0.0,0.0,0.0,,,,,,,,,,,,,,,,,,,,0.0,0.0,,0.0,,,,,,,,,5.56,122.58,42.0,19.72,13.08,38605.67,,86.06,4.77,30.1,35.6,,5.98,82.66,0.9,67813000.0,,,,,France,Europe,0.0,0.0,0.0,0.0177,0.0,0.0,0.0,0.43,0.4,0.0,0.0,0.0,0.0,-100.0,0.0
FRA,Europe,France,2020-03-01,16.0,0.0,0.0,0.0,0.0,0.0,0.25,0.0,0.0,0.0,0.0,0.0,3.04,,,,,,,,,,,,,,,,,,,0.0,0.0,,0.0,,,,,,,,,34.72,122.58,42.0,19.72,13.08,38605.67,,86.06,4.77,30.1,35.6,,5.98,82.66,0.9,67813000.0,-9084.6,-7.51,-8.89,-140.89,France,Europe,0.0,0.0,0.0,0.0236,0.0,0.0,0.0,0.29,0.43,0.0,0.0,0.0,-100.0,-100.0,-100.0
FRA,Europe,France,2020-03-11,16.0,0.0,0.0,0.0,0.0,0.0,0.25,0.0,0.0,0.0,0.0,0.0,2.8,,,,,,,,,,,,,,,,,,,0.0,0.0,,0.0,,,,,,,,,43.98,122.58,42.0,19.72,13.08,38605.67,,86.06,4.77,30.1,35.6,,5.98,82.66,0.9,67813000.0,,,,,France,Europe,0.0,0.0,0.0,0.0236,0.0,0.0,0.0,0.0,0.13,0.0,0.0,0.0,0.0,0.0,-100.0
FRA,Europe,France,2020-03-18,16.0,0.0,0.0,43.0,0.0,6.14,0.25,0.0,0.0,0.67,0.0,0.1,2.36,771.0,11.37,2972.0,43.83,,,,,,,,,,,,,,,0.0,0.0,,0.0,,,,,,,,,87.96,122.58,42.0,19.72,13.08,38605.67,,86.06,4.77,30.1,35.6,,5.98,82.66,0.9,67813000.0,,,,,France,Europe,100.0,0.0001,0.0634,0.0236,0.0,0.0,0.0,0.0,0.13,6.14,3.07,1.43,0.0,0.0,0.0
FRA,Europe,France,2020-04-08,16.0,0.0,0.0,5988.0,0.0,468.0,0.25,0.0,0.0,93.16,0.0,7.28,1.04,7019.0,103.5,30217.0,445.59,3738.0,55.12,21395.0,315.5,,,,,,,,,,,0.0,0.0,,0.0,,,,,,,,,87.96,122.58,42.0,19.72,13.08,38605.67,,86.06,4.77,30.1,35.6,,5.98,82.66,0.9,67813000.0,,,,,France,Europe,100.0,0.0088,8.8302,0.0236,0.0,0.0,0.0,0.0,0.0,468.0,376.79,199.6,0.0,0.0,0.0
FRA,Europe,France,2020-04-23,16.0,0.0,0.0,12062.0,0.0,390.0,0.25,0.0,0.0,187.66,0.0,6.07,0.63,4967.0,73.25,29113.0,429.31,1344.0,19.82,10999.0,162.2,,,,,,,,,,,0.0,0.0,,0.0,,,,,,,,,87.96,122.58,42.0,19.72,13.08,38605.67,,86.06,4.77,30.1,35.6,,5.98,82.66,0.9,67813000.0,,,,,France,Europe,100.0,0.0178,17.7871,0.0236,0.0,0.0,0.0,0.0,0.0,390.0,433.86,378.3,0.0,0.0,0.0
FRA,Europe,France,2020-04-26,16.0,0.0,0.0,14158.0,2096.0,299.43,0.25,0.0,0.0,220.26,32.61,4.66,0.65,4598.0,67.8,28114.0,414.58,1117.0,16.47,9204.0,135.73,,,,,,,,,,,0.0,0.0,,0.0,,,,,,,,,87.96,122.58,42.0,19.72,13.08,38605.67,,86.06,4.77,30.1,35.6,,5.98,82.66,0.9,67813000.0,15420.0,7.14,14.35,239.14,France,Europe,100.0,0.0209,20.878,0.0236,0.0,0.0,0.0,0.0,0.0,299.43,344.71,448.17,0.0,0.0,0.0
FRA,Europe,France,2020-05-01,16.0,0.0,0.0,14158.0,0.0,299.43,0.25,0.0,0.0,220.26,0.0,4.66,0.63,3819.0,56.32,25809.0,380.59,785.0,11.58,6551.0,96.6,,,,,,,,,,,0.0,0.0,,0.0,,,,,,,,,87.96,122.58,42.0,19.72,13.08,38605.67,,86.06,4.77,30.1,35.6,,5.98,82.66,0.9,67813000.0,,,,,France,Europe,100.0,0.0209,20.878,0.0236,0.0,0.0,0.0,0.0,0.0,299.43,344.71,381.53,0.0,0.0,0.0
FRA,Europe,France,2020-05-03,16.0,0.0,0.0,15564.0,1406.0,200.86,0.25,0.0,0.0,242.14,21.87,3.12,0.64,3762.0,55.48,25739.0,379.56,726.0,10.71,5869.0,86.55,,,,,,,,,,,0.0,0.0,,0.0,,,,,,,,,87.96,122.58,42.0,19.72,13.08,38605.67,,86.06,4.77,30.1,35.6,,5.98,82.66,0.9,67813000.0,15608.8,6.88,1.71,242.07,France,Europe,100.0,0.023,22.9514,0.0236,0.0,0.0,0.0,0.0,0.0,200.86,250.14,428.4,0.0,0.0,0.0
FRA,Europe,France,2020-05-15,16.0,0.0,0.0,16620.0,0.0,150.86,0.25,0.0,0.0,258.57,0.0,2.35,0.65,2162.0,31.88,19801.0,291.99,435.0,6.42,3234.0,47.69,130183.0,48149.0,1.93,0.71,,,,,people tested,,0.0,0.0,,0.0,,,,,,,,,76.85,122.58,42.0,19.72,13.08,38605.67,,86.06,4.77,30.1,35.6,,5.98,82.66,0.9,67813000.0,,,,,France,Europe,100.0,0.0245,24.5086,0.0236,0.0,0.0,0.0,0.0,0.0,150.86,175.86,242.93,0.0,0.0,0.0
FRA,Europe,France,2020-06-18,13841.0,0.0,375.29,19052.0,0.0,36.86,215.33,0.0,5.84,296.4,0.0,0.57,0.9,724.0,10.68,10080.0,148.64,93.0,1.37,746.0,11.0,1299008.0,37934.0,19.27,0.56,33642.0,0.5,0.01,71.4,people tested,,0.0,0.0,,0.0,,,,,,,,,72.22,122.58,42.0,19.72,13.08,38605.67,,86.06,4.77,30.1,35.6,,5.98,82.66,0.9,67813000.0,,,,,France,Europe,100.0,0.0281,28.0949,20.4105,0.0,0.0,375.29,383.71,438.27,36.86,42.07,54.07,0.0,-4.3,288.06
FRA,Europe,France,2020-06-23,16108.0,0.0,323.86,19211.0,0.0,22.71,250.6,0.0,5.04,298.88,0.0,0.35,0.95,654.0,9.64,9446.0,139.29,82.0,1.21,765.0,11.28,1470207.0,48421.0,21.81,0.72,35615.0,0.53,0.02,66.7,people tested,,0.0,0.0,,0.0,,,,,,,,,51.85,122.58,42.0,19.72,13.08,38605.67,,86.06,4.77,30.1,35.6,,5.98,82.66,0.9,67813000.0,,,,,France,Europe,100.0,0.0283,28.3294,23.7536,0.0,0.0,323.86,349.57,369.17,22.71,29.79,40.63,0.0,-13.7,-47.76
FRA,Europe,France,2020-08-22,67609.0,0.0,2378.57,19972.0,0.0,13.14,1051.83,0.0,37.01,310.72,0.0,0.2,1.42,368.0,5.43,4685.0,69.09,170.0,2.51,1087.0,16.03,5962076.0,69405.0,88.43,1.03,122116.0,1.81,0.03,30.3,people tested,,0.0,0.0,,0.0,,,,,,,,,48.15,122.58,42.0,19.72,13.08,38605.67,,86.06,4.77,30.1,35.6,,5.98,82.66,0.9,67813000.0,,,,,France,Europe,29.5404,0.0295,29.4516,99.6992,0.0,0.0,2378.57,1967.79,1359.67,13.14,11.5,11.2,0.0,52.77,374.36
FRA,Europe,France,2020-09-21,315680.0,0.0,10497.29,21014.0,0.0,61.29,4911.21,0.0,163.31,326.93,0.0,0.95,1.21,912.0,13.45,5597.0,82.54,638.0,9.41,4103.0,60.5,11204561.0,242925.0,166.19,3.6,195580.0,2.9,0.06,17.9,people tested,,0.0,0.0,,0.0,,,,,,,,,48.61,122.58,42.0,19.72,13.08,38605.67,,86.06,4.77,30.1,35.6,,5.98,82.66,0.9,67813000.0,,,,,France,Europe,6.6567,0.031,30.9882,465.5155,0.0,0.0,10497.29,9636.64,8269.03,61.29,49.07,34.73,0.0,19.61,341.33
FRA,Europe,France,2020-10-10,463008.0,0.0,10688.43,22134.0,0.0,80.14,7203.28,0.0,166.29,344.35,0.0,1.25,1.28,1456.0,21.47,7976.0,117.62,928.0,13.68,4999.0,73.72,14511774.0,112246.0,215.24,1.66,182269.0,2.7,0.1,10.5,people tested,,0.0,0.0,,0.0,,,,,,,,,43.98,122.58,42.0,19.72,13.08,38605.67,,86.06,4.77,30.1,35.6,,5.98,82.66,0.9,67813000.0,,,,,France,Europe,4.7805,0.0326,32.6398,682.7717,0.0,0.0,10688.43,10523.43,9408.03,80.14,80.0,60.23,0.0,3.19,49.05
FRA,Europe,France,2020-10-11,579167.0,116159.0,16594.14,22824.0,690.0,98.57,9010.43,1807.15,258.16,355.09,10.74,1.53,1.28,1483.0,21.87,8231.0,121.38,910.0,13.42,5084.0,74.97,14543426.0,31652.0,215.71,0.47,183206.0,2.72,0.1,10.4,people tested,,0.0,0.0,,0.0,,,,,,,,,43.98,122.58,42.0,19.72,13.08,38605.67,,86.06,4.77,30.1,35.6,,5.98,82.66,0.9,67813000.0,18432.2,3.89,3.49,285.86,France,Europe,3.9408,0.0337,33.6573,854.0649,0.0,0.0,16594.14,13641.29,13280.0,98.57,89.36,83.23,55.25,55.25,131.41
FRA,Europe,France,2020-11-04,1340836.0,0.0,47500.71,28715.0,0.0,450.57,20860.14,0.0,739.0,446.74,0.0,7.01,1.26,4080.0,60.16,27511.0,405.69,2884.0,42.53,18866.0,278.21,21412054.0,354275.0,317.58,5.26,309967.0,4.6,0.15,6.6,people tested,,0.0,0.0,,0.0,,,,,,,,,78.7,122.58,42.0,19.72,13.08,38605.67,,86.06,4.77,30.1,35.6,,5.98,82.66,0.9,67813000.0,,,,,France,Europe,2.1416,0.0423,42.3444,1977.2551,0.0,0.0,47500.71,42416.71,29260.93,450.57,352.0,219.37,0.0,27.24,344.41
FRA,Europe,France,2020-11-09,1643952.0,0.0,43302.29,33509.0,0.0,684.86,25575.89,0.0,673.68,521.32,0.0,10.66,0.98,4677.0,68.97,31098.0,458.58,3091.0,45.58,20063.0,295.86,22729494.0,390466.0,337.12,5.79,293531.0,4.35,0.13,7.6,people tested,,0.0,0.0,,0.0,,,,,,,,,78.7,122.58,42.0,19.72,13.08,38605.67,,86.06,4.77,30.1,35.6,,5.98,82.66,0.9,67813000.0,,,,,France,Europe,2.0383,0.0494,49.4138,2424.2431,0.0,0.0,43302.29,45401.5,39364.8,684.86,567.71,379.17,0.0,-8.84,305.13
FRA,Europe,France,2020-11-10,1643952.0,0.0,43302.29,33509.0,0.0,684.86,25575.89,0.0,673.68,521.32,0.0,10.66,0.93,4736.0,69.84,31477.0,464.17,3094.0,45.62,19920.0,293.75,23079745.0,350251.0,342.32,5.2,288852.0,4.28,0.12,8.1,people tested,,0.0,0.0,,0.0,,,,,,,,,78.7,122.58,42.0,19.72,13.08,38605.67,,86.06,4.77,30.1,35.6,,5.98,82.66,0.9,67813000.0,,,,,France,Europe,2.0383,0.0494,49.4138,2424.2431,0.0,0.0,43302.29,45401.5,35492.83,684.86,567.71,356.17,0.0,-8.84,160.95
FRA,Europe,France,2020-12-05,2012405.0,0.0,11011.0,49277.0,0.0,668.43,31308.12,0.0,171.3,766.63,0.0,10.4,0.84,3220.0,47.48,26040.0,384.0,1167.0,17.21,8603.0,126.86,27705054.0,105183.0,410.92,1.56,166830.0,2.47,0.06,16.1,people tested,,0.0,0.0,,0.0,,,,,,,,,75.0,122.58,42.0,19.72,13.08,38605.67,,86.06,4.77,30.1,35.6,,5.98,82.66,0.9,67813000.0,,,,,France,Europe,2.4487,0.0727,72.666,2967.58,0.0,0.0,11011.0,13716.0,22385.63,668.43,734.36,685.4,0.0,-32.95,-76.82
FRA,Europe,France,2020-12-15,2161451.0,0.0,11096.29,57032.0,0.0,541.71,33626.91,0.0,172.63,887.28,0.0,8.43,1.01,2871.0,42.34,25207.0,371.71,1178.0,17.37,8817.0,130.02,29711470.0,314070.0,440.68,4.66,213904.0,3.17,0.06,17.5,people tested,,0.0,0.0,,0.0,,,,,,,,,63.89,122.58,42.0,19.72,13.08,38605.67,,86.06,4.77,30.1,35.6,,5.98,82.66,0.9,67813000.0,,,,,France,Europe,2.6386,0.0841,84.1019,3187.3697,0.0,0.0,11096.29,10646.14,11369.0,541.71,553.93,601.2,0.0,8.83,-55.97
FRA,Europe,France,2020-12-17,2161451.0,0.0,11096.29,57032.0,0.0,541.71,33626.91,0.0,172.63,887.28,0.0,8.43,1.04,2798.0,41.26,25149.0,370.86,1188.0,17.52,9020.0,133.01,30447786.0,399276.0,451.6,5.92,257154.0,3.81,0.05,20.0,people tested,,0.0,0.0,,0.0,,,,,,,,,63.89,122.58,42.0,19.72,13.08,38605.67,,86.06,4.77,30.1,35.6,,5.98,82.66,0.9,67813000.0,,,,,France,Europe,2.6386,0.0841,84.1019,3187.3697,0.0,0.0,11096.29,10646.14,11369.0,541.71,553.93,601.2,0.0,8.83,-55.97
FRA,Europe,France,2020-12-30,2338258.0,0.0,11984.0,63534.0,0.0,445.57,36377.6,0.0,186.44,988.43,0.0,6.93,1.09,2652.0,39.11,24560.0,362.17,1196.0,17.64,7547.0,111.29,35544171.0,399530.0,527.19,5.93,282682.0,4.19,0.04,22.7,people tested,2173.0,2172.0,1.0,,456.0,519.0,0.0,0.0,0.0,,8.0,519.0,0.0,63.89,122.58,42.0,19.72,13.08,38605.67,,86.06,4.77,30.1,35.6,,5.98,82.66,0.9,67813000.0,,,,,France,Europe,2.7172,0.0937,93.69,3448.097,0.0032,0.0,11984.0,12629.07,10861.77,445.57,464.43,475.23,0.0,-9.72,8.84
FRA,Europe,France,2021-01-01,2338258.0,0.0,11984.0,63534.0,0.0,445.57,36377.6,0.0,186.44,988.43,0.0,6.93,1.09,2609.0,38.47,24263.0,357.79,1173.0,17.3,7344.0,108.3,35914568.0,33230.0,532.68,0.49,257782.0,3.82,0.05,20.0,people tested,3826.0,3822.0,4.0,,1201.0,642.0,0.01,0.01,0.0,,9.0,641.0,0.0,63.89,122.58,42.0,19.72,13.08,38605.67,,86.06,4.77,30.1,35.6,,5.98,82.66,0.9,67813000.0,,,,,France,Europe,2.7172,0.0937,93.69,3448.097,0.0056,0.0,11984.0,12629.07,10861.77,445.57,464.43,475.23,0.0,-9.72,8.84
FRA,Europe,France,2021-01-11,2549469.0,0.0,17466.14,69878.0,0.0,489.86,39663.53,0.0,271.73,1087.13,0.0,7.62,1.12,2666.0,39.31,24812.0,365.89,1374.0,20.26,9033.0,133.21,38580953.0,396891.0,572.23,5.89,280241.0,4.16,0.06,16.4,people tested,151052.0,150893.0,159.0,,39995.0,20611.0,0.22,0.22,0.0,,304.0,20590.0,0.03,63.89,122.58,42.0,19.72,13.08,38605.67,,86.06,4.77,30.1,35.6,,5.98,82.66,0.9,67813000.0,,,,,France,Europe,2.7409,0.103,103.0451,3759.5579,0.2225,0.0002,17466.14,15086.5,15523.07,489.86,453.14,554.6,0.0,37.45,71.3
FRA,Europe,France,2021-01-20,2668311.0,0.0,16977.43,73332.0,0.0,493.43,41512.42,0.0,264.13,1140.87,0.0,7.68,1.09,2842.0,41.91,25650.0,378.25,1640.0,24.18,10794.0,159.17,41200487.0,320203.0,611.08,4.75,281342.0,4.17,0.06,15.4,people tested,817022.0,815688.0,1333.0,1.0,137775.0,76937.0,1.2,1.2,0.0,0.0,1135.0,76783.0,0.11,63.89,122.58,42.0,19.72,13.08,38605.67,,86.06,4.77,30.1,35.6,,5.98,82.66,0.9,67813000.0,,,,,France,Europe,2.7483,0.1081,108.1386,3934.8075,1.2028,0.002,16977.43,17221.79,13798.03,493.43,491.64,430.57,0.0,-2.8,27.9
FRA,Europe,France,2021-02-03,2931084.0,0.0,18946.29,79905.0,0.0,451.29,45600.53,0.0,294.76,1243.13,0.0,7.02,1.02,3267.0,48.18,27953.0,412.21,1845.0,27.21,11362.0,167.55,45532300.0,350073.0,675.33,5.19,319401.0,4.74,0.06,16.7,people tested,2035123.0,1878176.0,156945.0,2.0,112650.0,84586.0,3.0,2.77,0.23,0.0,1247.0,64113.0,0.1,63.89,122.58,42.0,19.72,13.08,38605.67,,86.06,4.77,30.1,35.6,,5.98,82.66,0.9,67813000.0,,,,,France,Europe,2.7261,0.1178,117.8314,4322.304,2.7696,0.2314,18946.29,18769.5,16795.93,451.29,469.5,448.53,0.0,1.9,49.1
FRA,Europe,France,2021-02-19,3169971.0,0.0,15776.57,85866.0,0.0,413.14,49317.03,0.0,245.44,1335.87,0.0,6.43,1.04,3380.0,49.84,25506.0,376.12,1815.0,26.76,9616.0,141.8,50662604.0,404667.0,751.42,6.0,306528.0,4.55,0.06,17.9,people tested,3905936.0,2708786.0,1197127.0,23.0,157431.0,118276.0,5.76,3.99,1.77,0.0,1744.0,43070.0,0.06,60.19,122.58,42.0,19.72,13.08,38605.67,,86.06,4.77,30.1,35.6,,5.98,82.66,0.9,67813000.0,,,,,France,Europe,2.7087,0.1266,126.6217,4674.5771,3.9945,1.7653,15776.57,17063.36,16722.0,413.14,425.79,417.8,0.0,-14.02,-7.07
FRA,Europe,France,2021-02-22,3287522.0,0.0,16793.0,88382.0,0.0,359.43,51145.84,0.0,261.26,1375.01,0.0,5.59,1.06,3407.0,50.24,25831.0,380.92,1815.0,26.76,9600.0,141.57,51328575.0,407020.0,761.3,6.04,304646.0,4.52,0.06,16.7,people tested,4073124.0,2768235.0,1304864.0,25.0,110670.0,117980.0,6.01,4.08,1.92,0.0,1740.0,42191.0,0.06,60.19,122.58,42.0,19.72,13.08,38605.67,,86.06,4.77,30.1,35.6,,5.98,82.66,0.9,67813000.0,,,,,France,Europe,2.6884,0.1303,130.3319,4847.923,4.0822,1.9242,16793.0,16284.79,20640.37,359.43,386.29,501.67,0.0,6.44,-1.09
FRA,Europe,France,2021-03-08,3539477.0,0.0,17751.29,92566.0,0.0,290.43,55065.64,0.0,276.17,1440.1,0.0,4.52,1.08,3849.0,56.76,25195.0,371.54,2106.0,31.06,9663.0,142.5,55478601.0,427806.0,822.86,6.34,298162.0,4.42,0.06,16.1,people tested,6294312.0,4239546.0,2054718.0,48.0,156724.0,194013.0,9.28,6.25,3.03,0.0,2861.0,145583.0,0.22,70.37,122.58,42.0,19.72,13.08,38605.67,,86.06,4.77,30.1,35.6,,5.98,82.66,0.9,67813000.0,,,,,France,Europe,2.6152,0.1365,136.5019,5219.4668,6.2518,3.03,17751.29,17996.79,20279.77,290.43,298.86,422.03,0.0,-2.69,-6.31
FRA,Europe,France,2021-03-15,3682455.0,0.0,20425.43,94438.0,0.0,267.43,57290.03,0.0,317.77,1469.22,0.0,4.16,1.15,4219.0,62.22,25469.0,375.58,2307.0,34.02,10025.0,147.83,57865752.0,495248.0,858.26,7.34,341022.0,5.06,0.07,15.2,people tested,7917449.0,5582399.0,2334987.0,63.0,190187.0,231877.0,11.68,8.23,3.44,0.0,3419.0,191836.0,0.28,62.04,122.58,42.0,19.72,13.08,38605.67,,86.06,4.77,30.1,35.6,,5.98,82.66,0.9,67813000.0,,,,,France,Europe,2.5645,0.1393,139.2624,5430.3083,8.232,3.4433,20425.43,19088.36,20764.0,267.43,278.93,382.13,0.0,15.06,11.31
FRA,Europe,France,2021-04-02,4090242.0,0.0,31994.86,98071.0,0.0,262.0,63634.2,0.0,497.76,1525.75,0.0,4.08,1.1,5254.0,77.48,28729.0,423.65,3080.0,45.42,13598.0,200.52,66555953.0,670830.0,987.16,9.95,522478.0,7.75,0.07,14.9,people tested,12589967.0,9470626.0,3119210.0,131.0,376210.0,287143.0,18.57,13.97,4.6,0.0,4234.0,229041.0,0.34,68.52,122.58,42.0,19.72,13.08,38605.67,,86.06,4.77,30.1,35.6,,5.98,82.66,0.9,67813000.0,,,,,France,Europe,2.3977,0.1446,144.6198,6031.6488,13.9658,4.5997,31994.86,29127.64,22500.8,262.0,259.5,251.27,0.0,21.84,75.39
FRA,Europe,France,2021-04-17,4535867.0,0.0,29031.14,102150.0,0.0,302.86,70567.05,0.0,451.65,1589.2,0.0,4.71,0.98,5877.0,86.66,30329.0,447.24,3097.0,45.67,13627.0,200.95,71863083.0,248763.0,1065.87,3.69,335103.0,4.97,0.09,11.6,people tested,17508530.0,12922792.0,4584304.0,1434.0,278781.0,369356.0,25.82,19.06,6.76,0.0,5447.0,251816.0,0.37,75.0,122.58,42.0,19.72,13.08,38605.67,,86.06,4.77,30.1,35.6,,5.98,82.66,0.9,67813000.0,,,,,France,Europe,2.2521,0.1506,150.6348,6688.7868,19.0565,6.7602,29031.14,31830.36,28447.07,302.86,291.36,257.07,0.0,-16.17,42.13
FRA,Europe,France,2021-04-29,4917483.0,0.0,25637.43,106179.0,0.0,294.57,76504.06,0.0,398.86,1651.89,0.0,4.58,0.83,5804.0,85.59,29487.0,434.83,2697.0,39.77,11653.0,171.84,75460605.0,387504.0,1119.23,5.75,303367.0,4.5,0.07,13.9,people tested,22061682.0,15695898.0,6399986.0,9448.0,556837.0,398716.0,32.53,23.15,9.44,0.01,5880.0,245747.0,0.36,75.0,122.58,42.0,19.72,13.08,38605.67,,86.06,4.77,30.1,35.6,,5.98,82.66,0.9,67813000.0,,,,,France,Europe,2.1592,0.1566,156.5762,7251.5344,23.1459,9.4377,25637.43,27258.29,27574.7,294.57,287.79,270.27,0.0,-11.23,-19.87
FRA,Europe,France,2021-05-19,5247890.0,0.0,11552.86,110855.0,0.0,169.86,81644.39,0.0,179.73,1724.63,0.0,2.64,0.84,3862.0,56.95,21347.0,314.79,1146.0,16.9,4926.0,72.64,81962063.0,388260.0,1215.66,5.76,302008.0,4.48,0.04,26.3,people tested,31593784.0,22190300.0,9555974.0,30314.0,612528.0,495338.0,46.59,32.72,14.09,0.04,7304.0,382075.0,0.56,54.63,122.58,42.0,19.72,13.08,38605.67,,86.06,4.77,30.1,35.6,,5.98,82.66,0.9,67813000.0,,,,,France,Europe,2.1124,0.1635,163.4716,7738.7669,32.7228,14.0917,11552.86,13392.79,16995.63,169.86,194.43,224.6,0.0,-24.16,-60.0
FRA,Europe,France,2021-05-28,5331345.0,0.0,11922.14,111795.0,0.0,134.29,82942.74,0.0,185.48,1739.26,0.0,2.09,0.82,3104.0,45.77,17272.0,254.7,922.0,13.6,3557.0,52.45,84940621.0,447100.0,1259.84,6.63,299096.0,4.44,0.03,33.3,people tested,36397289.0,25653173.0,10967120.0,45027.0,692666.0,495186.0,53.67,37.83,16.17,0.07,7302.0,352218.0,0.52,54.63,122.58,42.0,19.72,13.08,38605.67,,86.06,4.77,30.1,35.6,,5.98,82.66,0.9,67813000.0,,,,,France,Europe,2.0969,0.1649,164.8578,7861.8333,37.8293,16.1726,11922.14,11737.5,13795.4,134.29,152.07,187.2,0.0,3.2,-53.5
FRA,Europe,France,2021-05-29,5331345.0,0.0,11922.14,111795.0,0.0,134.29,82942.74,0.0,185.48,1739.26,0.0,2.09,0.81,3028.0,44.65,16847.0,248.43,900.0,13.27,3423.0,50.48,85170263.0,229642.0,1263.24,3.41,296854.0,4.4,0.03,33.3,people tested,36847421.0,25952183.0,11129022.0,45632.0,450132.0,498326.0,54.34,38.27,16.41,0.07,7349.0,345329.0,0.51,54.63,122.58,42.0,19.72,13.08,38605.67,,86.06,4.77,30.1,35.6,,5.98,82.66,0.9,67813000.0,,,,,France,Europe,2.0969,0.1649,164.8578,7861.8333,38.2702,16.4113,11922.14,11737.5,13795.4,134.29,152.07,187.2,0.0,3.2,-53.5
FRA,Europe,France,2021-06-03,5391736.0,0.0,8627.29,112567.0,0.0,110.29,83882.28,0.0,134.22,1751.27,0.0,1.72,0.76,2677.0,39.48,15283.0,225.37,776.0,11.44,3146.0,46.39,86652627.0,367296.0,1285.23,5.45,308444.0,4.58,0.02,40.0,people tested,39615044.0,27734512.0,12174682.0,53186.0,725322.0,558632.0,58.42,40.9,17.95,0.08,8238.0,358708.0,0.53,54.63,122.58,42.0,19.72,13.08,38605.67,,86.06,4.77,30.1,35.6,,5.98,82.66,0.9,67813000.0,,,,,France,Europe,2.0878,0.166,165.9962,7950.8885,40.8985,17.9533,8627.29,10274.71,11044.83,110.29,122.29,147.8,0.0,-27.64,-57.74
FRA,Europe,France,2021-06-15,5465223.0,0.0,3857.71,113487.0,0.0,50.71,85025.56,0.0,60.02,1765.58,0.0,0.79,0.64,1952.0,28.78,11895.0,175.41,448.0,6.61,1935.0,28.53,89910721.0,283885.0,1333.55,4.21,267942.0,3.97,0.01,83.3,people tested,46408663.0,31476335.0,15339195.0,68117.0,694150.0,580247.0,68.44,46.42,22.62,0.1,8557.0,301903.0,0.44,54.0,122.58,42.0,19.72,13.08,38605.67,,86.06,4.77,30.1,35.6,,5.98,82.66,0.9,67813000.0,,,,,France,Europe,2.0765,0.1674,167.3529,8059.2556,46.4164,22.6198,3857.71,5249.07,7244.43,50.71,65.71,87.73,0.0,-41.91,-66.61
FRA,Europe,France,2021-06-24,5480043.0,0.0,2117.14,113796.0,0.0,44.14,85256.12,0.0,32.94,1770.39,0.0,0.69,0.76,1439.0,21.22,9392.0,138.5,256.0,3.78,1028.0,15.16,92220396.0,291286.0,1367.81,4.32,248472.0,3.68,0.01,125.0,people tested,51834981.0,33623788.0,18675564.0,78034.0,653051.0,580130.0,76.44,49.58,27.54,0.12,8555.0,216526.0,0.32,46.45,122.58,42.0,19.72,13.08,38605.67,,86.06,4.77,30.1,35.6,,5.98,82.66,0.9,67813000.0,,,,,France,Europe,2.0766,0.1678,167.8085,8081.1098,49.5831,27.5398,2117.14,2987.43,4956.6,44.14,47.43,66.7,0.0,-45.12,-82.24
FRA,Europe,France,2021-06-30,5490733.0,0.0,1527.14,114030.0,0.0,33.43,85422.44,0.0,23.76,1774.03,0.0,0.52,0.99,1204.0,17.76,8451.0,124.62,194.0,2.86,879.0,12.96,93688931.0,268619.0,1389.59,3.98,251403.0,3.73,0.01,125.0,people tested,55316784.0,34602301.0,21205674.0,85690.0,691350.0,590693.0,81.57,51.03,31.27,0.13,8711.0,174346.0,0.26,44.96,122.58,42.0,19.72,13.08,38605.67,,86.06,4.77,30.1,35.6,,5.98,82.66,0.9,67813000.0,,,,,France,Europe,2.0768,0.1682,168.1536,8096.8738,51.0261,31.2708,1527.14,1822.14,3299.9,33.43,38.79,48.77,0.0,-27.87,-82.3
FRA,Europe,France,2021-07-02,5490733.0,0.0,1527.14,114030.0,0.0,33.43,85422.44,0.0,23.76,1774.03,0.0,0.52,1.08,1123.0,16.56,8044.0,118.62,175.0,2.58,818.0,12.06,94410869.0,397576.0,1400.3,5.9,262243.0,3.89,0.01,111.1,people tested,56759921.0,35062474.0,22201830.0,90141.0,750857.0,596110.0,83.7,51.7,32.74,0.13,8790.0,173001.0,0.26,44.92,122.58,42.0,19.72,13.08,38605.67,,86.06,4.77,30.1,35.6,,5.98,82.66,0.9,67813000.0,,,,,France,Europe,2.0768,0.1682,168.1536,8096.8738,51.7046,32.7398,1527.14,1822.14,3299.9,33.43,38.79,48.77,0.0,-27.87,-82.3
FRA,Europe,France,2021-07-05,5504639.0,0.0,1986.57,114201.0,0.0,24.43,85638.78,0.0,30.91,1776.69,0.0,0.38,1.22,1077.0,15.88,7806.0,115.11,166.0,2.45,776.0,11.44,95121022.0,374362.0,1410.83,5.55,280596.0,4.16,0.01,100.0,people tested,58058558.0,35429854.0,23140505.0,93037.0,588871.0,589409.0,85.62,52.25,34.12,0.14,8692.0,173479.0,0.26,44.88,122.58,42.0,19.72,13.08,38605.67,,86.06,4.77,30.1,35.6,,5.98,82.66,0.9,67813000.0,,,,,France,Europe,2.0746,0.1684,168.4058,8117.3801,52.2464,34.124,1986.57,1756.86,3763.43,24.43,28.93,54.47,0.0,30.08,-76.97
FRA,Europe,France,2021-07-11,5527957.0,23318.0,3331.14,114343.0,142.0,20.29,86001.55,362.77,51.82,1778.9,2.21,0.32,1.46,947.0,13.96,7183.0,105.92,159.0,2.35,797.0,11.75,96983957.0,90473.0,1438.46,1.34,319614.0,4.74,0.01,83.3,people tested,61445837.0,36509105.0,25478586.0,102543.0,170549.0,568021.0,90.61,53.84,37.57,0.15,8376.0,178258.0,0.26,42.94,122.58,42.0,19.72,13.08,38605.67,,86.06,4.77,30.1,35.6,,5.98,82.66,0.9,67813000.0,62586.8,6.64,-5.77,969.87,France,Europe,2.0684,0.1686,168.6152,8151.7659,53.8379,37.5718,3331.14,2658.86,2991.27,20.29,22.36,40.37,67.68,67.68,-49.84
FRA,Europe,France,2021-07-16,5527957.0,0.0,3331.14,114343.0,0.0,20.29,86001.55,0.0,51.82,1778.9,0.0,0.32,1.69,899.0,13.26,6971.0,102.8,193.0,2.85,1185.0,17.48,98833004.0,492285.0,1465.89,7.3,326277.0,4.84,0.02,45.5,people tested,64977537.0,37874240.0,27700058.0,111114.0,877102.0,598829.0,95.82,55.85,40.85,0.16,8831.0,224856.0,0.33,42.84,122.58,42.0,19.72,13.08,38605.67,,86.06,4.77,30.1,35.6,,5.98,82.66,0.9,67813000.0,,,,,France,Europe,2.0684,0.1686,168.6152,8151.7659,55.851,40.8477,3331.14,2658.86,2091.13,20.29,22.36,28.53,0.0,67.68,-13.65
FRA,Europe,France,2021-07-20,5574613.0,0.0,6665.14,114439.0,0.0,13.71,86727.41,0.0,103.69,1780.39,0.0,0.21,1.71,876.0,12.92,6912.0,101.93,255.0,3.76,1403.0,20.69,100162858.0,418215.0,1485.61,6.2,340002.0,5.04,0.04,27.8,people tested,67323328.0,38906218.0,29050679.0,115742.0,829871.0,630372.0,99.28,57.37,42.84,0.17,9296.0,277194.0,0.41,41.6,122.58,42.0,19.72,13.08,38605.67,,86.06,4.77,30.1,35.6,,5.98,82.66,0.9,67813000.0,,,,,France,Europe,2.0529,0.1688,168.7567,8220.5669,57.3728,42.8394,6665.14,4998.14,3152.33,13.71,17.0,21.43,0.0,100.09,214.82
FRA,Europe,France,2021-07-23,5574613.0,0.0,6665.14,114439.0,0.0,13.71,86727.41,0.0,103.69,1780.39,0.0,0.21,1.62,872.0,12.86,6802.0,100.3,359.0,5.29,1758.0,25.92,101900722.0,725373.0,1511.39,10.76,438245.0,6.5,0.04,25.0,people tested,69821851.0,40183512.0,30320903.0,121037.0,864191.0,692045.0,102.96,59.26,44.71,0.18,10205.0,329896.0,0.49,37.15,122.58,42.0,19.72,13.08,38605.67,,86.06,4.77,30.1,35.6,,5.98,82.66,0.9,67813000.0,,,,,France,Europe,2.0529,0.1688,168.7567,8220.5669,59.2564,44.7125,6665.14,4998.14,3152.33,13.71,17.0,21.43,0.0,100.09,214.82
FRA,Europe,France,2021-07-29,5692691.0,0.0,16868.29,114558.0,0.0,17.0,88564.41,0.0,262.43,1782.24,0.0,0.26,1.38,1015.0,14.97,7236.0,106.7,558.0,8.23,2759.0,40.68,104915063.0,605083.0,1556.1,8.98,534245.0,7.92,0.04,25.0,people tested,73553051.0,42350839.0,31940214.0,129019.0,767766.0,656484.0,108.46,62.45,47.1,0.19,9681.0,372526.0,0.55,36.78,122.58,42.0,19.72,13.08,38605.67,,86.06,4.77,30.1,35.6,,5.98,82.66,0.9,67813000.0,,,,,France,Europe,2.0124,0.1689,168.9322,8394.6898,62.4524,47.1004,16868.29,11766.71,6731.93,17.0,15.36,17.6,0.0,153.08,1004.57
FRA,Europe,France,2021-08-23,6267510.0,0.0,19081.57,116132.0,0.0,99.86,97507.2,0.0,296.86,1806.73,0.0,1.55,0.91,2215.0,32.66,11007.0,162.31,1447.0,21.34,6264.0,92.37,122292662.0,896723.0,1813.84,13.3,763400.0,11.32,0.03,37.0,people tested,85310742.0,48160030.0,38008811.0,161956.0,499566.0,444919.0,125.8,71.02,56.05,0.24,6561.0,153017.0,0.23,44.96,122.58,42.0,19.72,13.08,38605.67,,86.06,4.77,30.1,35.6,,5.98,82.66,0.9,67813000.0,,,,,France,Europe,1.8529,0.1713,171.2533,9242.3429,71.0189,56.0494,19081.57,20321.5,23096.57,99.86,75.14,56.43,0.0,-11.5,186.29
FRA,Europe,France,2021-09-10,6465416.0,0.0,12254.57,117085.0,0.0,69.86,100586.12,0.0,190.65,1821.56,0.0,1.09,0.77,2151.0,31.72,10115.0,149.16,1019.0,15.03,3727.0,54.96,133846943.0,836732.0,1985.21,12.41,572405.0,8.49,0.02,55.6,people tested,91941773.0,50029836.0,42521047.0,448361.0,335643.0,273093.0,135.58,73.78,62.7,0.66,4027.0,75904.0,0.11,43.77,122.58,42.0,19.72,13.08,38605.67,,86.06,4.77,30.1,35.6,,5.98,82.66,0.9,67813000.0,,,,,France,Europe,1.8109,0.1727,172.6586,9534.1837,73.7762,62.7034,12254.57,14136.14,16080.23,69.86,68.07,66.83,0.0,-23.49,-41.7
FRA,Europe,France,2021-09-23,6576972.0,0.0,6676.57,117908.0,0.0,55.14,102321.66,0.0,103.87,1834.36,0.0,0.86,0.78,1609.0,23.73,8237.0,121.47,571.0,8.42,2265.0,33.4,140499097.0,532092.0,2083.88,7.89,514251.0,7.63,0.01,90.9,people tested,94631328.0,50702238.0,44015643.0,980163.0,197863.0,194780.0,139.55,74.77,64.91,1.45,2872.0,44822.0,0.07,42.77,122.58,42.0,19.72,13.08,38605.67,,86.06,4.77,30.1,35.6,,5.98,82.66,0.9,67813000.0,,,,,France,Europe,1.7927,0.1739,173.8723,9698.689,74.7677,64.9074,6676.57,7968.29,10315.4,55.14,58.79,59.2,0.0,-27.9,-65.01
FRA,Europe,France,2021-10-02,6613086.0,0.0,5159.14,118239.0,0.0,47.29,102883.52,0.0,80.26,1839.51,0.0,0.74,0.85,1325.0,19.54,7294.0,107.56,399.0,5.88,1583.0,23.34,145131267.0,528244.0,2152.58,7.84,480863.0,7.13,0.01,100.0,people tested,96116050.0,51047828.0,44792063.0,1345588.0,138938.0,153889.0,141.74,75.28,66.05,1.98,2269.0,36863.0,0.05,42.25,122.58,42.0,19.72,13.08,38605.67,,86.06,4.77,30.1,35.6,,5.98,82.66,0.9,67813000.0,,,,,France,Europe,1.788,0.1744,174.3604,9751.9443,75.2773,66.0523,5159.14,5917.86,7781.73,47.29,51.21,54.77,0.0,-22.73,-67.79
FRA,Europe,France,2021-10-11,6670348.0,0.0,3763.71,118706.0,0.0,27.29,103774.37,0.0,58.55,1846.78,0.0,0.42,0.94,1145.0,16.89,6729.0,99.23,315.0,4.64,1349.0,19.89,148863991.0,507216.0,2207.94,7.52,445782.0,6.61,0.01,100.0,people tested,97289253.0,51314189.0,45279247.0,1767398.0,141778.0,144065.0,143.47,75.67,66.77,2.61,2124.0,32266.0,0.05,41.93,122.58,42.0,19.72,13.08,38605.67,,86.06,4.77,30.1,35.6,,5.98,82.66,0.9,67813000.0,,,,,France,Europe,1.7796,0.175,175.049,9836.3854,75.6701,66.7707,3763.71,4090.14,6831.07,27.29,33.36,54.03,0.0,-14.78,-69.29
FRA,Europe,France,2021-10-17,6701443.0,31095.0,4442.14,118881.0,175.0,25.0,104258.13,483.76,69.11,1849.5,2.72,0.39,1.01,1052.0,15.51,6448.0,95.08,314.0,4.63,1300.0,19.17,151248131.0,60691.0,2243.3,0.9,413051.0,6.13,0.01,90.9,people tested,98114436.0,51496566.0,45575218.0,2115542.0,12733.0,138137.0,144.68,75.94,67.21,3.12,2037.0,30445.0,0.04,41.73,122.58,42.0,19.72,13.08,38605.67,,86.06,4.77,30.1,35.6,,5.98,82.66,0.9,67813000.0,67940.0,6.21,4.61,1052.82,France,Europe,1.774,0.1753,175.3071,9882.2394,75.9391,67.2072,4442.14,4102.93,5706.9,25.0,26.14,45.3,18.03,18.03,-52.03
FRA,Europe,France,2021-10-20,6701443.0,0.0,4442.14,118881.0,0.0,25.0,104258.13,0.0,69.11,1849.5,0.0,0.39,1.04,1026.0,15.13,6465.0,95.34,304.0,4.48,1427.0,21.04,152301145.0,314646.0,2258.92,4.67,368347.0,5.46,0.01,76.9,people tested,98587855.0,51588326.0,45716179.0,2356969.0,184891.0,137728.0,145.38,76.07,67.42,3.48,2031.0,28903.0,0.04,41.64,122.58,42.0,19.72,13.08,38605.67,,86.06,4.77,30.1,35.6,,5.98,82.66,0.9,67813000.0,,,,,France,Europe,1.774,0.1753,175.3071,9882.2394,76.0744,67.4151,4442.14,4102.93,4149.03,25.0,26.14,32.43,0.0,18.03,-33.47
FRA,Europe,France,2021-10-29,6735684.0,0.0,4891.57,119060.0,0.0,25.57,104790.84,0.0,76.1,1852.28,0.0,0.4,1.13,1034.0,15.25,6534.0,96.35,435.0,6.42,1669.0,24.61,155072412.0,377080.0,2300.03,5.59,284677.0,4.22,0.02,50.0,people tested,99899294.0,51818123.0,46075194.0,3081241.0,200594.0,135703.0,147.32,76.41,67.94,4.54,2001.0,23597.0,0.04,41.4,122.58,42.0,19.72,13.08,38605.67,,86.06,4.77,30.1,35.6,,5.98,82.66,0.9,67813000.0,,,,,France,Europe,1.7676,0.1756,175.5711,9932.7327,76.4133,67.9445,4891.57,4666.86,4086.6,25.57,25.29,27.37,0.0,10.12,-5.19
FRA,Europe,France,2021-11-09,6822166.0,0.0,6865.29,119449.0,0.0,30.29,106136.29,0.0,106.81,1858.34,0.0,0.47,1.32,1140.0,16.81,6851.0,101.03,553.0,8.15,2297.0,33.87,157928677.0,329544.0,2342.39,4.89,284710.0,4.22,0.03,31.2,people tested,101331812.0,52029592.0,46417719.0,3961106.0,229179.0,163075.0,149.43,76.73,68.45,5.84,2405.0,21920.0,0.03,41.16,122.58,42.0,19.72,13.08,38605.67,,86.06,4.77,30.1,35.6,,5.98,82.66,0.9,67813000.0,,,,,France,Europe,1.7509,0.1761,176.1447,10060.2628,76.7251,68.4496,6865.29,6177.29,5060.6,30.29,27.79,24.77,0.0,25.07,82.41
FRA,Europe,France,2021-11-12,6822166.0,0.0,6865.29,119449.0,0.0,30.29,106136.29,0.0,106.81,1858.34,0.0,0.47,1.35,1182.0,17.43,7046.0,103.9,521.0,7.68,2153.0,31.75,158850691.0,481374.0,2356.07,7.14,284433.0,4.22,0.03,29.4,people tested,101898590.0,52095067.0,46534655.0,4345801.0,268244.0,159248.0,150.26,76.82,68.62,6.41,2348.0,18934.0,0.03,41.09,122.58,42.0,19.72,13.08,38605.67,,86.06,4.77,30.1,35.6,,5.98,82.66,0.9,67813000.0,,,,,France,Europe,1.7509,0.1761,176.1447,10060.2628,76.8217,68.622,6865.29,6177.29,5060.6,30.29,27.79,24.77,0.0,25.07,82.41
FRA,Europe,France,2021-11-18,6888527.0,0.0,9480.14,119682.0,0.0,33.29,107168.7,0.0,147.49,1861.96,0.0,0.52,1.47,1333.0,19.66,7787.0,114.83,693.0,10.22,3046.0,44.92,160993951.0,445069.0,2387.86,6.6,374948.0,5.56,0.04,22.7,people tested,103076945.0,52215996.0,46749836.0,5188612.0,261365.0,206657.0,152.0,77.0,68.94,7.65,3047.0,21433.0,0.03,40.94,122.58,42.0,19.72,13.08,38605.67,,86.06,4.77,30.1,35.6,,5.98,82.66,0.9,67813000.0,,,,,France,Europe,1.7374,0.1765,176.4883,10158.1216,77.0,68.9393,9480.14,8172.71,6236.13,33.29,31.79,26.7,0.0,38.09,113.41
FRA,Europe,France,2021-12-03,7203450.0,0.0,27888.86,120453.0,0.0,64.86,112068.14,0.0,433.88,1873.96,0.0,1.01,1.38,2058.0,30.35,11103.0,163.73,1357.0,20.01,5937.0,87.55,170187199.0,920608.0,2524.21,13.65,697986.0,10.35,0.06,16.7,people tested,108507985.0,52563469.0,47534482.0,9488802.0,716300.0,463129.0,160.01,77.51,70.1,13.99,6830.0,20913.0,0.03,40.42,122.58,42.0,19.72,13.08,38605.67,,86.06,4.77,30.1,35.6,,5.98,82.66,0.9,67813000.0,,,,,France,Europe,1.6722,0.1776,177.6252,10622.5208,77.5124,70.0964,27888.86,22494.5,14311.37,64.86,55.07,40.53,0.0,63.09,408.06
FRA,Europe,France,2021-12-19,8190186.0,360652.0,51521.71,123008.0,1033.0,147.57,127419.35,5610.87,801.55,1913.7,16.07,2.3,1.28,2936.0,43.3,15528.0,228.98,1845.0,27.21,8712.0,128.47,182583300.0,209783.0,2708.07,3.11,848192.0,12.58,0.06,15.9,people tested,118595040.0,52912883.0,48847635.0,17914235.0,207100.0,731645.0,174.89,78.03,72.03,26.42,10789.0,24466.0,0.04,44.21,122.58,42.0,19.72,13.08,38605.67,,86.06,4.77,30.1,35.6,,5.98,82.66,0.9,67813000.0,76450.6,6.37,12.57,1184.7,France,Europe,1.5019,0.1814,181.3929,12077.6046,78.0276,72.0328,51521.71,49852.64,43388.63,147.57,138.29,110.87,6.93,6.93,443.47
FRA,Europe,France,2021-12-23,8190186.0,0.0,51521.71,123008.0,0.0,147.57,127419.35,0.0,801.55,1913.7,0.0,2.3,1.38,3208.0,47.31,16060.0,236.83,1924.0,28.37,8628.0,127.23,187242485.0,1515618.0,2777.17,22.48,957868.0,14.21,0.07,13.9,people tested,121426170.0,53057512.0,49234902.0,20213624.0,555879.0,655218.0,179.06,78.24,72.6,29.81,9662.0,30001.0,0.04,43.99,122.58,42.0,19.72,13.08,38605.67,,86.06,4.77,30.1,35.6,,5.98,82.66,0.9,67813000.0,,,,,France,Europe,1.5019,0.1814,181.3929,12077.6046,78.2409,72.6039,51521.71,49852.64,39398.6,147.57,138.29,100.3,0.0,6.93,201.29
FRA,Europe,France,2022-01-12,11576867.0,0.0,246602.43,126964.0,0.0,212.0,180107.86,0.0,3836.53,1975.25,0.0,3.3,1.31,3985.0,58.76,23889.0,352.28,2415.0,35.61,15534.0,229.07,212832945.0,1505156.0,3156.73,22.32,1545180.0,22.92,0.18,5.6,people tested,130806981.0,53675058.0,50598251.0,27614186.0,610824.0,615658.0,192.89,79.15,74.61,40.72,9079.0,41943.0,0.06,48.02,122.58,42.0,19.72,13.08,38605.67,,86.06,4.77,30.1,35.6,,5.98,82.66,0.9,67813000.0,,,,,France,Europe,1.0967,0.1872,187.2266,17071.7517,79.1516,74.6144,246602.43,204781.5,124911.1,212.0,199.93,166.3,0.0,51.33,411.8
FRA,Europe,France,2022-01-17,13538779.0,0.0,280273.14,128463.0,0.0,214.14,210630.44,0.0,4360.37,1998.57,0.0,3.33,1.22,3913.0,57.7,25776.0,380.1,2209.0,32.58,16488.0,243.14,218889319.0,1786843.0,3246.56,26.5,1313746.0,19.48,0.24,4.2,people tested,133115307.0,53831528.0,50939146.0,29425282.0,406454.0,516029.0,196.3,79.38,75.12,43.39,7610.0,36979.0,0.06,47.89,122.58,42.0,19.72,13.08,38605.67,,86.06,4.77,30.1,35.6,,5.98,82.66,0.9,67813000.0,,,,,France,Europe,0.9489,0.1894,189.4371,19964.8725,79.3823,75.1171,280273.14,263437.79,190308.17,214.14,213.07,216.27,0.0,13.65,481.68
FRA,Europe,France,2022-01-20,13538779.0,0.0,280273.14,128463.0,0.0,214.14,210630.44,0.0,4360.37,1998.57,0.0,3.33,1.17,3842.0,56.66,27931.0,411.88,2000.0,29.49,17769.0,262.03,223286697.0,1398313.0,3311.78,20.74,1291611.0,19.16,0.27,3.7,people tested,134352412.0,53926772.0,51134435.0,30371938.0,384096.0,417877.0,198.12,79.52,75.41,44.79,6162.0,30491.0,0.04,47.82,122.58,42.0,19.72,13.08,38605.67,,86.06,4.77,30.1,35.6,,5.98,82.66,0.9,67813000.0,,,,,France,Europe,0.9489,0.1894,189.4371,19964.8725,79.5228,75.4051,280273.14,263437.79,178286.43,214.14,213.07,181.83,0.0,13.65,443.99
FRA,Europe,France,2022-02-08,19992784.0,0.0,243941.14,134050.0,0.0,285.14,311039.03,0.0,3795.13,2085.49,0.0,4.44,0.71,3555.0,52.42,33352.0,491.82,2057.0,30.33,18962.0,279.62,240603247.0,605533.0,3568.62,8.98,672142.0,9.97,0.28,3.6,people tested,138995083.0,54220807.0,52043463.0,33811852.0,220454.0,213493.0,204.97,79.96,76.75,49.86,3148.0,11748.0,0.02,44.51,122.58,42.0,19.72,13.08,38605.67,,86.06,4.77,30.1,35.6,,5.98,82.66,0.9,67813000.0,,,,,France,Europe,0.6705,0.1977,197.676,29482.2291,79.9564,76.7456,243941.14,288354.43,280530.57,285.14,280.64,236.2,0.0,-26.69,-1.08
FRA,Europe,France,2022-02-11,19992784.0,0.0,243941.14,134050.0,0.0,285.14,311039.03,0.0,3795.13,2085.49,0.0,4.44,0.68,3371.0,49.71,31939.0,470.99,1808.0,26.66,16019.0,236.22,242201264.0,504271.0,3592.32,7.48,543277.0,8.06,0.26,3.8,people tested,139726319.0,54254865.0,52196666.0,34355886.0,286191.0,203965.0,206.05,80.01,76.97,50.66,3008.0,9875.0,0.02,44.43,122.58,42.0,19.72,13.08,38605.67,,86.06,4.77,30.1,35.6,,5.98,82.66,0.9,67813000.0,,,,,France,Europe,0.6705,0.1977,197.676,29482.2291,80.0066,76.9715,243941.14,288354.43,280530.57,285.14,280.64,236.2,0.0,-26.69,-1.08
FRA,Europe,France,2022-02-13,20951423.0,958639.0,136948.43,136038.0,1988.0,284.0,325953.12,14914.09,2130.58,2116.42,30.93,4.42,0.67,3305.0,48.74,31621.0,466.3,1723.0,25.41,15327.0,226.02,242707934.0,122833.0,3599.83,1.82,509664.0,7.56,0.26,3.9,people tested,139948103.0,54265214.0,52246263.0,34517755.0,37199.0,198173.0,206.37,80.02,77.04,50.9,2922.0,9121.0,0.01,44.4,122.58,42.0,19.72,13.08,38605.67,,86.06,4.77,30.1,35.6,,5.98,82.66,0.9,67813000.0,85672.02,6.55,4.6,1325.65,France,Europe,0.6493,0.2006,200.6076,30895.8798,80.0218,77.0446,136948.43,190444.79,312485.2,284.0,284.57,302.47,-43.86,-43.86,-44.47
FRA,Europe,France,2022-02-16,20951423.0,0.0,136948.43,136038.0,0.0,284.0,325953.12,0.0,2130.58,2116.42,0.0,4.42,0.66,3126.0,46.1,30578.0,450.92,1588.0,23.42,13467.0,198.59,244108207.0,410662.0,3620.6,6.09,418262.0,6.2,0.24,4.3,people tested,140515982.0,54288699.0,52360784.0,34947685.0,185683.0,182134.0,207.21,80.06,77.21,51.54,2686.0,7633.0,0.01,30.04,122.58,42.0,19.72,13.08,38605.67,,86.06,4.77,30.1,35.6,,5.98,82.66,0.9,67813000.0,,,,,France,Europe,0.6493,0.2006,200.6076,30895.8798,80.0565,77.2135,136948.43,190444.79,247088.13,284.0,284.57,252.5,0.0,-43.86,-51.14
FRA,Europe,France,2022-02-24,21517370.0,0.0,80849.57,137783.0,0.0,249.29,334757.88,0.0,1257.82,2143.57,0.0,3.88,0.68,2656.0,39.17,26118.0,385.15,1133.0,16.71,9616.0,141.8,246676863.0,303606.0,3658.7,4.5,314429.0,4.66,0.2,5.1,people tested,141253548.0,54326821.0,52527506.0,35480520.0,70370.0,88533.0,208.3,80.11,77.46,52.32,1306.0,4649.0,0.01,29.9,122.58,42.0,19.72,13.08,38605.67,,86.06,4.77,30.1,35.6,,5.98,82.66,0.9,67813000.0,,,,,France,Europe,0.6403,0.2032,203.1808,31730.4499,80.1127,77.4593,80849.57,108899.0,185384.93,249.29,266.64,255.4,0.0,-40.96,-76.59
FRA,Europe,France,2022-02-28,21910919.0,0.0,56221.29,139114.0,0.0,190.14,340880.53,0.0,874.67,2164.28,0.0,2.96,0.76,2456.0,36.22,25079.0,369.83,928.0,13.68,8369.0,123.41,247722907.0,393485.0,3674.22,5.84,288557.0,4.28,0.19,5.4,people tested,141498380.0,54340110.0,52585211.0,35654429.0,56545.0,71545.0,208.66,80.13,77.54,52.58,1055.0,4029.0,0.01,29.86,122.58,42.0,19.72,13.08,38605.67,,86.06,4.77,30.1,35.6,,5.98,82.66,0.9,67813000.0,,,,,France,Europe,0.6349,0.2051,205.1436,32310.7944,80.1323,77.5444,56221.29,68535.43,198503.23,190.14,219.71,299.77,0.0,-30.46,-83.72
FRA,Europe,France,2022-03-06,22259203.0,348284.0,49754.86,140208.0,1094.0,156.29,346299.0,5418.45,774.06,2181.3,17.02,2.43,0.91,2079.0,30.66,22253.0,328.15,821.0,12.11,6636.0,97.86,249239027.0,86114.0,3696.7,1.28,272801.0,4.05,0.19,5.2,people tested,141772541.0,54359119.0,52648355.0,35846500.0,5174.0,47244.0,209.06,80.16,77.64,52.86,697.0,3162.0,0.0,29.81,122.58,42.0,19.72,13.08,38605.67,,86.06,4.77,30.1,35.6,,5.98,82.66,0.9,67813000.0,84614.92,6.27,-4.63,1309.29,France,Europe,0.6299,0.2068,206.7568,32824.3891,80.1603,77.6376,49754.86,52988.07,132466.9,156.29,173.21,271.8,-11.5,-11.5,-85.05
FRA,Europe,France,2022-03-24,23264759.0,0.0,83761.14,141820.0,0.0,113.14,361943.0,0.0,1303.12,2206.37,0.0,1.76,1.24,1523.0,22.46,20654.0,304.57,680.0,10.03,7799.0,115.01,256013416.0,497190.0,3797.18,7.37,426786.0,6.33,0.28,3.6,people tested,142320336.0,54394459.0,52741394.0,36266037.0,33791.0,33665.0,209.87,80.21,77.77,53.48,496.0,1703.0,0.0,18.83,122.58,42.0,19.72,13.08,38605.67,,86.06,4.77,30.1,35.6,,5.98,82.66,0.9,67813000.0,,,,,France,Europe,0.6096,0.2091,209.1339,34307.2258,80.2124,77.7748,83761.14,71825.43,58246.3,113.14,115.14,134.57,0.0,39.86,3.6
FRA,Europe,France,2022-04-02,24116752.0,0.0,121713.29,142547.0,0.0,103.86,375197.94,0.0,1893.56,2217.68,0.0,1.62,1.11,1523.0,22.46,22113.0,326.09,897.0,13.23,10184.0,150.18,260248604.0,363212.0,3860.0,5.39,477259.0,7.08,0.29,3.4,people tested,142664650.0,54410757.0,52774477.0,36561022.0,23371.0,37042.0,210.38,80.24,77.82,53.91,546.0,1711.0,0.0,18.82,122.58,42.0,19.72,13.08,38605.67,,86.06,4.77,30.1,35.6,,5.98,82.66,0.9,67813000.0,,,,,France,Europe,0.5911,0.2102,210.206,35563.6117,80.2365,77.8235,121713.29,102737.21,73527.77,103.86,108.5,114.43,0.0,45.31,116.49
FRA,Europe,France,2022-04-08,25076110.0,0.0,137051.14,143348.0,0.0,114.43,390123.22,0.0,2132.18,2230.15,0.0,1.78,1.02,1554.0,22.92,23404.0,345.13,949.0,13.99,11000.0,162.21,263036310.0,466137.0,3901.34,6.91,450131.0,6.68,0.3,3.3,people tested,142930844.0,54425141.0,52792671.0,36794659.0,69907.0,41366.0,210.77,80.26,77.85,54.26,610.0,2274.0,0.0,18.82,122.58,42.0,19.72,13.08,38605.67,,86.06,4.77,30.1,35.6,,5.98,82.66,0.9,67813000.0,,,,,France,Europe,0.5717,0.2114,211.3872,36978.3227,80.2577,77.8504,137051.14,129382.21,93896.9,114.43,109.14,104.67,0.0,12.6,175.45
FRA,Europe,France,2022-04-17,26826921.0,822438.0,117491.14,144988.0,852.0,121.71,417361.56,12795.13,1827.88,2255.66,13.26,1.89,0.85,1636.0,24.12,24922.0,367.51,1118.0,16.49,11776.0,173.65,266225969.0,80924.0,3948.65,1.2,389629.0,5.78,0.3,3.3,people tested,143246262.0,54436504.0,52814627.0,37076792.0,2702.0,40489.0,211.24,80.27,77.88,54.68,597.0,1385.0,0.0,18.82,122.58,42.0,19.72,13.08,38605.67,,86.06,4.77,30.1,35.6,,5.98,82.66,0.9,67813000.0,87625.52,6.16,13.4,1355.87,France,Europe,0.5405,0.2138,213.8056,39560.1448,80.2744,77.8827,117491.14,125057.93,138283.0,121.71,117.14,132.0,-11.41,-11.41,96.18
FRA,Europe,France,2022-05-02,27742592.0,0.0,53787.14,146744.0,0.0,123.86,431607.16,0.0,836.8,2282.98,0.0,1.93,0.72,1511.0,22.28,23211.0,342.28,869.0,12.82,8449.0,124.59,270121686.0,316934.0,4006.43,4.7,225984.0,3.35,0.21,4.7,people tested,143795573.0,54457349.0,52854972.0,37564971.0,34676.0,39598.0,212.05,80.31,77.94,55.39,584.0,1569.0,0.0,18.82,122.58,42.0,19.72,13.08,38605.67,,86.06,4.77,30.1,35.6,,5.98,82.66,0.9,67813000.0,,,,,France,Europe,0.5289,0.2164,216.3951,40910.4331,80.3052,77.9422,53787.14,65405.07,120861.33,123.86,125.43,139.9,0.0,-30.17,-55.81
FRA,Europe,France,2022-07-01,29596347.0,0.0,65243.57,149995.0,0.0,41.57,460447.1,0.0,1015.03,2333.56,0.0,0.65,1.38,960.0,14.16,16108.0,237.54,590.0,8.7,6479.0,95.54,,,,,,,,,,146351245.0,54533299.0,52986915.0,39912930.0,143270.0,79084.0,215.82,80.42,78.14,58.86,1166.0,1291.0,0.0,18.81,122.58,42.0,19.72,13.08,38605.67,,86.06,4.77,30.1,35.6,,5.98,82.66,0.9,67813000.0,,,,,France,Europe,0.5068,0.2212,221.1892,43644.0609,80.4172,78.1368,65243.57,53902.29,36550.6,41.57,39.71,37.4,0.0,53.29,302.9
FRA,Europe,France,2022-07-30,32437982.0,0.0,74613.71,151999.0,0.0,104.43,504656.0,0.0,1160.81,2364.73,0.0,1.62,0.72,1194.0,17.61,20068.0,295.93,765.0,11.28,7986.0,117.76,,,,,,,,,,148656113.0,54566668.0,53043975.0,42127485.0,20176.0,60210.0,219.21,80.47,78.22,62.12,888.0,950.0,0.0,18.8,122.58,42.0,19.72,13.08,38605.67,,86.06,4.77,30.1,35.6,,5.98,82.66,0.9,67813000.0,,,,,France,Europe,0.4686,0.2241,224.1443,47834.4595,80.4664,78.221,74613.71,86148.57,94721.17,104.43,94.0,66.8,0.0,-23.62,14.36
FRA,Europe,France,2022-08-03,32767413.0,0.0,47061.57,152596.0,0.0,85.29,509781.16,0.0,732.16,2374.02,0.0,1.33,0.68,1151.0,16.97,19389.0,285.92,657.0,9.69,6597.0,97.28,,,,,,,,,,148815088.0,54569735.0,53048861.0,42278520.0,47230.0,48159.0,219.45,80.47,78.23,62.35,710.0,849.0,0.0,11.11,122.58,42.0,19.72,13.08,38605.67,,86.06,4.77,30.1,35.6,,5.98,82.66,0.9,67813000.0,,,,,France,Europe,0.4657,0.225,225.0247,48320.2528,80.4709,78.2282,47061.57,60837.64,81316.0,85.29,94.86,77.9,0.0,-36.93,-54.97
FRA,Europe,France,2022-08-08,32979608.0,0.0,30313.57,153125.0,0.0,75.57,513082.38,0.0,471.6,2382.25,0.0,1.18,0.68,1121.0,16.53,18648.0,274.99,595.0,8.77,5698.0,84.02,,,,,,,,,,148963832.0,54572458.0,53053314.0,42420105.0,27980.0,37628.0,219.67,80.47,78.23,62.55,555.0,662.0,0.0,11.11,122.58,42.0,19.72,13.08,38605.67,,86.06,4.77,30.1,35.6,,5.98,82.66,0.9,67813000.0,,,,,France,Europe,0.4643,0.2258,225.8048,48633.1647,80.4749,78.2347,30313.57,38687.57,88389.17,75.57,80.43,95.53,0.0,-35.59,-71.0
FRA,Europe,France,2022-08-15,33130794.0,0.0,21598.0,153643.0,0.0,74.0,515434.47,0.0,336.01,2390.31,0.0,1.15,0.73,1015.0,14.97,17138.0,252.72,380.0,5.6,3842.0,56.66,,,,,,,,,,149127038.0,54575923.0,53058764.0,42574412.0,1523.0,23315.0,219.91,80.48,78.24,62.78,344.0,495.0,0.0,11.11,122.58,42.0,19.72,13.08,38605.67,,86.06,4.77,30.1,35.6,,5.98,82.66,0.9,67813000.0,,,,,France,Europe,0.4637,0.2266,226.5687,48856.1102,80.48,78.2428,21598.0,25955.79,63296.4,74.0,74.79,98.67,0.0,-28.75,-83.28
FRA,Europe,France,2022-08-19,33130794.0,0.0,21598.0,153643.0,0.0,74.0,515434.47,0.0,336.01,2390.31,0.0,1.15,0.84,961.0,14.17,16122.0,237.74,413.0,6.09,3849.0,56.76,,,,,,,,,,149248989.0,54578467.0,53063066.0,42689531.0,33526.0,18890.0,220.09,80.48,78.25,62.95,279.0,443.0,0.0,11.11,122.58,42.0,19.72,13.08,38605.67,,86.06,4.77,30.1,35.6,,5.98,82.66,0.9,67813000.0,,,,,France,Europe,0.4637,0.2266,226.5687,48856.1102,80.4838,78.2491,21598.0,25955.79,40503.6,74.0,74.79,79.17,0.0,-28.75,-77.89
FRA,Europe,France,2022-08-26,33250010.0,0.0,17030.86,154056.0,0.0,59.0,517289.2,0.0,264.96,2396.74,0.0,0.92,0.91,845.0,12.46,15234.0,224.65,313.0,4.62,3361.0,49.56,,,,,,,,,,149399844.0,54582350.0,53069125.0,42830467.0,32490.0,21551.0,220.31,80.49,78.26,63.16,318.0,555.0,0.0,11.11,122.58,42.0,19.72,13.08,38605.67,,86.06,4.77,30.1,35.6,,5.98,82.66,0.9,67813000.0,,,,,France,Europe,0.4633,0.2272,227.1777,49031.9113,80.4895,78.258,17030.86,19314.43,27067.6,59.0,66.5,68.57,0.0,-21.15,-77.17
FRA,Europe,France,2022-10-02,34315693.0,310114.0,44302.0,155574.0,217.0,31.0,533868.6,4824.62,689.23,2420.35,3.38,0.48,1.28,823.0,12.14,14705.0,216.85,418.0,6.16,5003.0,73.78,,,,,,,,,,150134827.0,54602729.0,53096381.0,43517898.0,1056.0,19229.0,221.4,80.52,78.3,64.17,284.0,505.0,0.0,11.11,122.58,42.0,19.72,13.08,38605.67,,86.06,4.77,30.1,35.6,,5.98,82.66,0.9,67813000.0,101813.34,6.04,8.66,1575.41,France,Europe,0.4534,0.2294,229.4162,50603.4138,80.5196,78.2982,44302.0,38631.86,31621.47,31.0,31.0,40.03,34.4,34.4,164.97
FRA,Europe,France,2022-10-07,34315693.0,0.0,44302.0,155574.0,0.0,31.0,533868.6,0.0,689.23,2420.35,0.0,0.48,1.22,882.0,13.01,16788.0,247.56,532.0,7.84,6719.0,99.08,,,,,,,,,,150260204.0,54606011.0,53100782.0,43635602.0,36189.0,19367.0,221.58,80.52,78.3,64.35,286.0,539.0,0.0,11.11,122.58,42.0,19.72,13.08,38605.67,,86.06,4.77,30.1,35.6,,5.98,82.66,0.9,67813000.0,,,,,France,Europe,0.4534,0.2294,229.4162,50603.4138,80.5244,78.3047,44302.0,38631.86,28069.1,31.0,31.0,29.97,0.0,34.4,190.99
FRA,Europe,France,2022-10-11,34701167.0,0.0,55067.71,155888.0,0.0,44.86,539865.6,0.0,856.72,2425.24,0.0,0.7,1.15,944.0,13.92,17907.0,264.06,554.0,8.17,7432.0,109.6,,,,,,,,,,150344234.0,54607605.0,53103110.0,43715721.0,46046.0,23544.0,221.7,80.53,78.31,64.47,347.0,498.0,0.0,11.11,122.58,42.0,19.72,13.08,38605.67,,86.06,4.77,30.1,35.6,,5.98,82.66,0.9,67813000.0,,,,,France,Europe,0.4492,0.2299,229.8792,51171.8505,80.5268,78.3082,55067.71,49684.86,37172.43,44.86,37.93,31.67,0.0,24.3,243.03
FRA,Europe,France,2022-10-15,34701167.0,0.0,55067.71,155888.0,0.0,44.86,539865.6,0.0,856.72,2425.24,0.0,0.7,1.07,979.0,14.44,18950.0,279.44,574.0,8.46,7775.0,114.65,,,,,,,,,,150488704.0,54609966.0,53106455.0,43854493.0,14677.0,31077.0,221.92,80.53,78.31,64.67,458.0,514.0,0.0,11.11,122.58,42.0,19.72,13.08,38605.67,,86.06,4.77,30.1,35.6,,5.98,82.66,0.9,67813000.0,,,,,France,Europe,0.4492,0.2299,229.8792,51171.8505,80.5302,78.3131,55067.71,49684.86,37172.43,44.86,37.93,31.67,0.0,24.3,243.03
FRA,Europe,France,2022-10-19,35093240.0,0.0,56010.43,156302.0,0.0,59.14,545965.4,0.0,871.39,2431.68,0.0,0.92,0.99,1046.0,15.42,20072.0,295.99,681.0,10.04,8281.0,122.12,,,,,,,,,,150613502.0,54611680.0,53108864.0,43975173.0,39413.0,33968.0,222.1,80.53,78.32,64.85,501.0,496.0,0.0,11.11,122.58,42.0,19.72,13.08,38605.67,,86.06,4.77,30.1,35.6,,5.98,82.66,0.9,67813000.0,,,,,France,Europe,0.4454,0.2305,230.4897,51750.0184,80.5328,78.3166,56010.43,55539.07,43946.43,59.14,52.0,38.73,0.0,1.71,107.61
FRA,Europe,France,2022-12-17,37298513.0,0.0,61382.71,160139.0,0.0,81.29,580274.06,0.0,954.97,2491.37,0.0,1.26,0.96,1384.0,20.41,24256.0,357.69,904.0,13.33,10579.0,156.0,,,,,,,,,,153005620.0,54638726.0,53142476.0,46306728.0,36088.0,77043.0,225.63,80.57,78.37,68.29,1136.0,544.0,0.0,11.11,122.58,42.0,19.72,13.08,38605.67,,86.06,4.77,30.1,35.6,,5.98,82.66,0.9,67813000.0,,,,,France,Europe,0.4293,0.2361,236.1479,55002.0099,80.5726,78.3662,61382.71,58124.93,44302.33,81.29,75.29,65.93,0.0,11.88,184.45
FRA,Europe,France,2022-12-20,37689705.0,0.0,55884.57,160860.0,0.0,103.0,586360.0,0.0,869.43,2502.59,0.0,1.6,0.89,1438.0,21.2,25002.0,368.69,903.0,13.32,10710.0,157.93,,,,,,,,,,153165527.0,54640159.0,53144025.0,46463659.0,89362.0,71481.0,225.86,80.57,78.37,68.52,1054.0,553.0,0.0,11.11,122.58,42.0,19.72,13.08,38605.67,,86.06,4.77,30.1,35.6,,5.98,82.66,0.9,67813000.0,,,,,France,Europe,0.4268,0.2372,237.2112,55578.8787,80.5748,78.3685,55884.57,58633.64,49952.43,103.0,92.14,74.33,0.0,-8.96,76.46
FRA,Europe,France,2023-01-12,38222083.0,0.0,11547.0,163250.0,0.0,110.71,594642.56,0.0,179.64,2539.77,0.0,1.72,,1233.0,18.18,20399.0,300.81,485.0,7.15,4146.0,61.14,,,,,,,,,,153836912.0,54650827.0,53155801.0,47112626.0,39648.0,31197.0,226.85,80.59,78.39,69.47,460.0,504.0,0.0,,122.58,42.0,19.72,13.08,38605.67,,86.06,4.77,30.1,35.6,,5.98,82.66,0.9,67813000.0,,,,,France,Europe,0.4271,0.2407,240.7356,56363.9464,80.5905,78.3859,11547.0,16609.71,30785.67,110.71,113.07,103.7,0.0,-46.72,-81.19
FRA,Europe,France,2023-01-23,38297300.0,0.0,4527.57,164154.0,0.0,56.86,595812.75,0.0,70.44,2553.84,0.0,0.88,,1016.0,14.98,17639.0,260.11,247.0,3.64,2254.0,33.24,,,,,,,,,,154047593.0,54655258.0,53160777.0,47313913.0,13521.0,19286.0,227.17,80.6,78.39,69.77,284.0,393.0,0.0,,122.58,42.0,19.72,13.08,38605.67,,86.06,4.77,30.1,35.6,,5.98,82.66,0.9,67813000.0,,,,,France,Europe,0.4286,0.2421,242.0686,56474.8647,80.597,78.3932,4527.57,5372.64,20253.17,56.86,64.57,109.8,0.0,-27.18,-91.9
FRA,Europe,France,2023-02-06,38353426.0,0.0,3732.43,164740.0,0.0,37.14,596685.94,0.0,58.07,2562.95,0.0,0.58,,789.0,11.64,13801.0,203.52,177.0,2.61,1904.0,28.08,,,,,,,,,,154218497.0,54659982.0,53167279.0,47473606.0,7218.0,10066.0,227.42,80.6,78.4,70.01,148.0,318.0,0.0,,122.58,42.0,19.72,13.08,38605.67,,86.06,4.77,30.1,35.6,,5.98,82.66,0.9,67813000.0,,,,,France,Europe,0.4295,0.2429,242.9328,56557.6305,80.604,78.4028,3732.43,4009.0,7072.4,37.14,41.86,75.5,0.0,-12.91,-82.78
FRA,Europe,France,2023-02-22,38400087.0,0.0,3445.14,165091.0,0.0,25.71,597411.8,0.0,53.6,2568.41,0.0,0.4,,736.0,10.85,12962.0,191.14,190.0,2.8,1975.0,29.12,,,,,,,,,,154313698.0,54664100.0,53172913.0,47559079.0,4315.0,4617.0,227.56,80.61,78.41,70.13,68.0,229.0,0.0,,122.58,42.0,19.72,13.08,38605.67,,86.06,4.77,30.1,35.6,,5.98,82.66,0.9,67813000.0,,,,,France,Europe,0.4299,0.2435,243.4504,56626.4389,80.6101,78.4111,3445.14,3332.93,3426.23,25.71,25.07,31.23,0.0,6.97,-23.91
FRA,Europe,France,2023-02-24,38400087.0,0.0,3445.14,165091.0,0.0,25.71,597411.8,0.0,53.6,2568.41,0.0,0.4,,731.0,10.78,12958.0,191.08,188.0,2.77,1981.0,29.21,,,,,,,,,,154325460.0,54664618.0,53173751.0,47569486.0,6226.0,4199.0,227.58,80.61,78.41,70.15,62.0,212.0,0.0,,122.58,42.0,19.72,13.08,38605.67,,86.06,4.77,30.1,35.6,,5.98,82.66,0.9,67813000.0,,,,,France,Europe,0.4299,0.2435,243.4504,56626.4389,80.6108,78.4123,3445.14,3332.93,3426.23,25.71,25.07,31.23,0.0,6.97,-23.91
FRA,Europe,France,2023-03-23,38533835.0,0.0,6615.0,165701.0,0.0,23.29,599492.6,0.0,102.91,2577.9,0.0,0.36,,739.0,10.9,13025.0,192.07,269.0,3.97,2780.0,41.0,,,,,,,,,,154392621.0,54669226.0,53180495.0,47625310.0,2418.0,2017.0,227.67,80.62,78.42,70.23,30.0,164.0,0.0,,122.58,42.0,19.72,13.08,38605.67,,86.06,4.77,30.1,35.6,,5.98,82.66,0.9,67813000.0,,,,,France,Europe,0.43,0.2443,244.3499,56823.6695,80.6176,78.4223,6615.0,5868.29,4458.27,23.29,20.57,20.33,0.0,29.16,92.01
FRA,Europe,France,2023-04-21,38753563.0,0.0,7501.29,166429.0,0.0,23.14,602911.06,0.0,116.7,2589.23,0.0,0.36,,,,,,,,,,,,,,,,,,,154437209.0,54672854.0,53186143.0,47660634.0,1938.0,1214.0,227.74,80.62,78.43,70.28,18.0,103.0,0.0,,122.58,42.0,19.72,13.08,38605.67,,86.06,4.77,30.1,35.6,,5.98,82.66,0.9,67813000.0,,,,,France,Europe,0.4295,0.2454,245.4234,57147.69,80.623,78.4306,7501.29,7703.79,7324.27,23.14,25.0,24.27,0.0,-5.12,13.4
FRA,Europe,France,2023-04-24,38802141.0,0.0,6939.71,166709.0,0.0,40.0,603666.8,0.0,107.96,2593.59,0.0,0.62,,,,,,,,,,,,,,,,,,,154439041.0,54673053.0,53186443.0,47661969.0,1158.0,1145.0,227.74,80.62,78.43,70.28,17.0,102.0,0.0,,122.58,42.0,19.72,13.08,38605.67,,86.06,4.77,30.1,35.6,,5.98,82.66,0.9,67813000.0,,,,,France,Europe,0.4296,0.2458,245.8363,57219.3252,80.6233,78.431,6939.71,7220.5,8943.53,40.0,31.57,33.6,0.0,-7.49,4.91
FRA,Europe,France,2023-04-29,38802141.0,0.0,6939.71,166709.0,0.0,40.0,603666.8,0.0,107.96,2593.59,0.0,0.62,,,,,,,,,,,,,,,,,,,154445303.0,54673686.0,53187287.0,47666755.0,604.0,1067.0,227.75,80.62,78.43,70.29,16.0,111.0,0.0,,122.58,42.0,19.72,13.08,38605.67,,86.06,4.77,30.1,35.6,,5.98,82.66,0.9,67813000.0,,,,,France,Europe,0.4296,0.2458,245.8363,57219.3252,80.6242,78.4323,6939.71,7220.5,7123.77,40.0,31.57,28.0,0.0,-7.49,-11.02
FRA,Europe,France,2023-05-16,38898196.0,0.0,3468.57,167357.0,0.0,22.86,605161.2,0.0,53.96,2603.67,0.0,0.36,,,,,,,,,,,,,,,,,,,154458520.0,54674973.0,53188993.0,47676980.0,1344.0,862.0,227.77,80.63,78.43,70.31,13.0,73.0,0.0,,122.58,42.0,19.72,13.08,38605.67,,86.06,4.77,30.1,35.6,,5.98,82.66,0.9,67813000.0,,,,,France,Europe,0.4302,0.2468,246.7919,57360.9721,80.6261,78.4348,3468.57,3972.29,4821.1,22.86,28.5,30.93,0.0,-22.51,-53.76
FRA,Europe,France,2023-05-24,38918846.0,0.0,2950.0,167489.0,0.0,18.86,605482.44,0.0,45.9,2605.72,0.0,0.29,,,,,,,,,,,,,,,,,,,154463554.0,54675416.0,53189576.0,47680988.0,881.0,582.0,227.78,80.63,78.44,70.31,9.0,49.0,0.0,,122.58,42.0,19.72,13.08,38605.67,,86.06,4.77,30.1,35.6,,5.98,82.66,0.9,67813000.0,,,,,France,Europe,0.4304,0.247,246.9866,57391.4235,80.6267,78.4357,2950.0,3209.29,3890.17,18.86,20.86,26.0,0.0,-14.95,-57.49
FRA,Europe,France,2023-05-28,38944076.0,25230.0,3604.29,167638.0,149.0,21.29,605875.0,392.52,56.07,2608.04,2.32,0.33,,,,,,,,,,,,,,,,,,,154465938.0,54675627.0,53189874.0,47682863.0,21.0,725.0,227.78,80.63,78.44,70.32,11.0,60.0,0.0,,122.58,42.0,19.72,13.08,38605.67,,86.06,4.77,30.1,35.6,,5.98,82.66,0.9,67813000.0,116830.43,5.55,2.91,1804.15,France,Europe,0.4305,0.2472,247.2063,57428.6287,80.6271,78.4361,3604.29,3277.14,4731.17,21.29,20.07,30.97,22.18,22.18,-48.06
FRA,Europe,France,2023-06-16,38978308.0,0.0,2231.14,167856.0,0.0,15.14,606407.56,0.0,34.71,2611.43,0.0,0.24,,,,,,,,,,,,,,,,,,,154481057.0,54676728.0,53191448.0,47695313.0,1163.0,805.0,227.8,80.63,78.44,70.33,12.0,46.0,0.0,,122.58,42.0,19.72,13.08,38605.67,,86.06,4.77,30.1,35.6,,5.98,82.66,0.9,67813000.0,,,,,France,Europe,0.4306,0.2475,247.5278,57479.1087,80.6287,78.4384,2231.14,2445.14,2670.4,15.14,15.57,16.63,0.0,-16.1,-35.68
FRA,Europe,France,2023-07-02,38997490.0,0.0,,167985.0,0.0,,606706.0,,,2613.44,,,,,,,,,,,,,,,,,,,,,154490037.0,54677388.0,53192184.0,47702897.0,9.0,540.0,227.82,80.63,78.44,70.34,8.0,40.0,0.0,,122.58,42.0,19.72,13.08,38605.67,,86.06,4.77,30.1,35.6,,5.98,82.66,0.9,67813000.0,116923.43,5.41,-7.25,1805.58,France,Europe,0.4308,0.2477,247.718,57507.3953,80.6297,78.4395,0.0,570.14,1780.47,0.0,4.43,11.57,-100.0,-100.0,-100.0
FRA,Europe,France,2023-07-09,38997490.0,0.0,,167985.0,0.0,,606706.0,,,2613.44,,,,,,,,,,,,,,,,,,,,,154492981.0,54677655.0,53192450.0,47705308.0,14.0,421.0,227.82,80.63,78.44,70.35,6.0,38.0,0.0,,122.58,42.0,19.72,13.08,38605.67,,86.06,4.77,30.1,35.6,,5.98,82.66,0.9,67813000.0,116199.43,5.35,-6.39,1794.4,France,Europe,0.4308,0.2477,247.718,57507.3953,80.63,78.4399,0.0,0.0,1160.0,0.0,0.0,7.83,0.0,0.0,-100.0
FRA,Europe,France,2023-07-10,38997490.0,0.0,,167985.0,0.0,,606706.0,,,2613.44,,,,,,,,,,,,,,,,,,,,,154493266.0,54677678.0,53192478.0,47705542.0,285.0,395.0,227.82,80.63,78.44,70.35,6.0,33.0,0.0,,122.58,42.0,19.72,13.08,38605.67,,86.06,4.77,30.1,35.6,,5.98,82.66,0.9,67813000.0,,,,,France,Europe,0.4308,0.2477,247.718,57507.3953,80.6301,78.4399,0.0,0.0,1160.0,0.0,0.0,7.83,0.0,0.0,-100.0
FRA,Europe,France,2023-08-05,38997490.0,0.0,,167985.0,0.0,,606706.0,,,2613.44,,,,,,,,,,,,,,,,,,,,,,54677678.0,53192478.0,,0.0,,,,,,,,,,122.58,42.0,19.72,13.08,38605.67,,86.06,4.77,30.1,35.6,,5.98,82.66,0.9,67813000.0,,,,,France,Europe,0.4308,0.2477,247.718,57507.3953,80.6301,78.4399,0.0,0.0,0.0,0.0,0.0,0.0,0.0,0.0,0.0
FRA,Europe,France,2023-08-18,38997490.0,0.0,,167985.0,0.0,,606706.0,,,2613.44,,,,,,,,,,,,,,,,,,,,,,54677678.0,53192478.0,,0.0,,,,,,,,,,122.58,42.0,19.72,13.08,38605.67,,86.06,4.77,30.1,35.6,,5.98,82.66,0.9,67813000.0,,,,,France,Europe,0.4308,0.2477,247.718,57507.3953,80.6301,78.4399,0.0,0.0,0.0,0.0,0.0,0.0,0.0,0.0,0.0
FRA,Europe,France,2023-09-08,38997490.0,0.0,,167985.0,0.0,,606706.0,,,2613.44,,,,,,,,,,,,,,,,,,,,,,54677678.0,53192478.0,,0.0,,,,,,,,,,122.58,42.0,19.72,13.08,38605.67,,86.06,4.77,30.1,35.6,,5.98,82.66,0.9,67813000.0,,,,,France,Europe,0.4308,0.2477,247.718,57507.3953,80.6301,78.4399,0.0,0.0,0.0,0.0,0.0,0.0,0.0,0.0,0.0
FRA,Europe,France,2023-09-09,38997490.0,0.0,,167985.0,0.0,,606706.0,,,2613.44,,,,,,,,,,,,,,,,,,,,,,54677678.0,53192478.0,,0.0,,,,,,,,,,122.58,42.0,19.72,13.08,38605.67,,86.06,4.77,30.1,35.6,,5.98,82.66,0.9,67813000.0,,,,,France,Europe,0.4308,0.2477,247.718,57507.3953,80.6301,78.4399,0.0,0.0,0.0,0.0,0.0,0.0,0.0,0.0,0.0
FRA,Europe,France,2023-09-29,38997490.0,0.0,,167985.0,0.0,,606706.0,,,2613.44,,,,,,,,,,,,,,,,,,,,,,54677678.0,53192478.0,,0.0,,,,,,,,,,122.58,42.0,19.72,13.08,38605.67,,86.06,4.77,30.1,35.6,,5.98,82.66,0.9,67813000.0,,,,,France,Europe,0.4308,0.2477,247.718,57507.3953,80.6301,78.4399,0.0,0.0,0.0,0.0,0.0,0.0,0.0,0.0,0.0
FRA,Europe,France,2023-09-30,38997490.0,0.0,,167985.0,0.0,,606706.0,,,2613.44,,,,,,,,,,,,,,,,,,,,,,54677678.0,53192478.0,,0.0,,,,,,,,,,122.58,42.0,19.72,13.08,38605.67,,86.06,4.77,30.1,35.6,,5.98,82.66,0.9,67813000.0,,,,,France,Europe,0.4308,0.2477,247.718,57507.3953,80.6301,78.4399,0.0,0.0,0.0,0.0,0.0,0.0,0.0,0.0,0.0
FRA,Europe,France,2023-10-05,38997490.0,0.0,,167985.0,0.0,,606706.0,,,2613.44,,,,,,,,,,,,,,,,,,,,,,54677678.0,53192478.0,,0.0,,,,,,,,,,122.58,42.0,19.72,13.08,38605.67,,86.06,4.77,30.1,35.6,,5.98,82.66,0.9,67813000.0,,,,,France,Europe,0.4308,0.2477,247.718,57507.3953,80.6301,78.4399,0.0,0.0,0.0,0.0,0.0,0.0,0.0,0.0,0.0
FRA,Europe,France,2023-10-10,38997490.0,0.0,,167985.0,0.0,,606706.0,,,2613.44,,,,,,,,,,,,,,,,,,,,,,54677678.0,53192478.0,,0.0,,,,,,,,,,122.58,42.0,19.72,13.08,38605.67,,86.06,4.77,30.1,35.6,,5.98,82.66,0.9,67813000.0,,,,,France,Europe,0.4308,0.2477,247.718,57507.3953,80.6301,78.4399,0.0,0.0,0.0,0.0,0.0,0.0,0.0,0.0,0.0
FRA,Europe,France,2023-10-21,38997490.0,0.0,,167985.0,0.0,,606706.0,,,2613.44,,,,,,,,,,,,,,,,,,,,,,54677678.0,53192478.0,,0.0,,,,,,,,,,122.58,42.0,19.72,13.08,38605.67,,86.06,4.77,30.1,35.6,,5.98,82.66,0.9,67813000.0,,,,,France,Europe,0.4308,0.2477,247.718,57507.3953,80.6301,78.4399,0.0,0.0,0.0,0.0,0.0,0.0,0.0,0.0,0.0
FRA,Europe,France,2023-10-22,38997490.0,0.0,,167985.0,0.0,,606706.0,,,2613.44,,,,,,,,,,,,,,,,,,,,,,54677678.0,53192478.0,,0.0,,,,,,,,,,122.58,42.0,19.72,13.08,38605.67,,86.06,4.77,30.1,35.6,,5.98,82.66,0.9,67813000.0,116460.04,4.98,3.07,1798.43,France,Europe,0.4308,0.2477,247.718,57507.3953,80.6301,78.4399,0.0,0.0,0.0,0.0,0.0,0.0,0.0,0.0,0.0
FRA,Europe,France,2023-10-23,38997490.0,0.0,,167985.0,0.0,,606706.0,,,2613.44,,,,,,,,,,,,,,,,,,,,,,54677678.0,53192478.0,,0.0,,,,,,,,,,122.58,42.0,19.72,13.08,38605.67,,86.06,4.77,30.1,35.6,,5.98,82.66,0.9,67813000.0,,,,,France,Europe,0.4308,0.2477,247.718,57507.3953,80.6301,78.4399,0.0,0.0,0.0,0.0,0.0,0.0,0.0,0.0,0.0
FRA,Europe,France,2023-10-27,38997490.0,0.0,,167985.0,0.0,,606706.0,,,2613.44,,,,,,,,,,,,,,,,,,,,,,54677678.0,53192478.0,,0.0,,,,,,,,,,122.58,42.0,19.72,13.08,38605.67,,86.06,4.77,30.1,35.6,,5.98,82.66,0.9,67813000.0,,,,,France,Europe,0.4308,0.2477,247.718,57507.3953,80.6301,78.4399,0.0,0.0,0.0,0.0,0.0,0.0,0.0,0.0,0.0
FRA,Europe,France,2023-11-19,38997490.0,0.0,,168003.0,0.0,,606706.0,,,2613.72,,,,,,,,,,,,,,,,,,,,,,54677678.0,53192478.0,,0.0,,,,,,,,,,122.58,42.0,19.72,13.08,38605.67,,86.06,4.77,30.1,35.6,,5.98,82.66,0.9,67813000.0,118670.23,4.98,3.48,1832.56,France,Europe,0.4308,0.2477,247.7445,57507.3953,80.6301,78.4399,0.0,0.0,0.0,0.0,0.0,0.0,0.0,0.0,0.0
FRA,Europe,France,2023-11-21,38997490.0,0.0,,168003.0,0.0,,606706.0,,,2613.72,,,,,,,,,,,,,,,,,,,,,,54677678.0,53192478.0,,0.0,,,,,,,,,,122.58,42.0,19.72,13.08,38605.67,,86.06,4.77,30.1,35.6,,5.98,82.66,0.9,67813000.0,,,,,France,Europe,0.4308,0.2477,247.7445,57507.3953,80.6301,78.4399,0.0,0.0,0.0,0.0,0.0,0.0,0.0,0.0,0.0
FRA,Europe,France,2023-12-16,38997490.0,0.0,,168022.0,0.0,,606706.0,,,2614.01,,,,,,,,,,,,,,,,,,,,,,54677678.0,53192478.0,,0.0,,,,,,,,,,122.58,42.0,19.72,13.08,38605.67,,86.06,4.77,30.1,35.6,,5.98,82.66,0.9,67813000.0,,,,,France,Europe,0.4309,0.2478,247.7726,57507.3953,80.6301,78.4399,0.0,0.0,0.0,0.0,0.0,0.0,0.0,0.0,0.0
FRA,Europe,France,2023-12-17,38997490.0,0.0,,168029.0,0.0,,606706.0,,,2614.12,,,,,,,,,,,,,,,,,,,,,,54677678.0,53192478.0,,0.0,,,,,,,,,,122.58,42.0,19.72,13.08,38605.67,,86.06,4.77,30.1,35.6,,5.98,82.66,0.9,67813000.0,122646.63,5.04,8.62,1893.96,France,Europe,0.4309,0.2478,247.7829,57507.3953,80.6301,78.4399,0.0,0.0,0.0,0.0,0.0,0.0,0.0,0.0,0.0
FRA,Europe,France,2023-12-19,38997490.0,0.0,,168029.0,0.0,,606706.0,,,2614.12,,,,,,,,,,,,,,,,,,,,,,54677678.0,53192478.0,,0.0,,,,,,,,,,122.58,42.0,19.72,13.08,38605.67,,86.06,4.77,30.1,35.6,,5.98,82.66,0.9,67813000.0,,,,,France,Europe,0.4309,0.2478,247.7829,57507.3953,80.6301,78.4399,0.0,0.0,0.0,0.0,0.0,0.0,0.0,0.0,0.0
FRA,Europe,France,2023-12-26,38997490.0,0.0,,168039.0,0.0,,606706.0,,,2614.28,,,,,,,,,,,,,,,,,,,,,,54677678.0,53192478.0,,0.0,,,,,,,,,,122.58,42.0,19.72,13.08,38605.67,,86.06,4.77,30.1,35.6,,5.98,82.66,0.9,67813000.0,,,,,France,Europe,0.4309,0.2478,247.7976,57507.3953,80.6301,78.4399,0.0,0.0,0.0,0.0,0.0,0.0,0.0,0.0,0.0
FRA,Europe,France,2023-12-29,38997490.0,0.0,,168039.0,0.0,,606706.0,,,2614.28,,,,,,,,,,,,,,,,,,,,,,54677678.0,53192478.0,,0.0,,,,,,,,,,122.58,42.0,19.72,13.08,38605.67,,86.06,4.77,30.1,35.6,,5.98,82.66,0.9,67813000.0,,,,,France,Europe,0.4309,0.2478,247.7976,57507.3953,80.6301,78.4399,0.0,0.0,0.0,0.0,0.0,0.0,0.0,0.0,0.0
FRA,Europe,France,2023-12-31,38997490.0,0.0,,168047.0,0.0,,606706.0,,,2614.4,,,,,,,,,,,,,,,,,,,,,,54677678.0,53192478.0,,0.0,,,,,,,,,,122.58,42.0,19.72,13.08,38605.67,,86.06,4.77,30.1,35.6,,5.98,82.66,0.9,67813000.0,124352.03,5.06,6.24,1920.3,France,Europe,0.4309,0.2478,247.8094,57507.3953,80.6301,78.4399,0.0,0.0,0.0,0.0,0.0,0.0,0.0,0.0,0.0
FRA,Europe,France,2024-01-30,38997490.0,0.0,,168081.0,0.0,,606706.0,,,2614.93,,,,,,,,,,,,,,,,,,,,,,54677678.0,53192478.0,,0.0,,,,,,,,,,122.58,42.0,19.72,13.08,38605.67,,86.06,4.77,30.1,35.6,,5.98,82.66,0.9,67813000.0,,,,,France,Europe,0.431,0.2479,247.8596,57507.3953,80.6301,78.4399,0.0,0.0,0.0,0.0,0.0,0.0,0.0,0.0,0.0
FRA,Europe,France,2024-02-26,38997490.0,0.0,,168089.0,0.0,,606706.0,,,2615.06,,,,,,,,,,,,,,,,,,,,,,54677678.0,53192478.0,,0.0,,,,,,,,,,122.58,42.0,19.72,13.08,38605.67,,86.06,4.77,30.1,35.6,,5.98,82.66,0.9,67813000.0,,,,,France,Europe,0.431,0.2479,247.8714,57507.3953,80.6301,78.4399,0.0,0.0,0.0,0.0,0.0,0.0,0.0,0.0,0.0
FRA,Europe,France,2024-03-04,38997490.0,0.0,,168091.0,0.0,,606706.0,,,2615.09,,,,,,,,,,,,,,,,,,,,,,54677678.0,53192478.0,,0.0,,,,,,,,,,122.58,42.0,19.72,13.08,38605.67,,86.06,4.77,30.1,35.6,,5.98,82.66,0.9,67813000.0,,,,,France,Europe,0.431,0.2479,247.8743,57507.3953,80.6301,78.4399,0.0,0.0,0.0,0.0,0.0,0.0,0.0,0.0,0.0
FRA,Europe,France,2024-03-17,38997490.0,0.0,,168091.0,0.0,,606706.0,,,2615.09,,,,,,,,,,,,,,,,,,,,,,54677678.0,53192478.0,,0.0,,,,,,,,,,122.58,42.0,19.72,13.08,38605.67,,86.06,4.77,30.1,35.6,,5.98,82.66,0.9,67813000.0,,,,,France,Europe,0.431,0.2479,247.8743,57507.3953,80.6301,78.4399,0.0,0.0,0.0,0.0,0.0,0.0,0.0,0.0,0.0
FRA,Europe,France,2024-03-29,38997490.0,0.0,,168091.0,0.0,,606706.0,,,2615.09,,,,,,,,,,,,,,,,,,,,,,54677678.0,53192478.0,,0.0,,,,,,,,,,122.58,42.0,19.72,13.08,38605.67,,86.06,4.77,30.1,35.6,,5.98,82.66,0.9,67813000.0,,,,,France,Europe,0.431,0.2479,247.8743,57507.3953,80.6301,78.4399,0.0,0.0,0.0,0.0,0.0,0.0,0.0,0.0,0.0
FRA,Europe,France,2024-04-13,38997490.0,0.0,,168091.0,0.0,,606706.0,,,2615.09,,,,,,,,,,,,,,,,,,,,,,54677678.0,53192478.0,,0.0,,,,,,,,,,122.58,42.0,19.72,13.08,38605.67,,86.06,4.77,30.1,35.6,,5.98,82.66,0.9,67813000.0,,,,,France,Europe,0.431,0.2479,247.8743,57507.3953,80.6301,78.4399,0.0,0.0,0.0,0.0,0.0,0.0,0.0,0.0,0.0
FRA,Europe,France,2024-05-12,38997490.0,0.0,,168091.0,0.0,,606706.0,,,2615.09,,,,,,,,,,,,,,,,,,,,,,54677678.0,53192478.0,,0.0,,,,,,,,,,122.58,42.0,19.72,13.08,38605.67,,86.06,4.77,30.1,35.6,,5.98,82.66,0.9,67813000.0,,,,,France,Europe,0.431,0.2479,247.8743,57507.3953,80.6301,78.4399,0.0,0.0,0.0,0.0,0.0,0.0,0.0,0.0,0.0
FRA,Europe,France,2024-05-14,38997490.0,0.0,,168091.0,0.0,,606706.0,,,2615.09,,,,,,,,,,,,,,,,,,,,,,54677678.0,53192478.0,,0.0,,,,,,,,,,122.58,42.0,19.72,13.08,38605.67,,86.06,4.77,30.1,35.6,,5.98,82.66,0.9,67813000.0,,,,,France,Europe,0.431,0.2479,247.8743,57507.3953,80.6301,78.4399,0.0,0.0,0.0,0.0,0.0,0.0,0.0,0.0,0.0
FRA,Europe,France,2024-06-04,38997490.0,0.0,,168091.0,0.0,,606706.0,,,2615.09,,,,,,,,,,,,,,,,,,,,,,54677678.0,53192478.0,,0.0,,,,,,,,,,122.58,42.0,19.72,13.08,38605.67,,86.06,4.77,30.1,35.6,,5.98,82.66,0.9,67813000.0,,,,,France,Europe,0.431,0.2479,247.8743,57507.3953,80.6301,78.4399,0.0,0.0,0.0,0.0,0.0,0.0,0.0,0.0,0.0
FRA,Europe,France,2024-06-23,38997490.0,0.0,,168091.0,0.0,,606706.0,,,2615.09,,,,,,,,,,,,,,,,,,,,,,54677678.0,53192478.0,,0.0,,,,,,,,,,122.58,42.0,19.72,13.08,38605.67,,86.06,4.77,30.1,35.6,,5.98,82.66,0.9,67813000.0,,,,,France,Europe,0.431,0.2479,247.8743,57507.3953,80.6301,78.4399,0.0,0.0,0.0,0.0,0.0,0.0,0.0,0.0,0.0
FRA,Europe,France,2024-07-04,38997490.0,0.0,,168091.0,0.0,,606706.0,,,2615.09,,,,,,,,,,,,,,,,,,,,,,54677678.0,53192478.0,,0.0,,,,,,,,,,122.58,42.0,19.72,13.08,38605.67,,86.06,4.77,30.1,35.6,,5.98,82.66,0.9,67813000.0,,,,,France,Europe,0.431,0.2479,247.8743,57507.3953,80.6301,78.4399,0.0,0.0,0.0,0.0,0.0,0.0,0.0,0.0,0.0
FRA,Europe,France,2024-08-01,38997490.0,0.0,,168091.0,0.0,,606706.0,,,2615.09,,,,,,,,,,,,,,,,,,,,,,54677678.0,53192478.0,,0.0,,,,,,,,,,122.58,42.0,19.72,13.08,38605.67,,86.06,4.77,30.1,35.6,,5.98,82.66,0.9,67813000.0,,,,,France,Europe,0.431,0.2479,247.8743,57507.3953,80.6301,78.4399,0.0,0.0,0.0,0.0,0.0,0.0,0.0,0.0,0.0
DEU,Europe,Germany,2020-01-10,1.0,0.0,0.14,3.0,0.0,0.43,0.01,0.0,0.0,0.04,0.0,0.0,,,,,,,,,,,,,,,,,,,,0.0,0.0,,0.0,,,,,,,,,0.0,237.02,46.6,21.45,15.96,45229.24,,156.14,8.31,28.2,33.1,,8.0,81.33,0.95,83369840.0,,,,,Germany,Europe,100.0,0.0,0.0036,0.0012,0.0,0.0,0.17,0.17,0.17,0.5,0.5,0.5,-15.0,0.0,0.0
DEU,Europe,Germany,2020-01-26,2.0,1.0,0.14,6.0,3.0,0.43,0.02,0.01,0.0,0.07,0.04,0.0,,,,,,,,,,,,,,,,,,,,0.0,0.0,,0.0,,,,,,,,,5.56,237.02,46.6,21.45,15.96,45229.24,,156.14,8.31,28.2,33.1,,8.0,81.33,0.95,83369840.0,-3679.6,-4.61,-6.71,-44.16,Germany,Europe,100.0,0.0,0.0072,0.0024,0.0,0.0,0.14,0.07,0.09,0.43,0.21,0.27,0.0,0.0,0.0
DEU,Europe,Germany,2020-01-29,2.0,0.0,0.14,6.0,0.0,0.43,0.02,0.0,0.0,0.07,0.0,0.0,,,,,,,,,,,,,,,,,,,,0.0,0.0,,0.0,,,,,,,,,5.56,237.02,46.6,21.45,15.96,45229.24,,156.14,8.31,28.2,33.1,,8.0,81.33,0.95,83369840.0,,,,,Germany,Europe,100.0,0.0,0.0072,0.0024,0.0,0.0,0.14,0.07,0.08,0.43,0.21,0.24,0.0,0.0,0.0
DEU,Europe,Germany,2020-02-05,11.0,0.0,1.29,9.0,0.0,0.43,0.13,0.0,0.02,0.11,0.0,0.0,,,,,,,,,,,,,,,,,,,,0.0,0.0,,0.0,,,,,,,,,5.56,237.02,46.6,21.45,15.96,45229.24,,156.14,8.31,28.2,33.1,,8.0,81.33,0.95,83369840.0,,,,,Germany,Europe,81.8182,0.0,0.0108,0.0132,0.0,0.0,1.29,0.71,0.33,0.43,0.43,0.2,0.0,821.43,158.0
DEU,Europe,Germany,2020-02-29,31.0,0.0,0.86,10.0,0.0,0.14,0.37,0.0,0.01,0.12,0.0,0.0,,,,,,,,,,,,,,,,,,,,0.0,0.0,,0.0,,,,,,,,,25.0,237.02,46.6,21.45,15.96,45229.24,,156.14,8.31,28.2,33.1,,8.0,81.33,0.95,83369840.0,,,,,Germany,Europe,32.2581,0.0,0.012,0.0372,0.0,0.0,0.86,0.79,0.97,0.14,0.07,0.13,0.0,21.13,514.29
DEU,Europe,Germany,2020-03-01,170.0,139.0,19.86,11.0,1.0,0.14,2.02,1.65,0.24,0.13,0.01,0.0,,,,,,,,24.0,0.29,,,,,,,,,,,0.0,0.0,,0.0,,,,,,,,,25.0,237.02,46.6,21.45,15.96,45229.24,,156.14,8.31,28.2,33.1,,8.0,81.33,0.95,83369840.0,-14146.5,-7.56,-12.82,-169.77,Germany,Europe,6.4706,0.0,0.0132,0.2039,0.0,0.0,19.86,10.36,5.6,0.14,0.14,0.17,2209.3,2209.3,14085.71
DEU,Europe,Germany,2020-03-09,1075.0,0.0,129.29,23.0,0.0,1.71,12.78,0.0,1.54,0.27,0.0,0.02,2.83,,,,,,,162.0,1.94,,,,,,,,,,,0.0,0.0,,0.0,,,,,,,,,28.7,237.02,46.6,21.45,15.96,45229.24,,156.14,8.31,28.2,33.1,,8.0,81.33,0.95,83369840.0,,,,,Germany,Europe,2.1395,0.0,0.0276,1.2894,0.0,0.0,129.29,74.57,35.47,1.71,0.93,0.47,0.0,551.01,9922.48
DEU,Europe,Germany,2020-03-10,1075.0,0.0,129.29,23.0,0.0,1.71,12.78,0.0,1.54,0.27,0.0,0.02,2.81,,,,,,,184.0,2.21,,,,,,,,,,,0.0,0.0,,0.0,,,,,,,,,32.87,237.02,46.6,21.45,15.96,45229.24,,156.14,8.31,28.2,33.1,,8.0,81.33,0.95,83369840.0,,,,,Germany,Europe,2.1395,0.0,0.0276,1.2894,0.0,0.0,129.29,74.57,35.17,1.71,0.93,0.47,0.0,551.01,9922.48
DEU,Europe,Germany,2020-04-03,63904.0,0.0,4854.43,2045.0,0.0,208.43,759.98,0.0,57.73,24.32,0.0,2.48,1.25,2364.0,28.36,,,,,6263.0,75.12,,,,,58029.0,0.7,,,tests performed,,0.0,0.0,,0.0,,,,,,,,,76.85,237.02,46.6,21.45,15.96,45229.24,,156.14,8.31,28.2,33.1,,8.0,81.33,0.95,83369840.0,,,,,Germany,Europe,3.2001,0.0025,2.4529,76.6512,0.0,0.0,4854.43,4027.71,2124.47,208.43,138.43,67.8,0.0,51.65,24343.25
DEU,Europe,Germany,2020-04-07,99971.0,0.0,5152.43,4318.0,0.0,324.71,1188.91,0.0,61.28,51.35,0.0,3.86,1.05,2644.0,31.71,,,,,6037.0,72.41,,,,,58278.0,0.7,,,tests performed,,0.0,0.0,,0.0,,,,,,,,,76.85,237.02,46.6,21.45,15.96,45229.24,,156.14,8.31,28.2,33.1,,8.0,81.33,0.95,83369840.0,,,,,Germany,Europe,4.3193,0.0052,5.1793,119.9127,0.0,0.0,5152.43,5003.43,3296.53,324.71,266.57,143.17,0.0,6.14,3885.17
DEU,Europe,Germany,2020-05-18,175272.0,0.0,682.14,8960.0,0.0,23.57,2084.43,0.0,8.11,106.56,0.0,0.28,0.73,1126.0,13.51,,,,,763.0,9.15,,,,,60134.0,0.72,,,tests performed,,0.0,0.0,,0.0,,,,,,,,,61.57,237.02,46.6,21.45,15.96,45229.24,,156.14,8.31,28.2,33.1,,8.0,81.33,0.95,83369840.0,,,,,Germany,Europe,5.1121,0.0107,10.7473,210.2343,0.0,0.0,682.14,787.0,1605.2,23.57,30.21,92.13,0.0,-23.51,-82.41
DEU,Europe,Germany,2020-06-24,190976.0,0.0,598.86,9256.0,0.0,5.86,2271.19,0.0,7.12,110.08,0.0,0.07,1.1,356.0,4.27,,,,,319.0,3.83,,,,,60363.0,0.72,,,tests performed,,0.0,0.0,,0.0,,,,,,,,,63.43,237.02,46.6,21.45,15.96,45229.24,,156.14,8.31,28.2,33.1,,8.0,81.33,0.95,83369840.0,,,,,Germany,Europe,4.8467,0.0111,11.1023,229.0708,0.0,0.0,598.86,467.14,403.33,5.86,5.43,6.17,0.0,78.54,16.32
DEU,Europe,Germany,2020-06-27,190976.0,0.0,598.86,9256.0,0.0,5.86,2271.19,0.0,7.12,110.08,0.0,0.07,1.0,345.0,4.14,,,,,323.0,3.87,,,,,65750.0,0.79,,,tests performed,,0.0,0.0,,0.0,,,,,,,,,63.43,237.02,46.6,21.45,15.96,45229.24,,156.14,8.31,28.2,33.1,,8.0,81.33,0.95,83369840.0,,,,,Germany,Europe,4.8467,0.0111,11.1023,229.0708,0.0,0.0,598.86,467.14,403.33,5.86,5.43,6.17,0.0,78.54,16.32
DEU,Europe,Germany,2020-07-01,194143.0,0.0,452.43,9277.0,0.0,3.0,2308.86,0.0,5.38,110.33,0.0,0.04,0.93,327.0,3.92,,,,,293.0,3.51,,,,,70004.0,0.84,,,tests performed,,0.0,0.0,,0.0,,,,,,,,,63.43,237.02,46.6,21.45,15.96,45229.24,,156.14,8.31,28.2,33.1,,8.0,81.33,0.95,83369840.0,,,,,Germany,Europe,4.7784,0.0111,11.1275,232.8696,0.0,0.0,452.43,525.64,402.03,3.0,4.43,4.7,0.0,-24.45,-1.22
DEU,Europe,Germany,2020-07-13,199263.0,0.0,347.0,9328.0,0.0,3.57,2369.75,0.0,4.13,110.93,0.0,0.04,0.98,264.0,3.17,,,,,258.0,3.1,,,,,73993.0,0.89,,,tests performed,,0.0,0.0,,0.0,,,,,,,,,55.09,237.02,46.6,21.45,15.96,45229.24,,156.14,8.31,28.2,33.1,,8.0,81.33,0.95,83369840.0,,,,,Germany,Europe,4.6813,0.0112,11.1887,239.0109,0.0,0.0,347.0,365.71,494.23,3.57,3.64,4.93,0.0,-9.74,3.18
DEU,Europe,Germany,2020-07-15,199263.0,0.0,347.0,9328.0,0.0,3.57,2369.75,0.0,4.13,110.93,0.0,0.04,1.04,247.0,2.96,,,,,264.0,3.17,,,,,75244.0,0.9,,,tests performed,,0.0,0.0,,0.0,,,,,,,,,55.09,237.02,46.6,21.45,15.96,45229.24,,156.14,8.31,28.2,33.1,,8.0,81.33,0.95,83369840.0,,,,,Germany,Europe,4.6813,0.0112,11.1887,239.0109,0.0,0.0,347.0,365.71,415.97,3.57,3.64,3.77,0.0,-9.74,3.45
DEU,Europe,Germany,2020-07-16,199263.0,0.0,347.0,9328.0,0.0,3.57,2369.75,0.0,4.13,110.93,0.0,0.04,1.06,254.0,3.05,,,,,272.0,3.26,,,,,75869.0,0.91,,,tests performed,,0.0,0.0,,0.0,,,,,,,,,55.09,237.02,46.6,21.45,15.96,45229.24,,156.14,8.31,28.2,33.1,,8.0,81.33,0.95,83369840.0,,,,,Germany,Europe,4.6813,0.0112,11.1887,239.0109,0.0,0.0,347.0,365.71,415.97,3.57,3.64,3.77,0.0,-9.74,3.45
DEU,Europe,Germany,2020-07-21,202307.0,0.0,434.86,9359.0,0.0,4.43,2405.95,0.0,5.17,111.3,0.0,0.05,1.16,253.0,3.04,,,,,332.0,3.98,,,,,78252.0,0.94,,,tests performed,,0.0,0.0,,0.0,,,,,,,,,55.09,237.02,46.6,21.45,15.96,45229.24,,156.14,8.31,28.2,33.1,,8.0,81.33,0.95,83369840.0,,,,,Germany,Europe,4.6261,0.0112,11.2259,242.6621,0.0,0.0,434.86,390.93,377.7,4.43,4.0,3.43,0.0,25.32,-27.39
DEU,Europe,Germany,2020-08-06,211086.0,0.0,691.86,9429.0,0.0,5.29,2510.35,0.0,8.23,112.14,0.0,0.06,1.24,237.0,2.84,,,,,403.0,4.83,,,,,94806.0,1.14,,,tests performed,,0.0,0.0,,0.0,,,,,,,,,57.87,237.02,46.6,21.45,15.96,45229.24,,156.14,8.31,28.2,33.1,,8.0,81.33,0.95,83369840.0,,,,,Germany,Europe,4.4669,0.0113,11.3098,253.1923,0.0,0.0,691.86,627.07,475.07,5.29,5.0,4.2,0.0,23.04,79.97
DEU,Europe,Germany,2020-08-22,225124.0,0.0,1138.71,9494.0,0.0,4.43,2677.3,0.0,13.54,112.91,0.0,0.05,1.17,232.0,2.78,,,,,439.0,5.27,,,,,144447.0,1.73,,,tests performed,,0.0,0.0,,0.0,,,,,,,,,56.94,237.02,46.6,21.45,15.96,45229.24,,156.14,8.31,28.2,33.1,,8.0,81.33,0.95,83369840.0,,,,,Germany,Europe,4.2172,0.0114,11.3878,270.0305,0.0,0.0,1138.71,1002.71,760.57,4.43,4.64,4.5,0.0,31.38,161.86
DEU,Europe,Germany,2020-08-26,234704.0,0.0,1368.57,9525.0,0.0,4.43,2791.23,0.0,16.28,113.28,0.0,0.05,1.08,227.0,2.72,,,,,411.0,4.93,,,,,153850.0,1.84,,,tests performed,,0.0,0.0,,0.0,,,,,,,,,59.72,237.02,46.6,21.45,15.96,45229.24,,156.14,8.31,28.2,33.1,,8.0,81.33,0.95,83369840.0,,,,,Germany,Europe,4.0583,0.0114,11.425,281.5215,0.0,0.0,1368.57,1253.64,948.7,4.43,4.43,4.43,0.0,20.19,143.39
DEU,Europe,Germany,2020-09-12,252157.0,0.0,1229.86,9578.0,0.0,5.0,2998.79,0.0,14.63,113.91,0.0,0.06,1.1,233.0,2.8,,,,,449.0,5.39,,,,,162117.0,1.94,,,tests performed,,0.0,0.0,,0.0,,,,,,,,,49.54,237.02,46.6,21.45,15.96,45229.24,,156.14,8.31,28.2,33.1,,8.0,81.33,0.95,83369840.0,,,,,Germany,Europe,3.7984,0.0115,11.4886,302.4559,0.0,0.0,1229.86,1246.64,1166.8,5.0,3.79,3.83,0.0,-2.66,41.9
DEU,Europe,Germany,2020-09-15,261942.0,0.0,1397.86,9646.0,0.0,9.71,3115.16,0.0,16.62,114.72,0.0,0.12,1.14,236.0,2.83,,,,,503.0,6.03,,,,,164043.0,1.97,,,tests performed,,0.0,0.0,,0.0,,,,,,,,,49.54,237.02,46.6,21.45,15.96,45229.24,,156.14,8.31,28.2,33.1,,8.0,81.33,0.95,83369840.0,,,,,Germany,Europe,3.6825,0.0116,11.5701,314.1928,0.0,0.0,1397.86,1313.86,1227.27,9.71,7.36,5.07,0.0,13.66,22.76
DEU,Europe,Germany,2020-09-30,287291.0,0.0,1866.29,9838.0,0.0,15.71,3416.62,0.0,22.2,117.0,0.0,0.19,1.18,355.0,4.26,,,,,826.0,9.91,,,,,168745.0,2.02,,,tests performed,,0.0,0.0,,0.0,,,,,,,,,49.54,237.02,46.6,21.45,15.96,45229.24,,156.14,8.31,28.2,33.1,,8.0,81.33,0.95,83369840.0,,,,,Germany,Europe,3.4244,0.0118,11.8004,344.5982,0.0,0.0,1866.29,1810.64,1458.1,15.71,13.71,9.83,0.0,6.34,47.72
DEU,Europe,Germany,2020-10-04,303237.0,15946.0,2278.0,9959.0,121.0,17.29,3606.26,189.64,27.09,118.44,1.44,0.21,1.27,424.0,5.09,,,,,881.0,10.57,17998083.0,,215.78,,161304.0,1.93,0.02,55.6,tests performed,,0.0,0.0,,0.0,,,,,,,,,49.54,237.02,46.6,21.45,15.96,45229.24,,156.14,8.31,28.2,33.1,,8.0,81.33,0.95,83369840.0,-6902.2,-0.94,3.54,-82.83,Germany,Europe,3.2842,0.0119,11.9456,363.7251,0.0,0.0,2278.0,2072.14,1989.63,17.29,16.5,13.87,22.06,22.06,80.3
DEU,Europe,Germany,2020-10-18,371413.0,42031.0,6004.43,10670.0,464.0,66.29,4417.05,499.86,71.41,126.89,5.52,0.79,1.5,769.0,9.22,,,,,2266.0,27.18,20501420.0,,245.8,,183478.0,2.2,0.04,27.8,tests performed,,0.0,0.0,,0.0,,,,,,,,,58.8,237.02,46.6,21.45,15.96,45229.24,,156.14,8.31,28.2,33.1,,8.0,81.33,0.95,83369840.0,-6920.8,-0.9,0.94,-83.05,Germany,Europe,2.8728,0.0128,12.7984,445.5004,0.0,0.0,6004.43,4869.71,3649.03,66.29,50.79,34.13,60.76,60.76,329.54
DEU,Europe,Germany,2020-10-29,446205.0,0.0,10684.57,11685.0,0.0,145.0,5306.52,0.0,127.07,138.96,0.0,1.72,1.44,1696.0,20.34,,,,,5145.0,61.71,,,,,224334.0,2.69,,,tests performed,,0.0,0.0,,0.0,,,,,,,,,60.65,237.02,46.6,21.45,15.96,45229.24,,156.14,8.31,28.2,33.1,,8.0,81.33,0.95,83369840.0,,,,,Germany,Europe,2.6188,0.014,14.0159,535.2115,0.0,0.0,10684.57,8344.5,5297.13,145.0,105.64,61.57,0.0,77.94,472.5
DEU,Europe,Germany,2020-11-10,682906.0,0.0,17956.0,15216.0,0.0,272.86,8121.5,0.0,213.54,180.96,0.0,3.24,1.16,3058.0,36.68,,,,,6945.0,83.3,,,,,226705.0,2.72,,,tests performed,,0.0,0.0,,0.0,,,,,,,,,62.04,237.02,46.6,21.45,15.96,45229.24,,156.14,8.31,28.2,33.1,,8.0,81.33,0.95,83369840.0,,,,,Germany,Europe,2.2281,0.0183,18.2512,819.1284,0.0,0.0,17956.0,16907.21,11784.13,272.86,252.21,167.0,0.0,13.23,380.75
DEU,Europe,Germany,2020-11-20,810768.0,0.0,18266.0,17752.0,0.0,362.29,9642.1,0.0,217.23,211.12,0.0,4.31,1.03,3615.0,43.36,,,,,8197.0,98.32,,,,,202768.0,2.43,,,tests performed,,0.0,0.0,,0.0,,,,,,,,,62.04,237.02,46.6,21.45,15.96,45229.24,,156.14,8.31,28.2,33.1,,8.0,81.33,0.95,83369840.0,,,,,Germany,Europe,2.1895,0.0213,21.2931,972.4956,0.0,0.0,18266.0,18111.0,14645.17,362.29,317.57,236.07,0.0,1.73,204.21
DEU,Europe,Germany,2020-11-23,939168.0,0.0,18342.86,20978.0,0.0,460.86,11169.11,0.0,218.14,249.48,0.0,5.48,1.02,3740.0,44.86,,,,,8215.0,98.54,,,,,199632.0,2.39,,,tests performed,,0.0,0.0,,0.0,,,,,,,,,62.04,237.02,46.6,21.45,15.96,45229.24,,156.14,8.31,28.2,33.1,,8.0,81.33,0.95,83369840.0,,,,,Germany,Europe,2.2337,0.0252,25.1626,1126.5081,0.0,0.0,18342.86,18304.43,18925.17,460.86,411.57,343.6,0.0,0.42,205.49
DEU,Europe,Germany,2020-11-30,1062290.0,0.0,17588.86,24579.0,0.0,514.43,12633.34,0.0,209.18,292.31,0.0,6.12,1.02,3926.0,47.09,,,,,8433.0,101.15,,,,,197602.0,2.37,,,tests performed,,0.0,0.0,,0.0,,,,,,,,,67.59,237.02,46.6,21.45,15.96,45229.24,,156.14,8.31,28.2,33.1,,8.0,81.33,0.95,83369840.0,,,,,Germany,Europe,2.3138,0.0295,29.4819,1274.1898,0.0,0.0,17588.86,17965.86,20536.17,514.43,487.64,429.8,0.0,-4.11,64.62
DEU,Europe,Germany,2020-12-01,1062290.0,0.0,17588.86,24579.0,0.0,514.43,12633.34,0.0,209.18,292.31,0.0,6.12,1.02,3921.0,47.03,,,,,8414.0,100.92,,,,,197901.0,2.37,,,tests performed,,0.0,0.0,,0.0,,,,,,,,,67.59,237.02,46.6,21.45,15.96,45229.24,,156.14,8.31,28.2,33.1,,8.0,81.33,0.95,83369840.0,,,,,Germany,Europe,2.3138,0.0295,29.4819,1274.1898,0.0,0.0,17588.86,17965.86,16835.87,514.43,487.64,375.77,0.0,-4.11,10.91
DEU,Europe,Germany,2020-12-10,1190548.0,0.0,18322.57,29059.0,0.0,640.0,14158.66,0.0,217.9,345.59,0.0,7.61,1.1,4339.0,52.04,,,,,10210.0,122.47,,,,,209215.0,2.51,,,tests performed,,0.0,0.0,,0.0,,,,,,,,,67.59,237.02,46.6,21.45,15.96,45229.24,,156.14,8.31,28.2,33.1,,8.0,81.33,0.95,83369840.0,,,,,Germany,Europe,2.4408,0.0349,34.8555,1428.032,0.0,0.0,18322.57,17955.71,16921.4,640.0,577.21,461.43,0.0,4.17,2.04
DEU,Europe,Germany,2020-12-24,1521350.0,0.0,24941.29,41281.0,0.0,922.86,18092.74,0.0,296.62,490.94,0.0,10.98,0.96,5346.0,64.12,,,,,13139.0,157.6,,,,,191646.0,2.3,,,tests performed,,0.0,0.0,,0.0,,,,,,,,,82.41,237.02,46.6,21.45,15.96,45229.24,,156.14,8.31,28.2,33.1,,8.0,81.33,0.95,83369840.0,,,,,Germany,Europe,2.7134,0.0495,49.5155,1824.8206,0.0,0.0,24941.29,23628.71,19406.07,922.86,873.0,676.77,0.0,11.76,35.97
DEU,Europe,Germany,2020-12-28,1660178.0,0.0,19832.57,47009.0,0.0,818.29,19743.76,0.0,235.86,559.06,0.0,9.73,0.94,5600.0,67.17,,,,,11157.0,133.82,,,,,150775.0,1.81,,,tests performed,42500.0,42500.0,0.0,,18073.0,18073.0,0.05,0.05,,,217.0,18073.0,0.02,82.41,237.02,46.6,21.45,15.96,45229.24,,156.14,8.31,28.2,33.1,,8.0,81.33,0.95,83369840.0,,,,,Germany,Europe,2.8316,0.0564,56.3861,1991.3412,0.051,0.0,19832.57,22386.93,24033.67,818.29,870.57,867.7,0.0,-20.48,8.12
DEU,Europe,Germany,2021-02-05,2221290.0,0.0,11167.43,70817.0,0.0,443.14,26416.81,0.0,132.81,842.2,0.0,5.27,0.82,4072.0,48.84,,,,,6905.0,82.82,,,,,159903.0,1.92,,,tests performed,3246539.0,2265619.0,980920.0,,147683.0,120682.0,3.89,2.72,1.18,,1448.0,54401.0,0.06,83.33,237.02,46.6,21.45,15.96,45229.24,,156.14,8.31,28.2,33.1,,8.0,81.33,0.95,83369840.0,,,,,Germany,Europe,3.1881,0.0849,84.9432,2664.3808,2.7176,1.1766,11167.43,12408.93,14605.3,443.14,514.93,602.13,0.0,-18.19,-36.42
DEU,Europe,Germany,2021-02-06,2221290.0,0.0,11167.43,70817.0,0.0,443.14,26416.81,0.0,132.81,842.2,0.0,5.27,0.81,3965.0,47.56,,,,,6707.0,80.45,,,,,158871.0,1.9,,,tests performed,3340781.0,2311242.0,1029539.0,,94242.0,121545.0,4.01,2.77,1.23,,1458.0,55963.0,0.07,83.33,237.02,46.6,21.45,15.96,45229.24,,156.14,8.31,28.2,33.1,,8.0,81.33,0.95,83369840.0,,,,,Germany,Europe,3.1881,0.0849,84.9432,2664.3808,2.7723,1.2349,11167.43,12408.93,14605.3,443.14,514.93,602.13,0.0,-18.19,-36.42
DEU,Europe,Germany,2021-02-12,2285886.0,0.0,9228.0,73085.0,0.0,324.0,27185.02,0.0,109.74,869.17,0.0,3.85,0.82,3551.0,42.59,,,,,5542.0,66.47,,,,,153614.0,1.84,,,tests performed,4095500.0,2686854.0,1408646.0,,156387.0,121280.0,4.91,3.22,1.69,,1455.0,60176.0,0.07,83.33,237.02,46.6,21.45,15.96,45229.24,,156.14,8.31,28.2,33.1,,8.0,81.33,0.95,83369840.0,,,,,Germany,Europe,3.1972,0.0877,87.6636,2741.862,3.2228,1.6896,9228.0,10197.71,11908.33,324.0,383.57,485.77,0.0,-17.37,-55.61
DEU,Europe,Germany,2021-02-13,2285886.0,0.0,9228.0,73085.0,0.0,324.0,27185.02,0.0,109.74,869.17,0.0,3.85,0.83,3485.0,41.8,,,,,5412.0,64.92,,,,,152769.0,1.83,,,tests performed,4203439.0,2748952.0,1454487.0,,107939.0,123237.0,5.04,3.3,1.74,,1478.0,62530.0,0.08,83.33,237.02,46.6,21.45,15.96,45229.24,,156.14,8.31,28.2,33.1,,8.0,81.33,0.95,83369840.0,,,,,Germany,Europe,3.1972,0.0877,87.6636,2741.862,3.2973,1.7446,9228.0,10197.71,11908.33,324.0,383.57,485.77,0.0,-17.37,-55.61
DEU,Europe,Germany,2021-03-05,2445398.0,0.0,8050.86,77470.0,0.0,175.29,29082.03,0.0,95.74,921.32,0.0,2.08,1.06,2765.0,33.16,,,,,4566.0,54.77,,,,,166109.0,1.99,,,tests performed,7537869.0,5040725.0,2497144.0,,276258.0,206164.0,9.04,6.05,3.0,,2473.0,153583.0,0.18,77.78,237.02,46.6,21.45,15.96,45229.24,,156.14,8.31,28.2,33.1,,8.0,81.33,0.95,83369840.0,,,,,Germany,Europe,3.168,0.0929,92.9233,2933.1926,6.0462,2.9953,8050.86,7763.21,7470.27,175.29,193.21,221.77,0.0,7.7,-27.91
DEU,Europe,Germany,2021-03-17,2575214.0,0.0,10198.71,79623.0,0.0,157.71,30625.87,0.0,121.29,946.92,0.0,1.88,1.22,2859.0,34.29,,,,,5249.0,62.96,,,,,189016.0,2.27,,,tests performed,10333691.0,7152069.0,3181622.0,,206224.0,237486.0,12.39,8.58,3.82,,2849.0,176411.0,0.21,77.78,237.02,46.6,21.45,15.96,45229.24,,156.14,8.31,28.2,33.1,,8.0,81.33,0.95,83369840.0,,,,,Germany,Europe,3.0919,0.0955,95.5058,3088.9036,8.5787,3.8163,10198.71,9272.57,7950.03,157.71,153.79,161.93,0.0,22.19,40.46
DEU,Europe,Germany,2021-03-26,2667824.0,0.0,13230.0,80900.0,0.0,182.43,31727.24,0.0,157.34,962.11,0.0,2.17,1.21,3333.0,39.98,,,,,6527.0,78.29,,,,,201309.0,2.41,,,tests performed,12778739.0,8922997.0,3855742.0,,374953.0,286310.0,15.33,10.7,4.62,,3434.0,212966.0,0.26,75.0,237.02,46.6,21.45,15.96,45229.24,,156.14,8.31,28.2,33.1,,8.0,81.33,0.95,83369840.0,,,,,Germany,Europe,3.0324,0.097,97.0375,3199.9869,10.7029,4.6249,13230.0,11714.36,9292.73,182.43,170.07,155.23,0.0,29.72,76.98
DEU,Europe,Germany,2021-04-23,3154349.0,0.0,20288.71,87225.0,0.0,232.43,37513.27,0.0,241.28,1037.33,0.0,2.76,1.05,5054.0,60.62,,,,,8102.0,97.18,,,,,200507.0,2.4,,,tests performed,25184279.0,19287219.0,5897306.0,,541819.0,506498.0,30.21,23.13,7.07,,6075.0,444553.0,0.53,75.0,237.02,46.6,21.45,15.96,45229.24,,156.14,8.31,28.2,33.1,,8.0,81.33,0.95,83369840.0,,,,,Germany,Europe,2.7652,0.1046,104.6242,3783.5613,23.1345,7.0737,20288.71,18586.36,16217.5,232.43,229.21,210.83,0.0,20.17,53.35
DEU,Europe,Germany,2021-05-04,3423711.0,0.0,17812.0,90154.0,0.0,186.71,40716.67,0.0,211.83,1072.16,0.0,2.22,0.88,4954.0,59.42,,,,,6645.0,79.7,,,,,191395.0,2.3,,,tests performed,31935101.0,24934347.0,7001156.0,,897993.0,687357.0,38.31,29.91,8.4,,8245.0,569397.0,0.68,75.0,237.02,46.6,21.45,15.96,45229.24,,156.14,8.31,28.2,33.1,,8.0,81.33,0.95,83369840.0,,,,,Germany,Europe,2.6332,0.1081,108.1374,4106.6542,29.9081,8.3977,17812.0,19240.14,17652.37,186.71,209.21,204.6,0.0,-13.82,13.34
DEU,Europe,Germany,2021-05-05,3423711.0,0.0,17812.0,90154.0,0.0,186.71,40716.67,0.0,211.83,1072.16,0.0,2.22,0.86,4839.0,58.04,,,,,6438.0,77.22,,,,,189233.0,2.27,,,tests performed,33145925.0,25906794.0,7239551.0,,1210824.0,694237.0,39.76,31.07,8.68,,8327.0,561220.0,0.67,75.0,237.02,46.6,21.45,15.96,45229.24,,156.14,8.31,28.2,33.1,,8.0,81.33,0.95,83369840.0,,,,,Germany,Europe,2.6332,0.1081,108.1374,4106.6542,31.0745,8.6837,17812.0,19240.14,17652.37,186.71,209.21,204.6,0.0,-13.82,13.34
DEU,Europe,Germany,2021-05-13,3524558.0,0.0,14406.71,91164.0,0.0,144.29,41916.0,0.0,171.33,1084.17,0.0,1.72,0.76,4255.0,51.04,,,,,4977.0,59.7,,,,,167763.0,2.01,,,tests performed,39354633.0,30385655.0,8969776.0,1.0,414424.0,743877.0,47.2,36.45,10.76,0.0,8923.0,528689.0,0.63,75.0,237.02,46.6,21.45,15.96,45229.24,,156.14,8.31,28.2,33.1,,8.0,81.33,0.95,83369840.0,,,,,Germany,Europe,2.5865,0.1093,109.3489,4227.6176,36.4468,10.759,14406.71,16109.36,17074.33,144.29,165.5,185.53,0.0,-19.12,-14.67
DEU,Europe,Germany,2021-05-17,3595304.0,0.0,10106.57,91840.0,0.0,96.57,42757.35,0.0,120.19,1092.21,0.0,1.15,0.72,4015.0,48.16,,,,,4078.0,48.92,,,,,160578.0,1.92,,,tests performed,41316240.0,31650437.0,9666752.0,1.0,551980.0,716122.0,49.56,37.96,11.6,0.0,8590.0,498351.0,0.6,75.0,237.02,46.6,21.45,15.96,45229.24,,156.14,8.31,28.2,33.1,,8.0,81.33,0.95,83369840.0,,,,,Germany,Europe,2.5544,0.1102,110.1597,4312.4756,37.9639,11.595,10106.57,12256.64,19432.53,96.57,120.43,208.07,0.0,-29.85,-40.14
DEU,Europe,Germany,2021-05-26,3647974.0,0.0,7524.29,92288.0,0.0,64.0,43383.73,0.0,89.48,1097.54,0.0,0.76,0.62,3000.0,35.98,,,,,2195.0,26.33,,,,,158623.0,1.9,,,tests performed,48215471.0,35092100.0,13225336.0,1.0,1276608.0,682420.0,57.83,42.09,15.86,0.0,8185.0,322960.0,0.39,75.0,237.02,46.6,21.45,15.96,45229.24,,156.14,8.31,28.2,33.1,,8.0,81.33,0.95,83369840.0,,,,,Germany,Europe,2.5298,0.1107,110.6971,4375.6519,42.0921,15.8635,7524.29,8815.43,11631.57,64.0,80.29,114.7,0.0,-25.55,-63.6
DEU,Europe,Germany,2021-05-28,3647974.0,0.0,7524.29,92288.0,0.0,64.0,43383.73,0.0,89.48,1097.54,0.0,0.76,0.65,2702.0,32.41,,,,,1934.0,23.2,,,,,147594.0,1.77,,,tests performed,50160497.0,36028011.0,14386450.0,1.0,888201.0,699068.0,60.17,43.21,17.26,0.0,8385.0,327719.0,0.39,75.0,237.02,46.6,21.45,15.96,45229.24,,156.14,8.31,28.2,33.1,,8.0,81.33,0.95,83369840.0,,,,,Germany,Europe,2.5298,0.1107,110.6971,4375.6519,43.2147,17.2562,7524.29,8815.43,11631.57,64.0,80.29,114.7,0.0,-25.55,-63.6
DEU,Europe,Germany,2021-06-21,3719868.0,0.0,1040.71,92804.0,0.0,6.71,44238.73,0.0,12.38,1103.68,0.0,0.08,0.56,889.0,10.66,,,,,529.0,6.34,,,,,104702.0,1.25,,,tests performed,68795001.0,43670172.0,26585759.0,5104.0,622271.0,862515.0,82.52,52.38,31.89,0.01,10346.0,337518.0,0.4,69.44,237.02,46.6,21.45,15.96,45229.24,,156.14,8.31,28.2,33.1,,8.0,81.33,0.95,83369840.0,,,,,Germany,Europe,2.4948,0.1113,111.316,4461.8869,52.3813,31.8889,1040.71,1524.79,4152.13,6.71,8.14,32.13,0.0,-48.19,-89.7
DEU,Europe,Germany,2021-06-27,3724727.0,4859.0,694.14,92834.0,30.0,4.29,44296.52,57.79,8.26,1104.03,0.36,0.05,0.64,706.0,8.47,,,,,379.0,4.55,64635670.0,,774.93,,102702.0,1.23,0.01,100.0,tests performed,74008003.0,45877927.0,29730564.0,5799.0,278963.0,833610.0,88.77,55.03,35.66,0.01,9999.0,349449.0,0.42,69.44,237.02,46.6,21.45,15.96,45229.24,,156.14,8.31,28.2,33.1,,8.0,81.33,0.95,83369840.0,41092.5,2.83,1.58,492.67,Germany,Europe,2.4924,0.1114,111.352,4467.7152,55.0294,35.6611,694.14,867.43,2558.43,4.29,5.5,18.2,-33.3,-33.3,-90.77
DEU,Europe,Germany,2021-07-29,3756471.0,0.0,1806.57,92954.0,0.0,5.71,44674.04,0.0,21.48,1105.46,0.0,0.07,1.39,347.0,4.16,,,,,687.0,8.24,,,,,84657.0,1.01,,,tests performed,93647034.0,52196546.0,43310955.0,13078.0,591767.0,446802.0,112.33,62.61,51.95,0.02,5359.0,98667.0,0.12,69.44,237.02,46.6,21.45,15.96,45229.24,,156.14,8.31,28.2,33.1,,8.0,81.33,0.95,83369840.0,,,,,Germany,Europe,2.4745,0.1115,111.496,4505.7913,62.6084,51.9504,1806.57,1554.21,1058.13,5.71,5.0,4.0,0.0,38.77,160.26
DEU,Europe,Germany,2021-08-17,3824493.0,0.0,4582.43,93259.0,0.0,20.57,45482.99,0.0,54.5,1109.09,0.0,0.24,1.55,576.0,6.91,,,316.0,3.79,1809.0,21.7,,,,,86841.0,1.04,,,tests performed,100275950.0,53805511.0,48382908.0,21284.0,396901.0,348365.0,120.28,64.54,58.03,0.03,4179.0,97703.0,0.12,61.11,237.02,46.6,21.45,15.96,45229.24,,156.14,8.31,28.2,33.1,,8.0,81.33,0.95,83369840.0,,,,,Germany,Europe,2.4385,0.1119,111.8618,4587.382,64.5383,58.0341,4582.43,3750.0,2688.93,20.57,16.64,11.5,0.0,57.06,251.99
DEU,Europe,Germany,2021-08-20,3824493.0,0.0,4582.43,93259.0,0.0,20.57,45482.99,0.0,54.5,1109.09,0.0,0.24,1.52,652.0,7.82,,,364.0,4.37,2152.0,25.81,,,,,94377.0,1.13,,,tests performed,101419192.0,54216012.0,49129767.0,24583.0,309224.0,301802.0,121.65,65.03,58.93,0.03,3620.0,103689.0,0.12,58.33,237.02,46.6,21.45,15.96,45229.24,,156.14,8.31,28.2,33.1,,8.0,81.33,0.95,83369840.0,,,,,Germany,Europe,2.4385,0.1119,111.8618,4587.382,65.0307,58.9299,4582.43,3750.0,2688.93,20.57,16.64,11.5,0.0,57.06,251.99
DEU,Europe,Germany,2021-08-21,3824493.0,0.0,4582.43,93259.0,0.0,20.57,45482.99,0.0,54.5,1109.09,0.0,0.24,1.51,682.0,8.18,,,373.0,4.47,2233.0,26.78,,,,,96889.0,1.16,,,tests performed,101573184.0,54288779.0,49210725.0,25247.0,153992.0,295889.0,121.83,65.12,59.03,0.03,3549.0,104381.0,0.12,58.33,237.02,46.6,21.45,15.96,45229.24,,156.14,8.31,28.2,33.1,,8.0,81.33,0.95,83369840.0,,,,,Germany,Europe,2.4385,0.1119,111.8618,4587.382,65.118,59.027,4582.43,3750.0,2688.93,20.57,16.64,11.5,0.0,57.06,251.99
DEU,Europe,Germany,2021-09-02,3940516.0,0.0,9481.57,93834.0,0.0,50.14,46862.8,0.0,112.76,1115.93,0.0,0.6,1.28,1170.0,14.03,,,620.0,7.44,3220.0,38.62,,,,,130708.0,1.57,,,tests performed,104431796.0,55544025.0,50807245.0,81899.0,277568.0,221191.0,125.26,66.62,60.94,0.1,2653.0,100041.0,0.12,42.09,237.02,46.6,21.45,15.96,45229.24,,156.14,8.31,28.2,33.1,,8.0,81.33,0.95,83369840.0,,,,,Germany,Europe,2.3813,0.1126,112.5515,4726.5486,66.6236,60.942,9481.57,8287.36,5617.43,50.14,41.07,26.93,0.0,33.67,327.59
DEU,Europe,Germany,2021-09-06,4015253.0,0.0,10676.71,94266.0,0.0,61.71,47751.61,0.0,126.97,1121.06,0.0,0.73,1.2,1322.0,15.86,,,705.0,8.46,3290.0,39.46,,,,,137234.0,1.64,,,tests performed,104975108.0,55780836.0,51082368.0,121443.0,153331.0,203009.0,125.91,66.91,61.27,0.15,2435.0,89032.0,0.11,42.01,237.02,46.6,21.45,15.96,45229.24,,156.14,8.31,28.2,33.1,,8.0,81.33,0.95,83369840.0,,,,,Germany,Europe,2.3477,0.1131,113.0697,4816.1937,66.9077,61.272,10676.71,10079.14,8108.67,61.71,55.93,41.33,0.0,12.6,381.49
DEU,Europe,Germany,2021-09-19,4148380.0,61471.0,8781.57,95100.0,385.0,55.0,49334.83,731.05,104.44,1130.98,4.58,0.65,0.98,1535.0,18.41,,,650.0,7.8,2859.0,34.29,73466471.0,,880.8,,141018.0,1.69,0.07,13.5,tests performed,107605594.0,56806142.0,52423729.0,430590.0,63030.0,205717.0,129.07,68.14,62.88,0.52,2468.0,77950.0,0.09,36.08,237.02,46.6,21.45,15.96,45229.24,,156.14,8.31,28.2,33.1,,8.0,81.33,0.95,83369840.0,45829.9,2.76,7.67,549.46,Germany,Europe,2.2925,0.1141,114.07,4975.8762,68.1375,62.8809,8781.57,9509.07,10796.23,55.0,59.57,61.37,-14.21,-14.21,91.64
DEU,Europe,Germany,2021-09-23,4148380.0,0.0,8781.57,95100.0,0.0,55.0,49334.83,0.0,104.44,1130.98,0.0,0.65,0.96,1458.0,17.49,,,545.0,6.54,2567.0,30.79,,,,,139476.0,1.67,,,tests performed,108613211.0,57143846.0,52925897.0,616032.0,284950.0,202678.0,130.28,68.54,63.48,0.74,2431.0,69922.0,0.08,35.43,237.02,46.6,21.45,15.96,45229.24,,156.14,8.31,28.2,33.1,,8.0,81.33,0.95,83369840.0,,,,,Germany,Europe,2.2925,0.1141,114.07,4975.8762,68.5426,63.4833,8781.57,9509.07,9141.17,55.0,59.57,53.9,0.0,-14.21,23.8
DEU,Europe,Germany,2021-10-07,4258484.0,0.0,8068.71,95877.0,0.0,60.43,50644.25,0.0,95.96,1140.22,0.0,0.72,1.08,1374.0,16.48,,,543.0,6.51,2423.0,29.06,,,,,138107.0,1.66,,,tests performed,110843530.0,57846590.0,54032484.0,1076339.0,237456.0,136080.0,132.95,69.39,64.81,1.29,1632.0,41849.0,0.05,34.15,237.02,46.6,21.45,15.96,45229.24,,156.14,8.31,28.2,33.1,,8.0,81.33,0.95,83369840.0,,,,,Germany,Europe,2.2514,0.115,115.002,5107.9431,69.3855,64.8106,8068.71,7864.57,8107.7,60.43,55.5,53.7,0.0,5.33,-24.43
DEU,Europe,Germany,2021-10-09,4258484.0,0.0,8068.71,95877.0,0.0,60.43,50644.25,0.0,95.96,1140.22,0.0,0.72,1.1,1342.0,16.1,,,546.0,6.55,2549.0,30.58,,,,,137854.0,1.65,,,tests performed,111039451.0,57910324.0,54124126.0,1120881.0,37878.0,141761.0,133.19,69.46,64.92,1.34,1700.0,42931.0,0.05,34.13,237.02,46.6,21.45,15.96,45229.24,,156.14,8.31,28.2,33.1,,8.0,81.33,0.95,83369840.0,,,,,Germany,Europe,2.2514,0.115,115.002,5107.9431,69.462,64.9205,8068.71,7864.57,8107.7,60.43,55.5,53.7,0.0,5.33,-24.43
DEU,Europe,Germany,2021-10-22,4381868.0,0.0,9337.0,96947.0,0.0,83.0,52111.6,0.0,111.04,1152.95,0.0,0.99,1.36,1542.0,18.5,,,761.0,9.13,4206.0,50.45,,,,,128463.0,1.54,,,tests performed,112946884.0,58422933.0,54943902.0,1721528.0,151278.0,138300.0,135.48,70.08,65.9,2.06,1659.0,35676.0,0.04,28.39,237.02,46.6,21.45,15.96,45229.24,,156.14,8.31,28.2,33.1,,8.0,81.33,0.95,83369840.0,,,,,Germany,Europe,2.2125,0.1163,116.2855,5255.9391,70.0768,65.9038,9337.0,8813.14,7782.93,83.0,76.43,61.57,0.0,12.64,6.32
DEU,Europe,Germany,2021-10-28,4479591.0,0.0,13960.43,97998.0,0.0,150.14,53273.78,0.0,166.02,1165.45,0.0,1.79,1.42,1810.0,21.71,,,965.0,11.58,5333.0,63.97,,,,,151405.0,1.82,,,tests performed,113910741.0,58628872.0,55288441.0,2143096.0,275365.0,159305.0,136.63,70.32,66.32,2.57,1911.0,34942.0,0.04,30.18,237.02,46.6,21.45,15.96,45229.24,,156.14,8.31,28.2,33.1,,8.0,81.33,0.95,83369840.0,,,,,Germany,Europe,2.1877,0.1175,117.5461,5373.1553,70.3238,66.3171,13960.43,11648.71,9252.93,150.14,116.57,84.8,0.0,49.52,82.24
DEU,Europe,Germany,2021-11-11,4794470.0,0.0,25409.71,100944.0,0.0,238.86,57018.49,0.0,302.19,1200.48,0.0,2.84,1.47,2830.0,33.94,,,1610.0,19.31,7968.0,95.57,,,,,207067.0,2.48,,,tests performed,116941333.0,59152016.0,55992089.0,3965249.0,452455.0,259217.0,140.27,70.95,67.16,4.76,3109.0,42411.0,0.05,31.82,237.02,46.6,21.45,15.96,45229.24,,156.14,8.31,28.2,33.1,,8.0,81.33,0.95,83369840.0,,,,,Germany,Europe,2.1054,0.1211,121.0798,5750.8447,70.9513,67.1611,25409.71,22491.36,15932.03,238.86,210.43,152.6,0.0,29.82,206.54
DEU,Europe,Germany,2021-11-16,5065644.0,0.0,38739.14,103230.0,0.0,326.57,60243.44,0.0,460.71,1227.67,0.0,3.88,1.43,3285.0,39.4,,,1858.0,22.29,9070.0,108.79,,,,,243572.0,2.92,,,tests performed,118221751.0,59353398.0,56183130.0,4860495.0,535140.0,311871.0,141.8,71.19,67.39,5.83,3741.0,48181.0,0.06,43.38,237.02,46.6,21.45,15.96,45229.24,,156.14,8.31,28.2,33.1,,8.0,81.33,0.95,83369840.0,,,,,Germany,Europe,2.0378,0.1238,123.8218,6076.111,71.1929,67.3902,38739.14,32074.43,22792.53,326.57,282.71,209.43,0.0,52.46,314.9
DEU,Europe,Germany,2021-11-22,5417298.0,0.0,50236.29,105940.0,0.0,387.14,64425.51,0.0,597.44,1259.9,0.0,4.6,1.37,3855.0,46.24,,,2075.0,24.89,10401.0,124.76,,,,,269048.0,3.23,,,tests performed,120745228.0,59715951.0,56462009.0,6755076.0,428129.0,436945.0,144.83,71.63,67.72,8.1,5241.0,62165.0,0.08,43.32,237.02,46.6,21.45,15.96,45229.24,,156.14,8.31,28.2,33.1,,8.0,81.33,0.95,83369840.0,,,,,Germany,Europe,1.9556,0.1271,127.0723,6497.911,71.6278,67.7247,50236.29,44487.71,34514.33,387.14,356.86,299.77,0.0,29.68,438.03
DEU,Europe,Germany,2021-11-30,5820646.0,0.0,57621.14,109033.0,0.0,441.86,69222.34,0.0,685.26,1296.68,0.0,5.26,1.17,4642.0,55.68,,,2399.0,28.78,10910.0,130.86,,,,,278909.0,3.34,,,tests performed,126945496.0,60592071.0,56974571.0,11606044.0,1049423.0,763180.0,152.27,72.68,68.34,13.92,9154.0,107186.0,0.13,43.19,237.02,46.6,21.45,15.96,45229.24,,156.14,8.31,28.2,33.1,,8.0,81.33,0.95,83369840.0,,,,,Germany,Europe,1.8732,0.1308,130.7823,6981.7166,72.6786,68.3395,57621.14,53928.71,40134.8,441.86,414.5,325.37,0.0,14.7,194.39
DEU,Europe,Germany,2021-12-05,6208700.0,388054.0,55436.29,111898.0,2865.0,409.29,73837.3,4614.95,659.28,1330.75,34.07,4.87,1.08,4826.0,57.89,,,2218.0,26.6,10579.0,126.89,87927768.0,,1054.18,,278688.0,3.34,0.21,4.9,tests performed,131781710.0,61041950.0,57290246.0,15694332.0,273570.0,925181.0,158.07,73.22,68.72,18.82,11097.0,93764.0,0.11,43.12,237.02,46.6,21.45,15.96,45229.24,,156.14,8.31,28.2,33.1,,8.0,81.33,0.95,83369840.0,75825.51,4.09,31.03,909.09,Germany,Europe,1.8023,0.1342,134.2188,7447.1775,73.2183,68.7182,55436.29,56528.71,53069.93,409.29,425.57,420.87,-3.79,-3.79,183.23
DEU,Europe,Germany,2021-12-10,6208700.0,0.0,55436.29,111898.0,0.0,409.29,73837.3,0.0,659.28,1330.75,0.0,4.87,0.99,4945.0,59.31,,,2217.0,26.59,10458.0,125.44,,,,,257433.0,3.09,,,tests performed,137711812.0,61479136.0,57706685.0,20790079.0,1224147.0,1031797.0,165.18,73.74,69.22,24.94,12376.0,78019.0,0.09,43.02,237.02,46.6,21.45,15.96,45229.24,,156.14,8.31,28.2,33.1,,8.0,81.33,0.95,83369840.0,,,,,Germany,Europe,1.8023,0.1342,134.2188,7447.1775,73.7427,69.2177,55436.29,56528.71,47141.0,409.29,425.57,365.13,0.0,-3.79,118.17
DEU,Europe,Germany,2021-12-30,7014043.0,0.0,27690.29,117692.0,0.0,183.86,83414.88,0.0,329.31,1399.66,0.0,2.19,1.02,3913.0,46.94,,,1548.0,18.57,5327.0,63.9,,,,,154639.0,1.85,,,tests performed,153906864.0,62751201.0,59152024.0,34287650.0,486459.0,382944.0,184.61,75.27,70.95,41.13,4593.0,34028.0,0.04,42.69,237.02,46.6,21.45,15.96,45229.24,,156.14,8.31,28.2,33.1,,8.0,81.33,0.95,83369840.0,,,,,Germany,Europe,1.6779,0.1412,141.1686,8413.166,75.2685,70.9513,27690.29,33381.07,39779.9,183.86,234.36,288.63,0.0,-29.13,-51.94
DEU,Europe,Germany,2021-12-31,7014043.0,0.0,27690.29,117692.0,0.0,183.86,83414.88,0.0,329.31,1399.66,0.0,2.19,1.06,3832.0,45.96,,,1502.0,18.02,5328.0,63.91,,,,,148829.0,1.78,,,tests performed,153966358.0,62755976.0,59158121.0,34336313.0,59494.0,384470.0,184.68,75.27,70.96,41.19,4612.0,34137.0,0.04,42.69,237.02,46.6,21.45,15.96,45229.24,,156.14,8.31,28.2,33.1,,8.0,81.33,0.95,83369840.0,,,,,Germany,Europe,1.6779,0.1412,141.1686,8413.166,75.2742,70.9587,27690.29,33381.07,39779.9,183.86,234.36,288.63,0.0,-29.13,-51.94
DEU,Europe,Germany,2022-01-01,7014043.0,0.0,27690.29,117692.0,0.0,183.86,83414.88,0.0,329.31,1399.66,0.0,2.19,1.13,3825.0,45.88,,,1491.0,17.88,5384.0,64.58,,,,,143018.0,1.72,,,tests performed,153995046.0,62758193.0,59161033.0,34359871.0,28688.0,384571.0,184.71,75.28,70.96,41.21,4613.0,34218.0,0.04,42.69,237.02,46.6,21.45,15.96,45229.24,,156.14,8.31,28.2,33.1,,8.0,81.33,0.95,83369840.0,,,,,Germany,Europe,1.6779,0.1412,141.1686,8413.166,75.2769,70.9622,27690.29,33381.07,39779.9,183.86,234.36,288.63,0.0,-29.13,-51.94
DEU,Europe,Germany,2022-01-09,7560621.0,337882.0,48268.86,119591.0,870.0,124.29,89915.09,4018.28,574.04,1422.24,10.35,1.48,1.44,3273.0,39.26,,,1339.0,16.06,5455.0,65.43,94933341.0,,1138.17,,214341.0,2.57,0.23,4.4,tests performed,158307123.0,63104972.0,59777035.0,37712524.0,185137.0,593997.0,189.89,75.69,71.7,45.24,7125.0,47194.0,0.06,42.54,237.02,46.6,21.45,15.96,45229.24,,156.14,8.31,28.2,33.1,,8.0,81.33,0.95,83369840.0,92607.91,4.75,4.76,1110.81,Germany,Europe,1.5818,0.1434,143.4464,9068.7724,75.6928,71.701,48268.86,39041.29,45064.03,124.29,135.64,256.43,61.9,61.9,-12.93
DEU,Europe,Germany,2022-01-22,8046745.0,0.0,69446.29,120284.0,0.0,99.0,95696.35,0.0,825.89,1430.48,0.0,1.18,1.51,2398.0,28.76,,,1053.0,12.63,6695.0,80.31,,,,,351165.0,4.21,,,tests performed,166198249.0,63753640.0,60996661.0,43740870.0,296517.0,509550.0,199.35,76.47,73.16,52.47,6112.0,45347.0,0.05,42.26,237.02,46.6,21.45,15.96,45229.24,,156.14,8.31,28.2,33.1,,8.0,81.33,0.95,83369840.0,,,,,Germany,Europe,1.4948,0.1443,144.2776,9651.8657,76.4709,73.1639,69446.29,58857.57,40884.47,99.0,111.64,129.3,0.0,43.87,77.74
DEU,Europe,Germany,2022-01-25,8843560.0,0.0,113830.71,121151.0,0.0,123.86,105172.52,0.0,1353.74,1440.8,0.0,1.47,1.5,2396.0,28.74,,,1161.0,13.93,7406.0,88.83,,,,,362394.0,4.34,,,tests performed,167164058.0,63839566.0,61175405.0,44442672.0,500776.0,463429.0,200.51,76.57,73.38,53.31,5559.0,42021.0,0.05,38.7,237.02,46.6,21.45,15.96,45229.24,,156.14,8.31,28.2,33.1,,8.0,81.33,0.95,83369840.0,,,,,Germany,Europe,1.3699,0.1453,145.3175,10607.625,76.5739,73.3783,113830.71,91638.5,60983.9,123.86,111.43,115.3,0.0,63.91,311.09
DEU,Europe,Germany,2022-02-08,11250652.0,0.0,184677.14,123772.0,0.0,214.86,133798.98,0.0,2196.28,1471.96,0.0,2.56,1.22,2392.0,28.69,,,1640.0,19.67,10609.0,127.25,,,,,368973.0,4.42,,,tests performed,171093053.0,64185948.0,61994031.0,47205704.0,276957.0,237495.0,205.22,76.99,74.36,56.62,2849.0,20271.0,0.02,38.67,237.02,46.6,21.45,15.96,45229.24,,156.14,8.31,28.2,33.1,,8.0,81.33,0.95,83369840.0,,,,,Germany,Europe,1.1001,0.1485,148.4614,13494.8706,76.9894,74.3603,184677.14,171935.14,123001.03,214.86,187.21,139.37,0.0,16.01,282.6
DEU,Europe,Germany,2022-03-14,17394716.0,0.0,201978.0,132292.0,0.0,254.0,206867.6,0.0,2402.03,1573.29,0.0,3.02,1.21,2259.0,27.1,,,1697.0,20.36,11648.0,139.72,,,,,332152.0,3.98,,,tests performed,176050384.0,64509934.0,62924632.0,50906780.0,92513.0,124829.0,211.17,77.38,75.48,61.06,1497.0,6651.0,0.01,36.55,237.02,46.6,21.45,15.96,45229.24,,156.14,8.31,28.2,33.1,,8.0,81.33,0.95,83369840.0,,,,,Germany,Europe,0.7605,0.1587,158.6809,20864.5189,77.378,75.4765,201978.0,181989.64,204802.13,254.0,241.71,284.0,0.0,24.68,9.37
DEU,Europe,Germany,2022-03-23,18977220.0,0.0,226072.0,134226.0,0.0,276.29,225687.61,0.0,2688.57,1596.29,0.0,3.29,1.1,2332.0,27.97,,,1960.0,23.51,12564.0,150.7,,,,,345785.0,4.15,,,tests performed,177259449.0,64558790.0,63028451.0,51962867.0,179043.0,121594.0,212.62,77.44,75.6,62.33,1458.0,5004.0,0.01,36.54,237.02,46.6,21.45,15.96,45229.24,,156.14,8.31,28.2,33.1,,8.0,81.33,0.95,83369840.0,,,,,Germany,Europe,0.7073,0.161,161.0007,22762.6921,77.4366,75.601,226072.0,214025.0,174115.07,276.29,265.14,232.1,0.0,11.93,32.62
DEU,Europe,Germany,2022-04-26,24356283.0,0.0,104499.86,140728.0,0.0,115.43,289658.4,0.0,1242.77,1673.62,0.0,1.37,0.9,1519.0,18.22,,,1131.0,13.57,8671.0,104.01,,,,,153942.0,1.85,,,tests performed,180222796.0,64655088.0,63233069.0,54624111.0,116976.0,68566.0,216.17,77.55,75.85,65.52,822.0,2165.0,0.0,14.56,237.02,46.6,21.45,15.96,45229.24,,156.14,8.31,28.2,33.1,,8.0,81.33,0.95,83369840.0,,,,,Germany,Europe,0.5778,0.1688,168.7997,29214.7412,77.5521,75.8465,104499.86,107889.07,126339.07,115.43,128.07,154.03,0.0,-6.09,-53.96
DEU,Europe,Germany,2022-05-11,25424640.0,0.0,67348.57,141947.0,0.0,77.29,302363.9,0.0,800.95,1688.11,0.0,0.92,0.83,1033.0,12.39,,,787.0,9.44,5311.0,63.7,,,,,122406.0,1.47,,,tests performed,181281422.0,64687402.0,63295752.0,55587363.0,83482.0,57754.0,217.44,77.59,75.92,66.68,693.0,1615.0,0.0,14.56,237.02,46.6,21.45,15.96,45229.24,,156.14,8.31,28.2,33.1,,8.0,81.33,0.95,83369840.0,,,,,Germany,Europe,0.5583,0.1703,170.2618,30496.2082,77.5909,75.9216,67348.57,76311.21,85960.13,77.29,87.07,100.4,0.0,-21.02,-52.12
DEU,Europe,Germany,2022-05-21,25833385.0,0.0,58392.14,142365.0,0.0,59.71,307224.94,0.0,694.43,1693.08,0.0,0.71,0.77,802.0,9.62,,,662.0,7.94,3848.0,46.16,,,,,99729.0,1.2,,,tests performed,181754760.0,64700078.0,63322505.0,56021041.0,11774.0,45089.0,218.01,77.61,75.95,67.2,541.0,1237.0,0.0,14.56,237.02,46.6,21.45,15.96,45229.24,,156.14,8.31,28.2,33.1,,8.0,81.33,0.95,83369840.0,,,,,Germany,Europe,0.5511,0.1708,170.7632,30986.4874,77.6061,75.9537,58392.14,62870.36,73620.03,59.71,68.5,81.5,0.0,-13.3,-47.53
DEU,Europe,Germany,2022-05-23,26125890.0,0.0,41786.43,142695.0,0.0,47.14,310703.56,0.0,496.95,1697.01,0.0,0.56,0.77,788.0,9.45,,,597.0,7.16,3799.0,45.57,,,,,93633.0,1.12,,,tests performed,181787324.0,64701148.0,63324868.0,56050162.0,28976.0,44713.0,218.05,77.61,75.96,67.23,536.0,1215.0,0.0,14.56,237.02,46.6,21.45,15.96,45229.24,,156.14,8.31,28.2,33.1,,8.0,81.33,0.95,83369840.0,,,,,Germany,Europe,0.5462,0.1712,171.159,31337.3397,77.6074,75.9566,41786.43,50089.29,83370.2,47.14,53.43,92.5,0.0,-28.44,-62.45
DEU,Europe,Germany,2022-05-30,26313049.0,0.0,26737.0,142908.0,0.0,30.43,312929.34,0.0,317.97,1699.54,0.0,0.36,0.87,669.0,8.02,,,461.0,5.53,2656.0,31.86,,,,,74143.0,0.89,,,tests performed,181970700.0,64708280.0,63337809.0,56213299.0,25083.0,26197.0,218.27,77.62,75.97,67.43,314.0,1019.0,0.0,14.56,237.02,46.6,21.45,15.96,45229.24,,156.14,8.31,28.2,33.1,,8.0,81.33,0.95,83369840.0,,,,,Germany,Europe,0.5431,0.1714,171.4145,31561.8322,77.6159,75.9721,26737.0,34261.71,65225.53,30.43,38.79,72.67,0.0,-36.02,-74.41
DEU,Europe,Germany,2022-06-08,26558190.0,0.0,35020.14,143131.0,0.0,31.86,315844.72,0.0,416.48,1702.19,0.0,0.38,1.25,622.0,7.46,,,518.0,6.21,3248.0,38.96,,,,,86630.0,1.04,,,tests performed,182256865.0,64717141.0,63355161.0,56472997.0,42659.0,26774.0,218.61,77.63,75.99,67.74,321.0,861.0,0.0,14.56,237.02,46.6,21.45,15.96,45229.24,,156.14,8.31,28.2,33.1,,8.0,81.33,0.95,83369840.0,,,,,Germany,Europe,0.5389,0.1717,171.682,31855.8726,77.6266,75.9929,35020.14,30878.57,37785.0,31.86,31.14,39.47,0.0,30.98,-48.0
DEU,Europe,Germany,2022-06-21,27303415.0,0.0,59113.0,143818.0,0.0,57.43,324707.3,0.0,703.0,1710.36,0.0,0.68,1.34,795.0,9.54,,,747.0,8.96,5584.0,66.98,,,,,,,,,,182627234.0,64730367.0,63377562.0,56807335.0,49874.0,28450.0,219.06,77.64,76.02,68.14,341.0,1030.0,0.0,14.56,237.02,46.6,21.45,15.96,45229.24,,156.14,8.31,28.2,33.1,,8.0,81.33,0.95,83369840.0,,,,,Germany,Europe,0.5267,0.1725,172.506,32749.751,77.6424,76.0198,59113.0,53230.36,39250.83,57.43,49.07,37.43,0.0,24.85,41.46
DEU,Europe,Germany,2022-07-24,30432074.0,627179.0,89597.0,147785.0,1129.0,161.29,361915.1,7458.76,1065.54,1757.54,13.43,1.92,0.96,1441.0,17.28,,,1416.0,16.98,10884.0,130.55,,,,,,,,,,183837518.0,64764728.0,63429466.0,57929451.0,4257.0,36865.0,220.51,77.68,76.08,69.48,442.0,986.0,0.0,11.11,237.02,46.6,21.45,15.96,45229.24,,156.14,8.31,28.2,33.1,,8.0,81.33,0.95,83369840.0,110132.52,4.43,20.52,1321.01,Germany,Europe,0.4856,0.1773,177.2643,36502.4978,77.6836,76.082,89597.0,93022.07,104288.63,161.29,149.21,132.23,-7.1,-7.1,51.57
DEU,Europe,Germany,2022-08-17,31589031.0,0.0,42613.14,150237.0,0.0,89.0,375674.25,0.0,506.78,1786.7,0.0,1.06,0.86,1074.0,12.88,,,913.0,10.95,6731.0,80.74,,,,,,,,,,184514844.0,64782157.0,63454698.0,58562752.0,35461.0,22768.0,221.32,77.7,76.11,70.24,273.0,664.0,0.0,11.11,237.02,46.6,21.45,15.96,45229.24,,156.14,8.31,28.2,33.1,,8.0,81.33,0.95,83369840.0,,,,,Germany,Europe,0.4756,0.1802,180.2055,37890.2382,77.7045,76.1123,42613.14,47230.57,59471.2,89.0,101.0,119.37,0.0,-17.81,-55.82
DEU,Europe,Germany,2022-09-12,32486180.0,0.0,29154.86,151895.0,0.0,45.29,386343.66,0.0,346.73,1806.42,0.0,0.54,1.06,692.0,8.3,,,635.0,7.62,4331.0,51.95,,,,,,,,,,185063790.0,64801254.0,63479982.0,59065576.0,15222.0,18994.0,221.98,77.73,76.14,70.85,228.0,628.0,0.0,11.11,237.02,46.6,21.45,15.96,45229.24,,156.14,8.31,28.2,33.1,,8.0,81.33,0.95,83369840.0,,,,,Germany,Europe,0.4676,0.1822,182.1942,38966.3456,77.7275,76.1426,29154.86,28988.64,39848.03,45.29,47.71,76.03,0.0,1.15,-43.77
DEU,Europe,Germany,2022-09-19,32715093.0,0.0,32701.86,152249.0,0.0,50.57,389065.97,0.0,388.91,1810.63,0.0,0.6,1.17,670.0,8.04,,,615.0,7.38,4779.0,57.32,,,,,,,,,,185299863.0,64805664.0,63486317.0,59288169.0,23681.0,33725.0,222.26,77.73,76.15,71.11,405.0,630.0,0.0,11.11,237.02,46.6,21.45,15.96,45229.24,,156.14,8.31,28.2,33.1,,8.0,81.33,0.95,83369840.0,,,,,Germany,Europe,0.4654,0.1826,182.6188,39240.9209,77.7327,76.1502,32701.86,30928.36,37535.4,50.57,47.93,67.07,0.0,12.17,-23.26
DEU,Europe,Germany,2022-09-20,32715093.0,0.0,32701.86,152249.0,0.0,50.57,389065.97,0.0,388.91,1810.63,0.0,0.6,1.18,690.0,8.28,,,632.0,7.58,5089.0,61.04,,,,,,,,,,185353129.0,64806353.0,63487447.0,59339127.0,53266.0,34962.0,222.33,77.73,76.15,71.18,419.0,608.0,0.0,11.11,237.02,46.6,21.45,15.96,45229.24,,156.14,8.31,28.2,33.1,,8.0,81.33,0.95,83369840.0,,,,,Germany,Europe,0.4654,0.1826,182.6188,39240.9209,77.7336,76.1516,32701.86,30928.36,28757.77,50.57,47.93,47.3,0.0,12.17,-13.07
DEU,Europe,Germany,2022-09-22,32715093.0,0.0,32701.86,152249.0,0.0,50.57,389065.97,0.0,388.91,1810.63,0.0,0.6,1.21,713.0,8.55,,,665.0,7.98,5782.0,69.35,,,,,,,,,,185477787.0,64808032.0,63489804.0,59458567.0,65507.0,37464.0,222.48,77.74,76.15,71.32,449.0,595.0,0.0,11.11,237.02,46.6,21.45,15.96,45229.24,,156.14,8.31,28.2,33.1,,8.0,81.33,0.95,83369840.0,,,,,Germany,Europe,0.4654,0.1826,182.6188,39240.9209,77.7356,76.1544,32701.86,30928.36,28757.77,50.57,47.93,47.3,0.0,12.17,-13.07
DEU,Europe,Germany,2022-11-07,35861636.0,0.0,34796.86,159717.0,0.0,99.71,426486.44,0.0,413.82,1899.44,0.0,1.19,0.77,1311.0,15.72,,,1023.0,12.27,8689.0,104.22,,,,,,,,,,188920657.0,64841593.0,63527217.0,62350060.0,58940.0,72716.0,226.61,77.78,76.2,74.79,872.0,613.0,0.0,11.11,237.02,46.6,21.45,15.96,45229.24,,156.14,8.31,28.2,33.1,,8.0,81.33,0.95,83369840.0,,,,,Germany,Europe,0.4454,0.1916,191.5765,43015.1191,77.7758,76.1993,34796.86,44105.79,80038.53,99.71,124.79,202.27,0.0,-34.86,-46.92
DEU,Europe,Germany,2022-11-17,36063651.0,0.0,28859.29,160357.0,0.0,91.43,428888.9,0.0,343.21,1907.05,0.0,1.09,0.81,954.0,11.44,,,769.0,9.22,6977.0,83.69,,,,,,,,,,189881174.0,64849039.0,63533766.0,63103141.0,127337.0,78333.0,227.76,77.78,76.21,75.69,940.0,570.0,0.0,11.11,237.02,46.6,21.45,15.96,45229.24,,156.14,8.31,28.2,33.1,,8.0,81.33,0.95,83369840.0,,,,,Germany,Europe,0.4446,0.1923,192.3441,43257.431,77.7848,76.2071,28859.29,31828.07,45470.4,91.43,95.57,128.8,0.0,-17.06,-68.68
DEU,Europe,Germany,2022-11-25,36233318.0,0.0,24238.14,160910.0,0.0,79.0,430906.7,0.0,288.25,1913.63,0.0,0.94,0.95,887.0,10.64,,,798.0,9.57,7456.0,89.43,,,,,,,,,,190429539.0,64853379.0,63537977.0,63525738.0,76392.0,64902.0,228.42,77.79,76.21,76.2,778.0,509.0,0.0,11.11,237.02,46.6,21.45,15.96,45229.24,,156.14,8.31,28.2,33.1,,8.0,81.33,0.95,83369840.0,,,,,Germany,Europe,0.4441,0.193,193.0074,43460.9422,77.79,76.2122,24238.14,26548.71,32972.1,79.0,85.21,98.0,0.0,-16.01,-68.85
DEU,Europe,Germany,2022-12-07,36588732.0,0.0,26403.57,162350.0,0.0,114.29,435133.47,0.0,314.01,1930.76,0.0,1.36,1.09,991.0,11.89,,,939.0,11.26,9885.0,118.57,,,,,,,,,,190975522.0,64857955.0,63542788.0,63935762.0,71708.0,47246.0,229.07,77.8,76.22,76.69,567.0,381.0,0.0,11.11,237.02,46.6,21.45,15.96,45229.24,,156.14,8.31,28.2,33.1,,8.0,81.33,0.95,83369840.0,,,,,Germany,Europe,0.4437,0.1947,194.7347,43887.2523,77.7955,76.218,26403.57,25386.71,24236.53,114.29,102.86,87.77,0.0,8.35,-24.12
DEU,Europe,Germany,2022-12-09,36588732.0,0.0,26403.57,162350.0,0.0,114.29,435133.47,0.0,314.01,1930.76,0.0,1.36,1.1,1002.0,12.02,,,945.0,11.34,10317.0,123.75,,,,,,,,,,191102030.0,64859015.0,63543862.0,64029759.0,52840.0,44368.0,229.22,77.8,76.22,76.8,532.0,347.0,0.0,11.11,237.02,46.6,21.45,15.96,45229.24,,156.14,8.31,28.2,33.1,,8.0,81.33,0.95,83369840.0,,,,,Germany,Europe,0.4437,0.1947,194.7347,43887.2523,77.7967,76.2192,26403.57,25386.71,24236.53,114.29,102.86,87.77,0.0,8.35,-24.12
DEU,Europe,Germany,2022-12-11,36788237.0,199505.0,28500.71,163311.0,961.0,137.29,437506.1,2372.62,338.95,1942.18,11.43,1.63,1.11,987.0,11.84,,,931.0,11.17,10812.0,129.69,,,,,,,,,,191118216.0,64859261.0,63544255.0,64041994.0,4666.0,44218.0,229.24,77.8,76.22,76.82,530.0,341.0,0.0,11.11,237.02,46.6,21.45,15.96,45229.24,,156.14,8.31,28.2,33.1,,8.0,81.33,0.95,83369840.0,165435.55,5.83,26.88,1984.36,Germany,Europe,0.4439,0.1959,195.8874,44126.5534,77.797,76.2197,28500.71,27452.14,30886.7,137.29,125.79,119.8,7.94,7.94,-18.09
DEU,Europe,Germany,2022-12-12,36788237.0,0.0,28500.71,163311.0,0.0,137.29,437506.1,0.0,338.95,1942.18,0.0,1.63,1.12,1068.0,12.81,,,936.0,11.23,10829.0,129.89,,,,,,,,,,191145259.0,64859604.0,63544567.0,64061470.0,27043.0,43473.0,229.27,77.8,76.22,76.84,521.0,359.0,0.0,11.11,237.02,46.6,21.45,15.96,45229.24,,156.14,8.31,28.2,33.1,,8.0,81.33,0.95,83369840.0,,,,,Germany,Europe,0.4439,0.1959,195.8874,44126.5534,77.7974,76.2201,28500.71,27452.14,30886.7,137.29,125.79,119.8,0.0,7.94,-18.09
DEU,Europe,Germany,2022-12-21,37011190.0,0.0,31850.43,164450.0,0.0,162.71,440157.56,0.0,378.78,1955.73,0.0,1.94,1.07,1231.0,14.77,,,1131.0,13.57,13293.0,159.45,,,,,,,,,,191473269.0,64862566.0,63548010.0,64301361.0,34754.0,30723.0,229.67,77.8,76.22,77.13,369.0,296.0,0.0,11.11,237.02,46.6,21.45,15.96,45229.24,,156.14,8.31,28.2,33.1,,8.0,81.33,0.95,83369840.0,,,,,Germany,Europe,0.4443,0.1973,197.2536,44393.9799,77.801,76.2242,31850.43,30175.57,25929.07,162.71,150.0,118.0,0.0,11.75,31.41
DEU,Europe,Germany,2023-01-03,37393503.0,0.0,21652.43,166708.0,0.0,138.57,444704.25,0.0,257.5,1982.58,0.0,1.65,,1389.0,16.66,,,1116.0,13.39,12626.0,151.45,,,,,,,,,,191600962.0,64864479.0,63550562.0,64394660.0,9393.0,9053.0,229.82,77.8,76.23,77.24,109.0,150.0,0.0,,237.02,46.6,21.45,15.96,45229.24,,156.14,8.31,28.2,33.1,,8.0,81.33,0.95,83369840.0,,,,,Germany,Europe,0.4458,0.2,199.962,44852.5546,77.8033,76.2273,21652.43,27308.07,26825.7,138.57,161.29,145.27,0.0,-34.31,-17.99
DEU,Europe,Germany,2023-01-15,37612908.0,89089.0,12727.0,168054.0,517.0,73.86,447313.53,1059.5,151.36,1998.59,6.15,0.88,,994.0,11.92,,,663.0,7.95,6713.0,80.52,,,,,,,,,,191776364.0,64866750.0,63553150.0,64516550.0,1845.0,17708.0,230.03,77.81,76.23,77.39,212.0,221.0,0.0,,237.02,46.6,21.45,15.96,45229.24,,156.14,8.31,28.2,33.1,,8.0,81.33,0.95,83369840.0,197714.36,6.74,11.43,2373.67,Germany,Europe,0.4468,0.2016,201.5765,45115.7253,77.806,76.2304,12727.0,15671.79,27489.03,73.86,96.14,158.1,-31.64,-31.64,-55.34
DEU,Europe,Germany,2023-01-24,37675775.0,0.0,8981.0,168392.0,0.0,48.29,448061.2,0.0,106.81,2002.61,0.0,0.57,,669.0,8.02,,,496.0,5.95,4670.0,56.02,,,,,,,,,,191898710.0,64869201.0,63555034.0,64598536.0,16646.0,13020.0,230.18,77.81,76.23,77.48,156.0,286.0,0.0,,237.02,46.6,21.45,15.96,45229.24,,156.14,8.31,28.2,33.1,,8.0,81.33,0.95,83369840.0,,,,,Germany,Europe,0.447,0.202,201.9819,45191.1327,77.809,76.2326,8981.0,10854.0,14461.3,48.29,61.07,88.47,0.0,-29.43,-72.75
DEU,Europe,Germany,2023-02-14,37919911.0,0.0,12370.71,169522.0,0.0,65.0,450964.6,0.0,147.12,2016.05,0.0,0.77,,762.0,9.14,,,730.0,8.76,7777.0,93.28,,,,,,,,,,192060415.0,64871801.0,63557530.0,64701681.0,7127.0,5793.0,230.37,77.81,76.24,77.61,69.0,96.0,0.0,,237.02,46.6,21.45,15.96,45229.24,,156.14,8.31,28.2,33.1,,8.0,81.33,0.95,83369840.0,,,,,Germany,Europe,0.4471,0.2033,203.3373,45483.9676,77.8121,76.2356,12370.71,12202.71,10233.43,65.0,57.07,48.93,0.0,2.79,-2.8
DEU,Europe,Germany,2023-02-19,38017761.0,97850.0,13978.57,170123.0,601.0,85.86,452128.28,1163.69,166.24,2023.2,7.15,1.02,,838.0,10.05,,,902.0,10.82,9134.0,109.56,,,,,,,,,,192082064.0,64872101.0,63557935.0,64714692.0,379.0,4645.0,230.4,77.81,76.24,77.62,56.0,80.0,0.0,,237.02,46.6,21.45,15.96,45229.24,,156.14,8.31,28.2,33.1,,8.0,81.33,0.95,83369840.0,196872.66,6.47,-3.82,2363.57,Germany,Europe,0.4475,0.2041,204.0582,45601.3362,77.8124,76.2361,13978.57,13174.64,13495.1,85.86,75.43,68.97,13.0,13.0,9.83
DEU,Europe,Germany,2023-03-17,38261274.0,0.0,6251.14,171829.0,0.0,81.71,455024.25,0.0,74.34,2043.49,0.0,0.97,,1224.0,14.68,,,989.0,11.86,9306.0,111.62,,,,,,,,,,192170126.0,64874482.0,63560911.0,64764222.0,3047.0,2642.0,230.5,77.82,76.24,77.68,32.0,98.0,0.0,,237.02,46.6,21.45,15.96,45229.24,,156.14,8.31,28.2,33.1,,8.0,81.33,0.95,83369840.0,,,,,Germany,Europe,0.4491,0.2061,206.1045,45893.4238,77.8153,76.2397,6251.14,9291.36,11378.77,81.71,79.07,76.9,0.0,-49.31,-49.47
DEU,Europe,Germany,2023-03-23,38301581.0,0.0,5758.14,172455.0,0.0,89.43,455503.62,0.0,68.48,2050.93,0.0,1.06,,1224.0,14.68,,,939.0,11.26,8427.0,101.08,,,,,,,,,,192184525.0,64874930.0,63561507.0,64772087.0,3748.0,2492.0,230.52,77.82,76.24,77.69,30.0,82.0,0.0,,237.02,46.6,21.45,15.96,45229.24,,156.14,8.31,28.2,33.1,,8.0,81.33,0.95,83369840.0,,,,,Germany,Europe,0.4503,0.2069,206.8554,45941.771,77.8158,76.2404,5758.14,6004.64,9460.67,89.43,85.57,77.73,0.0,-7.89,-58.81
DEU,Europe,Germany,2023-04-12,38371551.0,0.0,2097.0,173709.0,0.0,39.71,456335.75,0.0,24.94,2065.84,0.0,0.47,,767.0,9.2,,,455.0,5.46,3483.0,41.78,,,,,,,,,,,64876299.0,63563414.0,,0.0,,,,,,,,,,237.02,46.6,21.45,15.96,45229.24,,156.14,8.31,28.2,33.1,,8.0,81.33,0.95,83369840.0,,,,,Germany,Europe,0.4527,0.2084,208.3595,46025.6983,77.8175,76.2427,2097.0,2666.5,3675.9,39.71,50.64,62.67,0.0,-35.2,-66.45
DEU,Europe,Germany,2023-05-28,38427956.0,4272.0,610.29,174839.0,72.0,10.29,457006.53,50.8,7.26,2079.28,0.86,0.12,,235.0,2.82,,,122.0,1.46,1376.0,16.5,,,,,,,,,,,64876299.0,63563414.0,,0.0,,,,,,,,,,237.02,46.6,21.45,15.96,45229.24,,156.14,8.31,28.2,33.1,,8.0,81.33,0.95,83369840.0,203864.25,6.15,6.03,2447.51,Germany,Europe,0.455,0.2097,209.7149,46093.3546,77.8175,76.2427,610.29,616.5,1063.07,10.29,11.21,19.83,-1.99,-1.99,-62.75
DEU,Europe,Germany,2023-06-08,38430723.0,0.0,395.29,174894.0,0.0,7.86,457039.44,0.0,4.7,2079.94,0.0,0.09,,158.0,1.9,,,110.0,1.32,823.0,9.87,,,,,,,,,,,64876299.0,63563414.0,,0.0,,,,,,,,,,237.02,46.6,21.45,15.96,45229.24,,156.14,8.31,28.2,33.1,,8.0,81.33,0.95,83369840.0,,,,,Germany,Europe,0.4551,0.2098,209.7809,46096.6736,77.8175,76.2427,395.29,502.79,603.53,7.86,9.07,10.7,0.0,-35.23,-62.4
DEU,Europe,Germany,2023-06-20,38435129.0,0.0,287.71,174956.0,0.0,4.29,457091.84,0.0,3.42,2080.67,0.0,0.05,,124.0,1.49,,,80.0,0.96,577.0,6.92,,,,,,,,,,,64876299.0,63563414.0,,0.0,,,,,,,,,,237.02,46.6,21.45,15.96,45229.24,,156.14,8.31,28.2,33.1,,8.0,81.33,0.95,83369840.0,,,,,Germany,Europe,0.4552,0.2099,209.8553,46101.9585,77.8175,76.2427,287.71,314.71,381.5,4.29,4.43,6.3,0.0,-15.8,-53.8
DEU,Europe,Germany,2023-06-28,38436657.0,0.0,218.29,174971.0,0.0,2.14,457110.03,0.0,2.6,2080.85,0.0,0.02,,,,,,,,,,,,,,,,,,,,64876299.0,63563414.0,,0.0,,,,,,,,,,237.02,46.6,21.45,15.96,45229.24,,156.14,8.31,28.2,33.1,,8.0,81.33,0.95,83369840.0,,,,,Germany,Europe,0.4552,0.2099,209.8733,46103.7913,77.8175,76.2427,218.29,253.0,290.03,2.14,3.21,4.4,0.0,-24.13,-64.23
DEU,Europe,Germany,2023-07-18,38437756.0,0.0,,174979.0,0.0,,457123.1,,,2080.95,,,,,,,,,,,,,,,,,,,,,,64876299.0,63563414.0,,0.0,,,,,,,,,,237.02,46.6,21.45,15.96,45229.24,,156.14,8.31,28.2,33.1,,8.0,81.33,0.95,83369840.0,,,,,Germany,Europe,0.4552,0.2099,209.8829,46105.1095,77.8175,76.2427,0.0,0.0,87.57,0.0,0.0,0.77,0.0,0.0,-100.0
DEU,Europe,Germany,2023-07-19,38437756.0,0.0,,174979.0,0.0,,457123.1,,,2080.95,,,,,,,,,,,,,,,,,,,,,,64876299.0,63563414.0,,0.0,,,,,,,,,,237.02,46.6,21.45,15.96,45229.24,,156.14,8.31,28.2,33.1,,8.0,81.33,0.95,83369840.0,,,,,Germany,Europe,0.4552,0.2099,209.8829,46105.1095,77.8175,76.2427,0.0,0.0,87.57,0.0,0.0,0.77,0.0,0.0,-100.0
DEU,Europe,Germany,2023-07-20,38437756.0,0.0,,174979.0,0.0,,457123.1,,,2080.95,,,,,,,,,,,,,,,,,,,,,,64876299.0,63563414.0,,0.0,,,,,,,,,,237.02,46.6,21.45,15.96,45229.24,,156.14,8.31,28.2,33.1,,8.0,81.33,0.95,83369840.0,,,,,Germany,Europe,0.4552,0.2099,209.8829,46105.1095,77.8175,76.2427,0.0,0.0,87.57,0.0,0.0,0.77,0.0,0.0,-100.0
DEU,Europe,Germany,2023-07-29,38437756.0,0.0,,174979.0,0.0,,457123.1,,,2080.95,,,,,,,,,,,,,,,,,,,,,,64876299.0,63563414.0,,0.0,,,,,,,,,,237.02,46.6,21.45,15.96,45229.24,,156.14,8.31,28.2,33.1,,8.0,81.33,0.95,83369840.0,,,,,Germany,Europe,0.4552,0.2099,209.8829,46105.1095,77.8175,76.2427,0.0,0.0,36.63,0.0,0.0,0.27,0.0,0.0,-100.0
DEU,Europe,Germany,2023-08-16,38437756.0,0.0,,174979.0,0.0,,457123.1,,,2080.95,,,,,,,,,,,,,,,,,,,,,,64876299.0,63563414.0,,0.0,,,,,,,,,,237.02,46.6,21.45,15.96,45229.24,,156.14,8.31,28.2,33.1,,8.0,81.33,0.95,83369840.0,,,,,Germany,Europe,0.4552,0.2099,209.8829,46105.1095,77.8175,76.2427,0.0,0.0,0.0,0.0,0.0,0.0,0.0,0.0,0.0
DEU,Europe,Germany,2023-08-28,38437756.0,0.0,,174979.0,0.0,,457123.1,,,2080.95,,,,,,,,,,,,,,,,,,,,,,64876299.0,63563414.0,,0.0,,,,,,,,,,237.02,46.6,21.45,15.96,45229.24,,156.14,8.31,28.2,33.1,,8.0,81.33,0.95,83369840.0,,,,,Germany,Europe,0.4552,0.2099,209.8829,46105.1095,77.8175,76.2427,0.0,0.0,0.0,0.0,0.0,0.0,0.0,0.0,0.0
DEU,Europe,Germany,2023-09-06,38437756.0,0.0,,174979.0,0.0,,457123.1,,,2080.95,,,,,,,,,,,,,,,,,,,,,,64876299.0,63563414.0,,0.0,,,,,,,,,,237.02,46.6,21.45,15.96,45229.24,,156.14,8.31,28.2,33.1,,8.0,81.33,0.95,83369840.0,,,,,Germany,Europe,0.4552,0.2099,209.8829,46105.1095,77.8175,76.2427,0.0,0.0,0.0,0.0,0.0,0.0,0.0,0.0,0.0
DEU,Europe,Germany,2023-09-13,38437756.0,0.0,,174979.0,0.0,,457123.1,,,2080.95,,,,,,,,,,,,,,,,,,,,,,64876299.0,63563414.0,,0.0,,,,,,,,,,237.02,46.6,21.45,15.96,45229.24,,156.14,8.31,28.2,33.1,,8.0,81.33,0.95,83369840.0,,,,,Germany,Europe,0.4552,0.2099,209.8829,46105.1095,77.8175,76.2427,0.0,0.0,0.0,0.0,0.0,0.0,0.0,0.0,0.0
DEU,Europe,Germany,2023-09-23,38437756.0,0.0,,174979.0,0.0,,457123.1,,,2080.95,,,,,,,,,,,,,,,,,,,,,,64876299.0,63563414.0,,0.0,,,,,,,,,,237.02,46.6,21.45,15.96,45229.24,,156.14,8.31,28.2,33.1,,8.0,81.33,0.95,83369840.0,,,,,Germany,Europe,0.4552,0.2099,209.8829,46105.1095,77.8175,76.2427,0.0,0.0,0.0,0.0,0.0,0.0,0.0,0.0,0.0
DEU,Europe,Germany,2023-09-28,38437756.0,0.0,,174979.0,0.0,,457123.1,,,2080.95,,,,,,,,,,,,,,,,,,,,,,64876299.0,63563414.0,,0.0,,,,,,,,,,237.02,46.6,21.45,15.96,45229.24,,156.14,8.31,28.2,33.1,,8.0,81.33,0.95,83369840.0,,,,,Germany,Europe,0.4552,0.2099,209.8829,46105.1095,77.8175,76.2427,0.0,0.0,0.0,0.0,0.0,0.0,0.0,0.0,0.0
DEU,Europe,Germany,2023-10-08,38437756.0,0.0,,174979.0,0.0,,457123.1,,,2080.95,,,,,,,,,,,,,,,,,,,,,,64876299.0,63563414.0,,0.0,,,,,,,,,,237.02,46.6,21.45,15.96,45229.24,,156.14,8.31,28.2,33.1,,8.0,81.33,0.95,83369840.0,209780.53,5.76,4.51,2518.54,Germany,Europe,0.4552,0.2099,209.8829,46105.1095,77.8175,76.2427,0.0,0.0,0.0,0.0,0.0,0.0,0.0,0.0,0.0
DEU,Europe,Germany,2023-10-10,38437756.0,0.0,,174979.0,0.0,,457123.1,,,2080.95,,,,,,,,,,,,,,,,,,,,,,64876299.0,63563414.0,,0.0,,,,,,,,,,237.02,46.6,21.45,15.96,45229.24,,156.14,8.31,28.2,33.1,,8.0,81.33,0.95,83369840.0,,,,,Germany,Europe,0.4552,0.2099,209.8829,46105.1095,77.8175,76.2427,0.0,0.0,0.0,0.0,0.0,0.0,0.0,0.0,0.0
DEU,Europe,Germany,2023-10-30,38437756.0,0.0,,174979.0,0.0,,457123.1,,,2080.95,,,,,,,,,,,,,,,,,,,,,,64876299.0,63563414.0,,0.0,,,,,,,,,,237.02,46.6,21.45,15.96,45229.24,,156.14,8.31,28.2,33.1,,8.0,81.33,0.95,83369840.0,,,,,Germany,Europe,0.4552,0.2099,209.8829,46105.1095,77.8175,76.2427,0.0,0.0,0.0,0.0,0.0,0.0,0.0,0.0,0.0
DEU,Europe,Germany,2023-12-18,38437756.0,0.0,,174979.0,0.0,,457123.1,,,2080.95,,,,,,,,,,,,,,,,,,,,,,64876299.0,63563414.0,,0.0,,,,,,,,,,237.02,46.6,21.45,15.96,45229.24,,156.14,8.31,28.2,33.1,,8.0,81.33,0.95,83369840.0,,,,,Germany,Europe,0.4552,0.2099,209.8829,46105.1095,77.8175,76.2427,0.0,0.0,0.0,0.0,0.0,0.0,0.0,0.0,0.0
DEU,Europe,Germany,2023-12-29,38437756.0,0.0,,174979.0,0.0,,457123.1,,,2080.95,,,,,,,,,,,,,,,,,,,,,,64876299.0,63563414.0,,0.0,,,,,,,,,,237.02,46.6,21.45,15.96,45229.24,,156.14,8.31,28.2,33.1,,8.0,81.33,0.95,83369840.0,,,,,Germany,Europe,0.4552,0.2099,209.8829,46105.1095,77.8175,76.2427,0.0,0.0,0.0,0.0,0.0,0.0,0.0,0.0,0.0
DEU,Europe,Germany,2024-01-04,38437756.0,0.0,,174979.0,0.0,,457123.1,,,2080.95,,,,,,,,,,,,,,,,,,,,,,64876299.0,63563414.0,,0.0,,,,,,,,,,237.02,46.6,21.45,15.96,45229.24,,156.14,8.31,28.2,33.1,,8.0,81.33,0.95,83369840.0,,,,,Germany,Europe,0.4552,0.2099,209.8829,46105.1095,77.8175,76.2427,0.0,0.0,0.0,0.0,0.0,0.0,0.0,0.0,0.0
DEU,Europe,Germany,2024-01-15,38437756.0,0.0,,174979.0,0.0,,457123.1,,,2080.95,,,,,,,,,,,,,,,,,,,,,,64876299.0,63563414.0,,0.0,,,,,,,,,,237.02,46.6,21.45,15.96,45229.24,,156.14,8.31,28.2,33.1,,8.0,81.33,0.95,83369840.0,,,,,Germany,Europe,0.4552,0.2099,209.8829,46105.1095,77.8175,76.2427,0.0,0.0,0.0,0.0,0.0,0.0,0.0,0.0,0.0
DEU,Europe,Germany,2024-01-18,38437756.0,0.0,,174979.0,0.0,,457123.1,,,2080.95,,,,,,,,,,,,,,,,,,,,,,64876299.0,63563414.0,,0.0,,,,,,,,,,237.02,46.6,21.45,15.96,45229.24,,156.14,8.31,28.2,33.1,,8.0,81.33,0.95,83369840.0,,,,,Germany,Europe,0.4552,0.2099,209.8829,46105.1095,77.8175,76.2427,0.0,0.0,0.0,0.0,0.0,0.0,0.0,0.0,0.0
DEU,Europe,Germany,2024-01-25,38437756.0,0.0,,174979.0,0.0,,457123.1,,,2080.95,,,,,,,,,,,,,,,,,,,,,,64876299.0,63563414.0,,0.0,,,,,,,,,,237.02,46.6,21.45,15.96,45229.24,,156.14,8.31,28.2,33.1,,8.0,81.33,0.95,83369840.0,,,,,Germany,Europe,0.4552,0.2099,209.8829,46105.1095,77.8175,76.2427,0.0,0.0,0.0,0.0,0.0,0.0,0.0,0.0,0.0
DEU,Europe,Germany,2024-02-25,38437756.0,0.0,,174979.0,0.0,,457123.1,,,2080.95,,,,,,,,,,,,,,,,,,,,,,64876299.0,63563414.0,,0.0,,,,,,,,,,237.02,46.6,21.45,15.96,45229.24,,156.14,8.31,28.2,33.1,,8.0,81.33,0.95,83369840.0,,,,,Germany,Europe,0.4552,0.2099,209.8829,46105.1095,77.8175,76.2427,0.0,0.0,0.0,0.0,0.0,0.0,0.0,0.0,0.0
DEU,Europe,Germany,2024-02-27,38437756.0,0.0,,174979.0,0.0,,457123.1,,,2080.95,,,,,,,,,,,,,,,,,,,,,,64876299.0,63563414.0,,0.0,,,,,,,,,,237.02,46.6,21.45,15.96,45229.24,,156.14,8.31,28.2,33.1,,8.0,81.33,0.95,83369840.0,,,,,Germany,Europe,0.4552,0.2099,209.8829,46105.1095,77.8175,76.2427,0.0,0.0,0.0,0.0,0.0,0.0,0.0,0.0,0.0
DEU,Europe,Germany,2024-03-04,38437756.0,0.0,,174979.0,0.0,,457123.1,,,2080.95,,,,,,,,,,,,,,,,,,,,,,64876299.0,63563414.0,,0.0,,,,,,,,,,237.02,46.6,21.45,15.96,45229.24,,156.14,8.31,28.2,33.1,,8.0,81.33,0.95,83369840.0,,,,,Germany,Europe,0.4552,0.2099,209.8829,46105.1095,77.8175,76.2427,0.0,0.0,0.0,0.0,0.0,0.0,0.0,0.0,0.0
DEU,Europe,Germany,2024-03-13,38437756.0,0.0,,174979.0,0.0,,457123.1,,,2080.95,,,,,,,,,,,,,,,,,,,,,,64876299.0,63563414.0,,0.0,,,,,,,,,,237.02,46.6,21.45,15.96,45229.24,,156.14,8.31,28.2,33.1,,8.0,81.33,0.95,83369840.0,,,,,Germany,Europe,0.4552,0.2099,209.8829,46105.1095,77.8175,76.2427,0.0,0.0,0.0,0.0,0.0,0.0,0.0,0.0,0.0
DEU,Europe,Germany,2024-04-01,38437756.0,0.0,,174979.0,0.0,,457123.1,,,2080.95,,,,,,,,,,,,,,,,,,,,,,64876299.0,63563414.0,,0.0,,,,,,,,,,237.02,46.6,21.45,15.96,45229.24,,156.14,8.31,28.2,33.1,,8.0,81.33,0.95,83369840.0,,,,,Germany,Europe,0.4552,0.2099,209.8829,46105.1095,77.8175,76.2427,0.0,0.0,0.0,0.0,0.0,0.0,0.0,0.0,0.0
DEU,Europe,Germany,2024-04-03,38437756.0,0.0,,174979.0,0.0,,457123.1,,,2080.95,,,,,,,,,,,,,,,,,,,,,,64876299.0,63563414.0,,0.0,,,,,,,,,,237.02,46.6,21.45,15.96,45229.24,,156.14,8.31,28.2,33.1,,8.0,81.33,0.95,83369840.0,,,,,Germany,Europe,0.4552,0.2099,209.8829,46105.1095,77.8175,76.2427,0.0,0.0,0.0,0.0,0.0,0.0,0.0,0.0,0.0
DEU,Europe,Germany,2024-04-05,38437756.0,0.0,,174979.0,0.0,,457123.1,,,2080.95,,,,,,,,,,,,,,,,,,,,,,64876299.0,63563414.0,,0.0,,,,,,,,,,237.02,46.6,21.45,15.96,45229.24,,156.14,8.31,28.2,33.1,,8.0,81.33,0.95,83369840.0,,,,,Germany,Europe,0.4552,0.2099,209.8829,46105.1095,77.8175,76.2427,0.0,0.0,0.0,0.0,0.0,0.0,0.0,0.0,0.0
DEU,Europe,Germany,2024-04-24,38437756.0,0.0,,174979.0,0.0,,457123.1,,,2080.95,,,,,,,,,,,,,,,,,,,,,,64876299.0,63563414.0,,0.0,,,,,,,,,,237.02,46.6,21.45,15.96,45229.24,,156.14,8.31,28.2,33.1,,8.0,81.33,0.95,83369840.0,,,,,Germany,Europe,0.4552,0.2099,209.8829,46105.1095,77.8175,76.2427,0.0,0.0,0.0,0.0,0.0,0.0,0.0,0.0,0.0
DEU,Europe,Germany,2024-05-23,38437756.0,0.0,,174979.0,0.0,,457123.1,,,2080.95,,,,,,,,,,,,,,,,,,,,,,64876299.0,63563414.0,,0.0,,,,,,,,,,237.02,46.6,21.45,15.96,45229.24,,156.14,8.31,28.2,33.1,,8.0,81.33,0.95,83369840.0,,,,,Germany,Europe,0.4552,0.2099,209.8829,46105.1095,77.8175,76.2427,0.0,0.0,0.0,0.0,0.0,0.0,0.0,0.0,0.0
DEU,Europe,Germany,2024-06-07,38437756.0,0.0,,174979.0,0.0,,457123.1,,,2080.95,,,,,,,,,,,,,,,,,,,,,,64876299.0,63563414.0,,0.0,,,,,,,,,,237.02,46.6,21.45,15.96,45229.24,,156.14,8.31,28.2,33.1,,8.0,81.33,0.95,83369840.0,,,,,Germany,Europe,0.4552,0.2099,209.8829,46105.1095,77.8175,76.2427,0.0,0.0,0.0,0.0,0.0,0.0,0.0,0.0,0.0
DEU,Europe,Germany,2024-06-13,38437756.0,0.0,,174979.0,0.0,,457123.1,,,2080.95,,,,,,,,,,,,,,,,,,,,,,64876299.0,63563414.0,,0.0,,,,,,,,,,237.02,46.6,21.45,15.96,45229.24,,156.14,8.31,28.2,33.1,,8.0,81.33,0.95,83369840.0,,,,,Germany,Europe,0.4552,0.2099,209.8829,46105.1095,77.8175,76.2427,0.0,0.0,0.0,0.0,0.0,0.0,0.0,0.0,0.0
DEU,Europe,Germany,2024-06-25,38437756.0,0.0,,174979.0,0.0,,457123.1,,,2080.95,,,,,,,,,,,,,,,,,,,,,,64876299.0,63563414.0,,0.0,,,,,,,,,,237.02,46.6,21.45,15.96,45229.24,,156.14,8.31,28.2,33.1,,8.0,81.33,0.95,83369840.0,,,,,Germany,Europe,0.4552,0.2099,209.8829,46105.1095,77.8175,76.2427,0.0,0.0,0.0,0.0,0.0,0.0,0.0,0.0,0.0
DEU,Europe,Germany,2024-07-13,38437756.0,0.0,,174979.0,0.0,,457123.1,,,2080.95,,,,,,,,,,,,,,,,,,,,,,64876299.0,63563414.0,,0.0,,,,,,,,,,237.02,46.6,21.45,15.96,45229.24,,156.14,8.31,28.2,33.1,,8.0,81.33,0.95,83369840.0,,,,,Germany,Europe,0.4552,0.2099,209.8829,46105.1095,77.8175,76.2427,0.0,0.0,0.0,0.0,0.0,0.0,0.0,0.0,0.0
DEU,Europe,Germany,2024-07-20,38437756.0,0.0,,174979.0,0.0,,457123.1,,,2080.95,,,,,,,,,,,,,,,,,,,,,,64876299.0,63563414.0,,0.0,,,,,,,,,,237.02,46.6,21.45,15.96,45229.24,,156.14,8.31,28.2,33.1,,8.0,81.33,0.95,83369840.0,,,,,Germany,Europe,0.4552,0.2099,209.8829,46105.1095,77.8175,76.2427,0.0,0.0,0.0,0.0,0.0,0.0,0.0,0.0,0.0
IND,Asia,India,2020-01-06,0.0,0.0,,0.0,0.0,,0.0,0.0,,0.0,0.0,,,,,,,,,,,,,,,,,,,,,0.0,0.0,,0.0,,,,,,,,,0.0,450.42,28.2,5.99,3.41,6426.67,21.2,282.28,10.39,1.9,20.6,59.55,0.53,69.66,0.64,1417173120.0,,,,,India,Asia,0.0,0.0,0.0,0.0,0.0,0.0,0.0,0.0,0.0,0.0,0.0,0.0,0.0,0.0,0.0
IND,Asia,India,2020-01-18,0.0,0.0,0.0,0.0,0.0,0.0,0.0,0.0,0.0,0.0,0.0,0.0,,,,,,,,,,,,,,,,,,,,0.0,0.0,,0.0,,,,,,,,,0.0,450.42,28.2,5.99,3.41,6426.67,21.2,282.28,10.39,1.9,20.6,59.55,0.53,69.66,0.64,1417173120.0,,,,,India,Asia,0.0,0.0,0.0,0.0,0.0,0.0,0.0,0.0,0.0,0.0,0.0,0.0,0.0,0.0,0.0
IND,Asia,India,2020-01-25,0.0,0.0,0.0,0.0,0.0,0.0,0.0,0.0,0.0,0.0,0.0,0.0,,,,,,,,,,,,,,,,,,,,0.0,0.0,,0.0,,,,,,,,,5.56,450.42,28.2,5.99,3.41,6426.67,21.2,282.28,10.39,1.9,20.6,59.55,0.53,69.66,0.64,1417173120.0,,,,,India,Asia,0.0,0.0,0.0,0.0,0.0,0.0,0.0,0.0,0.0,0.0,0.0,0.0,0.0,0.0,0.0
IND,Asia,India,2020-02-01,0.0,0.0,0.0,0.0,0.0,0.0,0.0,0.0,0.0,0.0,0.0,0.0,,,,,,,,,,,,,,,,,,,,0.0,0.0,,0.0,,,,,,,,,10.19,450.42,28.2,5.99,3.41,6426.67,21.2,282.28,10.39,1.9,20.6,59.55,0.53,69.66,0.64,1417173120.0,,,,,India,Asia,0.0,0.0,0.0,0.0,0.0,0.0,0.0,0.0,0.0,0.0,0.0,0.0,0.0,0.0,0.0
IND,Asia,India,2020-02-23,7.0,0.0,0.0,0.0,0.0,0.0,0.0,0.0,0.0,0.0,0.0,0.0,,,,,,,,,,,,,,,,,,,,0.0,0.0,,0.0,,,,,,,,,10.19,450.42,28.2,5.99,3.41,6426.67,21.2,282.28,10.39,1.9,20.6,59.55,0.53,69.66,0.64,1417173120.0,,,,,India,Asia,0.0,0.0,0.0,0.0005,0.0,0.0,0.0,0.0,0.23,0.0,0.0,0.0,0.0,0.0,0.0
IND,Asia,India,2020-03-10,39.0,0.0,4.57,0.0,0.0,0.0,0.03,0.0,0.0,0.0,0.0,0.0,,,,,,,,,,,,,,,,,,,,0.0,0.0,,0.0,,,,,,,,,26.85,450.42,28.2,5.99,3.41,6426.67,21.2,282.28,10.39,1.9,20.6,59.55,0.53,69.66,0.64,1417173120.0,,,,,India,Asia,0.0,0.0,0.0,0.0028,0.0,0.0,4.57,2.29,1.07,0.0,0.0,0.0,0.0,0.0,543.66
IND,Asia,India,2020-04-09,3374.0,0.0,342.14,77.0,0.0,7.43,2.37,0.0,0.24,0.05,0.0,0.0,1.83,,,,,,,,,144910.0,16991.0,0.1,0.01,13851.0,0.01,0.04,23.2,samples tested,,0.0,0.0,,0.0,,,,,,,,,100.0,450.42,28.2,5.99,3.41,6426.67,21.2,282.28,10.39,1.9,20.6,59.55,0.53,69.66,0.64,1417173120.0,,,,,India,Asia,2.2822,0.0,0.0054,0.2381,0.0,0.0,342.14,215.29,111.17,7.43,5.0,2.57,0.0,286.9,7386.65
IND,Asia,India,2020-04-12,8356.0,4982.0,711.71,273.0,196.0,28.0,5.86,3.5,0.5,0.19,0.14,0.02,1.63,,,,,,,,,195748.0,16374.0,0.14,0.01,15173.0,0.01,0.05,18.9,samples tested,,0.0,0.0,,0.0,,,,,,,,,100.0,450.42,28.2,5.99,3.41,6426.67,21.2,282.28,10.39,1.9,20.6,59.55,0.53,69.66,0.64,1417173120.0,,,,,India,Asia,3.2671,0.0,0.0193,0.5896,0.0,0.0,711.71,526.93,277.23,28.0,17.71,9.1,108.02,108.02,15473.52
IND,Asia,India,2020-04-20,15712.0,0.0,1050.86,507.0,0.0,33.43,11.02,0.0,0.74,0.36,0.0,0.02,1.4,,,,,,,,,,,,,30650.0,0.02,0.04,26.5,samples tested,,0.0,0.0,,0.0,,,,,,,,,96.3,450.42,28.2,5.99,3.41,6426.67,21.2,282.28,10.39,1.9,20.6,59.55,0.53,69.66,0.64,1417173120.0,,,,,India,Asia,3.2268,0.0,0.0358,1.1087,0.0,0.0,1050.86,881.29,520.17,33.43,30.71,16.83,0.0,47.65,10722.45
IND,Asia,India,2020-04-30,26496.0,0.0,1540.57,824.0,0.0,45.29,18.59,0.0,1.08,0.58,0.0,0.03,1.37,,,,,,,,,830201.0,59437.0,0.59,0.04,47094.0,0.03,0.04,28.0,samples tested,,0.0,0.0,,0.0,,,,,,,,,96.3,450.42,28.2,5.99,3.41,6426.67,21.2,282.28,10.39,1.9,20.6,59.55,0.53,69.66,0.64,1417173120.0,,,,,India,Asia,3.1099,0.0001,0.0581,1.8696,0.0,0.0,1540.57,1295.71,850.57,45.29,39.36,26.63,0.0,46.6,1642.14
IND,Asia,India,2020-05-13,62939.0,0.0,3279.86,2109.0,0.0,115.43,44.16,0.0,2.3,1.48,0.0,0.08,1.28,,,,,,,,,1854250.0,94671.0,1.32,0.07,82496.0,0.06,0.04,23.0,samples tested,,0.0,0.0,,0.0,,,,,,,,,81.94,450.42,28.2,5.99,3.41,6426.67,21.2,282.28,10.39,1.9,20.6,59.55,0.53,69.66,0.64,1417173120.0,,,,,India,Asia,3.3509,0.0001,0.1488,4.4412,0.0,0.0,3279.86,2603.07,1819.43,115.43,91.79,61.2,0.0,70.27,360.84
IND,Asia,India,2020-05-21,90927.0,0.0,3998.29,2872.0,0.0,109.0,63.79,0.0,2.8,2.02,0.0,0.08,1.34,,,,,,,,,2615920.0,103532.0,1.86,0.07,95554.0,0.07,0.05,18.5,samples tested,,0.0,0.0,,0.0,,,,,,,,,81.94,450.42,28.2,5.99,3.41,6426.67,21.2,282.28,10.39,1.9,20.6,59.55,0.53,69.66,0.64,1417173120.0,,,,,India,Asia,3.1586,0.0002,0.2027,6.4161,0.0,0.0,3998.29,3639.07,2507.17,109.0,112.21,78.83,0.0,21.9,280.48
IND,Asia,India,2020-06-01,182143.0,0.0,7182.14,5164.0,0.0,185.29,127.78,0.0,5.04,3.62,0.0,0.13,1.25,,,,,,,,,3837207.0,100180.0,2.73,0.07,114802.0,0.08,0.07,15.0,samples tested,,0.0,0.0,,0.0,,,,,,,,,87.5,450.42,28.2,5.99,3.41,6426.67,21.2,282.28,10.39,1.9,20.6,59.55,0.53,69.66,0.64,1417173120.0,,,,,India,Asia,2.8351,0.0004,0.3644,12.8526,0.0,0.0,7182.14,6515.43,5188.23,185.29,163.71,144.67,0.0,22.8,366.2
IND,Asia,India,2020-06-27,410461.0,0.0,12791.29,13254.0,0.0,579.86,287.96,0.0,8.97,9.3,0.0,0.41,1.24,,,,,,,,,7996707.0,220479.0,5.68,0.16,197173.0,0.14,0.09,11.7,samples tested,,0.0,0.0,,0.0,,,,,,,,,87.5,450.42,28.2,5.99,3.41,6426.67,21.2,282.28,10.39,1.9,20.6,59.55,0.53,69.66,0.64,1417173120.0,,,,,India,Asia,3.2291,0.0009,0.9352,28.9634,0.0,0.0,12791.29,11702.36,9286.43,579.86,451.79,312.9,0.0,20.52,118.7
IND,Asia,India,2020-07-27,1385522.0,0.0,43986.29,32063.0,0.0,749.57,972.01,0.0,30.86,22.49,0.0,0.53,1.22,,,,,,,,,16806803.0,515472.0,11.94,0.37,394128.0,0.28,0.12,8.5,samples tested,,0.0,0.0,,0.0,,,,,,,,,87.5,450.42,28.2,5.99,3.41,6426.67,21.2,282.28,10.39,1.9,20.6,59.55,0.53,69.66,0.64,1417173120.0,,,,,India,Asia,2.3141,0.0023,2.2625,97.7666,0.0,0.0,43986.29,38283.5,32502.03,749.57,670.64,626.97,0.0,35.01,243.88
IND,Asia,India,2020-07-28,1385522.0,0.0,43986.29,32063.0,0.0,749.57,972.01,0.0,30.86,22.49,0.0,0.53,1.21,,,,,,,,,17334885.0,528082.0,12.32,0.38,421940.0,0.3,0.11,8.7,samples tested,,0.0,0.0,,0.0,,,,,,,,,87.5,450.42,28.2,5.99,3.41,6426.67,21.2,282.28,10.39,1.9,20.6,59.55,0.53,69.66,0.64,1417173120.0,,,,,India,Asia,2.3141,0.0023,2.2625,97.7666,0.0,0.0,43986.29,38283.5,28555.43,749.57,670.64,532.27,0.0,35.01,160.06
IND,Asia,India,2020-07-31,1385522.0,0.0,43986.29,32063.0,0.0,749.57,972.01,0.0,30.86,22.49,0.0,0.53,1.18,,,,,,,,,18832970.0,642588.0,13.38,0.46,486400.0,0.35,0.11,9.5,samples tested,,0.0,0.0,,0.0,,,,,,,,,87.5,450.42,28.2,5.99,3.41,6426.67,21.2,282.28,10.39,1.9,20.6,59.55,0.53,69.66,0.64,1417173120.0,,,,,India,Asia,2.3141,0.0023,2.2625,97.7666,0.0,0.0,43986.29,38283.5,28555.43,749.57,670.64,532.27,0.0,35.01,160.06
IND,Asia,India,2020-09-04,3542733.0,0.0,71113.29,63498.0,0.0,970.29,2485.39,0.0,49.89,44.55,0.0,0.68,1.11,,,,,,,,,46679145.0,1169765.0,33.16,0.83,1028757.0,0.73,0.08,12.9,samples tested,,0.0,0.0,,0.0,,,,,,,,,81.94,450.42,28.2,5.99,3.41,6426.67,21.2,282.28,10.39,1.9,20.6,59.55,0.53,69.66,0.64,1417173120.0,,,,,India,Asia,1.7923,0.0045,4.4806,249.9859,0.0,0.0,71113.29,68075.07,59733.67,970.29,965.57,871.13,0.0,9.34,36.31
IND,Asia,India,2020-09-09,4113811.0,0.0,81582.57,70626.0,0.0,1018.29,2886.03,0.0,57.23,49.55,0.0,0.71,1.1,,,,,,,,,51804677.0,1154549.0,36.8,0.82,1066782.0,0.76,0.08,12.2,samples tested,,0.0,0.0,,0.0,,,,,,,,,76.39,450.42,28.2,5.99,3.41,6426.67,21.2,282.28,10.39,1.9,20.6,59.55,0.53,69.66,0.64,1417173120.0,,,,,India,Asia,1.7168,0.005,4.9836,290.2829,0.0,0.0,81582.57,76347.93,65360.03,1018.29,994.29,908.23,0.0,14.72,41.96
IND,Asia,India,2020-09-23,5400619.0,0.0,92323.29,86752.0,0.0,1166.57,3788.78,0.0,64.77,60.86,0.0,0.82,0.96,,,,,,,,,66279462.0,953683.0,47.09,0.68,978621.0,0.7,0.09,11.2,samples tested,,0.0,0.0,,0.0,,,,,,,,,70.83,450.42,28.2,5.99,3.41,6426.67,21.2,282.28,10.39,1.9,20.6,59.55,0.53,69.66,0.64,1417173120.0,,,,,India,Asia,1.6063,0.0061,6.1215,381.0839,0.0,0.0,92323.29,91914.86,78522.63,1166.57,1151.86,1001.53,0.0,0.89,41.96
IND,Asia,India,2020-10-01,5992532.0,0.0,84559.0,94503.0,0.0,1107.29,4204.04,0.0,59.32,66.3,0.0,0.78,0.94,,,,,,,,,75619781.0,1423052.0,53.72,1.01,1169107.0,0.83,0.07,14.2,samples tested,,0.0,0.0,,0.0,,,,,,,,,70.83,450.42,28.2,5.99,3.41,6426.67,21.2,282.28,10.39,1.9,20.6,59.55,0.53,69.66,0.64,1417173120.0,,,,,India,Asia,1.577,0.0067,6.6684,422.8511,0.0,0.0,84559.0,88441.14,81659.97,1107.29,1136.93,1033.5,0.0,-8.41,18.91
IND,Asia,India,2020-10-07,6549373.0,0.0,79548.71,101782.0,0.0,1039.86,4594.69,0.0,55.81,71.4,0.0,0.73,0.92,,,,,,,,,82271654.0,1199857.0,58.45,0.85,1153561.0,0.82,0.06,15.4,samples tested,,0.0,0.0,,0.0,,,,,,,,,70.83,450.42,28.2,5.99,3.41,6426.67,21.2,282.28,10.39,1.9,20.6,59.55,0.53,69.66,0.64,1417173120.0,,,,,India,Asia,1.5541,0.0072,7.182,462.1435,0.0,0.0,79548.71,82053.86,81185.4,1039.86,1073.57,1038.53,0.0,-5.93,-2.49
IND,Asia,India,2020-10-15,7053806.0,0.0,72061.86,108334.0,0.0,936.0,4948.57,0.0,50.56,76.0,0.0,0.66,0.88,,,,,,,,,91226305.0,1136183.0,64.81,0.81,1108619.0,0.79,0.06,16.7,samples tested,,0.0,0.0,,0.0,,,,,,,,,61.57,450.42,28.2,5.99,3.41,6426.67,21.2,282.28,10.39,1.9,20.6,59.55,0.53,69.66,0.64,1417173120.0,,,,,India,Asia,1.5358,0.0076,7.6444,497.7378,0.0,0.0,72061.86,75805.29,76648.33,936.0,987.93,991.6,0.0,-9.41,-21.25
IND,Asia,India,2020-10-21,7494551.0,0.0,62963.57,114031.0,0.0,813.86,5257.77,0.0,44.17,80.0,0.0,0.57,0.85,,,,,,,,,97200379.0,1083608.0,69.06,0.77,1015751.0,0.72,0.06,17.8,samples tested,,0.0,0.0,,0.0,,,,,,,,,61.57,450.42,28.2,5.99,3.41,6426.67,21.2,282.28,10.39,1.9,20.6,59.55,0.53,69.66,0.64,1417173120.0,,,,,India,Asia,1.5215,0.008,8.0464,528.8381,0.0,0.0,62963.57,67512.71,69797.73,813.86,874.93,909.3,0.0,-12.63,-31.8
IND,Asia,India,2020-11-09,8507754.0,0.0,46238.86,126121.0,0.0,572.86,5968.58,0.0,32.44,88.48,0.0,0.4,0.95,,,,,,,,,118572192.0,835401.0,84.24,0.59,1118441.0,0.8,0.04,24.2,samples tested,,0.0,0.0,,0.0,,,,,,,,,58.8,450.42,28.2,5.99,3.41,6426.67,21.2,282.28,10.39,1.9,20.6,59.55,0.53,69.66,0.64,1417173120.0,,,,,India,Asia,1.4824,0.0089,8.8995,600.3327,0.0,0.0,46238.86,45924.5,65279.37,572.86,541.93,811.3,0.0,1.38,-41.87
IND,Asia,India,2020-11-16,8814579.0,0.0,43832.14,129635.0,0.0,502.0,6183.83,0.0,30.75,90.94,0.0,0.35,0.92,,,,,,,,,125698525.0,861706.0,89.3,0.61,1018048.0,0.72,0.04,25.2,samples tested,,0.0,0.0,,0.0,,,,,,,,,58.8,450.42,28.2,5.99,3.41,6426.67,21.2,282.28,10.39,1.9,20.6,59.55,0.53,69.66,0.64,1417173120.0,,,,,India,Asia,1.4707,0.0091,9.1474,621.9832,0.0,0.0,43832.14,45035.5,58692.43,502.0,537.43,710.03,0.0,-5.2,-39.17
IND,Asia,India,2020-11-27,9095806.0,0.0,40175.29,133227.0,0.0,513.14,6381.13,0.0,28.18,93.46,0.0,0.36,0.95,,,,,,,,,137062749.0,1131204.0,97.38,0.8,1067280.0,0.76,0.04,24.9,samples tested,,0.0,0.0,,0.0,,,,,,,,,66.2,450.42,28.2,5.99,3.41,6426.67,21.2,282.28,10.39,1.9,20.6,59.55,0.53,69.66,0.64,1417173120.0,,,,,India,Asia,1.4647,0.0094,9.4009,641.8274,0.0,0.0,40175.29,42003.71,41033.17,513.14,507.57,489.77,0.0,-8.34,-24.05
IND,Asia,India,2020-12-07,9644222.0,0.0,35900.43,140182.0,0.0,498.0,6765.87,0.0,25.19,98.34,0.0,0.35,0.87,,,,,,,,,147787656.0,801081.0,105.0,0.57,1058240.0,0.75,0.03,30.7,samples tested,,0.0,0.0,,0.0,,,,,,,,,66.2,450.42,28.2,5.99,3.41,6426.67,21.2,282.28,10.39,1.9,20.6,59.55,0.53,69.66,0.64,1417173120.0,,,,,India,Asia,1.4535,0.0099,9.8917,680.5253,0.0,0.0,35900.43,39172.57,48671.33,498.0,496.79,602.37,0.0,-15.42,-21.29
IND,Asia,India,2020-12-08,9644222.0,0.0,35900.43,140182.0,0.0,498.0,6765.87,0.0,25.19,98.34,0.0,0.35,0.86,,,,,,,,,148814055.0,1026399.0,105.72,0.73,1066394.0,0.76,0.03,31.6,samples tested,,0.0,0.0,,0.0,,,,,,,,,66.2,450.42,28.2,5.99,3.41,6426.67,21.2,282.28,10.39,1.9,20.6,59.55,0.53,69.66,0.64,1417173120.0,,,,,India,Asia,1.4535,0.0099,9.8917,680.5253,0.0,0.0,35900.43,39172.57,37882.27,498.0,496.79,468.7,0.0,-15.42,-22.36
IND,Asia,India,2020-12-13,9857029.0,212807.0,30401.0,143019.0,2837.0,405.29,6915.16,149.29,21.33,100.33,1.99,0.28,0.84,,,,,,,,,153711833.0,1014434.0,109.2,0.72,960751.0,0.68,0.03,32.5,samples tested,,0.0,0.0,,0.0,,,,,,,,,66.2,450.42,28.2,5.99,3.41,6426.67,21.2,282.28,10.39,1.9,20.6,59.55,0.53,69.66,0.64,1417173120.0,,,,,India,Asia,1.4509,0.0101,10.0919,695.5416,0.0,0.0,30401.0,33150.71,44975.83,405.29,451.64,563.27,-15.32,-15.32,-34.25
IND,Asia,India,2020-12-17,9857029.0,0.0,30401.0,143019.0,0.0,405.29,6915.16,0.0,21.33,100.33,0.0,0.28,0.83,,,,,,,,,157805240.0,1158960.0,112.11,0.82,1006502.0,0.72,0.03,38.6,samples tested,,0.0,0.0,,0.0,,,,,,,,,66.2,450.42,28.2,5.99,3.41,6426.67,21.2,282.28,10.39,1.9,20.6,59.55,0.53,69.66,0.64,1417173120.0,,,,,India,Asia,1.4509,0.0101,10.0919,695.5416,0.0,0.0,30401.0,33150.71,34748.33,405.29,451.64,446.13,0.0,-15.32,-30.64
IND,Asia,India,2021-01-15,10450284.0,0.0,18045.57,150999.0,0.0,223.43,7331.36,0.0,12.66,105.93,0.0,0.16,0.88,,,,,,,,,184962401.0,730096.0,131.41,0.52,803720.0,0.57,0.02,43.5,samples tested,0.0,0.0,0.0,,0.0,,0.0,0.0,,,,,,66.2,450.42,28.2,5.99,3.41,6426.67,21.2,282.28,10.39,1.9,20.6,59.55,0.53,69.66,0.64,1417173120.0,,,,,India,Asia,1.4449,0.0107,10.6549,737.4035,0.0,0.0,18045.57,18745.29,19775.17,223.43,241.21,266.0,0.0,-7.2,-40.64
IND,Asia,India,2021-01-17,10557985.0,107701.0,15385.86,152274.0,1275.0,182.14,7406.91,75.56,10.79,106.83,0.89,0.13,0.87,,,,,,,,,186544868.0,779377.0,132.53,0.55,778321.0,0.55,0.02,51.8,samples tested,224301.0,224301.0,0.0,,33120.0,112150.0,0.02,0.02,,,79.0,112150.0,0.01,66.2,450.42,28.2,5.99,3.41,6426.67,21.2,282.28,10.39,1.9,20.6,59.55,0.53,69.66,0.64,1417173120.0,,,,,India,Asia,1.4423,0.0107,10.7449,745.0032,0.0158,0.0,15385.86,16715.71,23365.2,182.14,202.79,308.5,-14.74,-14.74,-49.39
IND,Asia,India,2021-02-05,10746183.0,0.0,13092.86,154274.0,0.0,133.57,7538.94,0.0,9.18,108.23,0.0,0.09,0.92,,,,,,,,,199931795.0,715776.0,142.04,0.51,692959.0,0.49,0.02,59.8,samples tested,5416849.0,5416849.0,0.0,,457404.0,273832.0,0.38,0.38,,,193.0,273832.0,0.02,61.57,450.42,28.2,5.99,3.41,6426.67,21.2,282.28,10.39,1.9,20.6,59.55,0.53,69.66,0.64,1417173120.0,,,,,India,Asia,1.4356,0.0109,10.886,758.283,0.3822,0.0,13092.86,13442.71,14073.93,133.57,142.86,161.3,0.0,-5.07,-32.67
IND,Asia,India,2021-02-13,10826363.0,0.0,11454.29,154996.0,0.0,103.14,7595.19,0.0,8.04,108.74,0.0,0.07,0.98,,,,,,,,,205533398.0,743614.0,146.02,0.53,694401.0,0.49,0.02,61.9,samples tested,8052454.0,8044786.0,7668.0,,84807.0,325305.0,0.57,0.57,0.0,,230.0,324209.0,0.02,61.57,450.42,28.2,5.99,3.41,6426.67,21.2,282.28,10.39,1.9,20.6,59.55,0.53,69.66,0.64,1417173120.0,,,,,India,Asia,1.4317,0.0109,10.937,763.9408,0.5677,0.0005,11454.29,12273.57,12535.97,103.14,118.36,133.23,0.0,-12.51,-36.53
IND,Asia,India,2021-02-27,10991651.0,0.0,12387.29,156302.0,0.0,94.29,7711.15,0.0,8.69,109.65,0.0,0.07,1.13,,,,,,,,,215435383.0,773918.0,153.06,0.55,739129.0,0.52,0.02,49.2,samples tested,14242547.0,11788669.0,2453878.0,,485607.0,486318.0,1.0,0.83,0.17,,343.0,260612.0,0.02,63.43,450.42,28.2,5.99,3.41,6426.67,21.2,282.28,10.39,1.9,20.6,59.55,0.53,69.66,0.64,1417173120.0,,,,,India,Asia,1.422,0.011,11.0291,775.604,0.8318,0.1732,12387.29,11806.29,11237.27,94.29,93.29,98.77,0.0,10.35,-10.19
IND,Asia,India,2021-04-18,14788109.0,1429304.0,204186.29,177150.0,7875.0,1125.0,10374.54,1002.72,143.25,124.28,5.52,0.79,1.47,,,,,,,,,266538416.0,1566394.0,189.36,1.11,1415938.0,1.01,0.15,6.5,samples tested,123852566.0,107371770.0,16480796.0,,1229976.0,2760572.0,8.74,7.58,1.16,,1948.0,2254910.0,0.16,69.91,450.42,28.2,5.99,3.41,6426.67,21.2,282.28,10.39,1.9,20.6,59.55,0.53,69.66,0.64,1417173120.0,,,,,India,Asia,1.1979,0.0125,12.5002,1043.4935,7.5765,1.1629,204186.29,164471.43,114302.03,1125.0,894.79,618.1,63.67,63.67,864.12
IND,Asia,India,2021-04-30,16960172.0,0.0,310294.71,192311.0,0.0,2165.86,11898.34,0.0,217.69,134.92,0.0,1.52,1.19,,,,,,,,,286392086.0,1920107.0,203.47,1.36,1706633.0,1.21,0.21,4.7,samples tested,151998107.0,125376952.0,26621155.0,,2729335.0,2442854.0,10.73,8.85,1.88,,1724.0,1484158.0,0.1,73.61,450.42,28.2,5.99,3.41,6426.67,21.2,282.28,10.39,1.9,20.6,59.55,0.53,69.66,0.64,1417173120.0,,,,,India,Asia,1.1339,0.0136,13.57,1196.7608,8.847,1.8785,310294.71,257240.5,166284.93,2165.86,1645.43,1025.3,0.0,51.97,483.11
IND,Asia,India,2021-05-11,22296414.0,0.0,391279.57,242362.0,0.0,3831.43,15641.96,0.0,274.5,170.03,0.0,2.69,0.96,,,,,,,,,305600187.0,1850110.0,217.11,1.31,1755630.0,1.25,0.22,4.6,samples tested,173862643.0,136557345.0,37305298.0,,2763725.0,2301699.0,12.27,9.64,2.63,,1624.0,1132775.0,0.08,81.94,450.42,28.2,5.99,3.41,6426.67,21.2,282.28,10.39,1.9,20.6,59.55,0.53,69.66,0.64,1417173120.0,,,,,India,Asia,1.087,0.0171,17.1018,1573.3021,9.6359,2.6324,391279.57,381160.14,297920.3,3831.43,3575.07,2436.23,0.0,5.45,213.63
IND,Asia,India,2021-05-29,26530132.0,0.0,263722.14,299266.0,0.0,4140.29,18612.11,0.0,185.01,209.95,0.0,2.9,0.71,,,,,,,,,341119909.0,2080048.0,242.35,1.48,2090822.0,1.48,0.09,10.7,samples tested,207088953.0,164158704.0,42930249.0,,3922151.0,2320922.0,14.61,11.58,3.03,,1638.0,2134155.0,0.15,81.94,450.42,28.2,5.99,3.41,6426.67,21.2,282.28,10.39,1.9,20.6,59.55,0.53,69.66,0.64,1417173120.0,,,,,India,Asia,1.128,0.0211,21.1171,1872.046,11.5835,3.0293,263722.14,302408.43,318998.67,4140.29,4064.57,3565.17,0.0,-22.68,-15.01
IND,Asia,India,2021-06-13,29439989.0,630650.0,90092.86,370384.0,23625.0,3375.0,20653.51,442.43,63.2,259.84,16.57,2.37,0.66,,,,,,,,,378132474.0,1900312.0,268.64,1.35,1912279.0,1.36,0.04,22.3,samples tested,249430416.0,202572835.0,46857581.0,,3242349.0,3055624.0,17.6,14.29,3.31,,2156.0,2756733.0,0.2,81.94,450.42,28.2,5.99,3.41,6426.67,21.2,282.28,10.39,1.9,20.6,59.55,0.53,69.66,0.64,1417173120.0,,,,,India,Asia,1.2581,0.0261,26.1354,2077.3742,14.2941,3.3064,90092.86,110370.64,238119.17,3375.0,3172.29,4267.4,-31.04,-31.04,-76.97
IND,Asia,India,2021-06-22,29881965.0,0.0,63139.43,386713.0,0.0,2332.71,20963.57,0.0,44.3,271.3,0.0,1.64,0.72,,,,,,,,,394072142.0,1664360.0,279.97,1.18,1813737.0,1.29,0.03,32.1,samples tested,289855456.0,238586187.0,51269269.0,,6541514.0,4935727.0,20.45,16.84,3.62,,3483.0,4393602.0,0.31,81.94,450.42,28.2,5.99,3.41,6426.67,21.2,282.28,10.39,1.9,20.6,59.55,0.53,69.66,0.64,1417173120.0,,,,,India,Asia,1.2941,0.0273,27.2876,2108.5614,16.8354,3.6177,63139.43,76616.14,111727.77,2332.71,2853.86,2914.9,0.0,-29.92,-76.06
IND,Asia,India,2021-06-25,29881965.0,0.0,63139.43,386713.0,0.0,2332.71,20963.57,0.0,44.3,271.3,0.0,1.64,0.76,,,,,,,,,399568448.0,1735781.0,283.87,1.23,1771536.0,1.26,0.03,34.5,samples tested,306661528.0,253359907.0,53301621.0,,6607501.0,5757941.0,21.64,17.88,3.76,,4063.0,5116702.0,0.36,81.94,450.42,28.2,5.99,3.41,6426.67,21.2,282.28,10.39,1.9,20.6,59.55,0.53,69.66,0.64,1417173120.0,,,,,India,Asia,1.2941,0.0273,27.2876,2108.5614,17.8778,3.7611,63139.43,76616.14,111727.77,2332.71,2853.86,2914.9,0.0,-29.92,-76.06
IND,Asia,India,2021-06-29,30233183.0,0.0,50174.0,395751.0,0.0,1291.14,21209.97,0.0,35.2,277.64,0.0,0.91,0.8,,,,,,,,,408139287.0,1768008.0,289.96,1.26,2009592.0,1.43,0.02,42.1,samples tested,327423913.0,270178001.0,57245912.0,,6000335.0,5366922.0,23.1,19.06,4.04,,3787.0,4513116.0,0.32,81.94,450.42,28.2,5.99,3.41,6426.67,21.2,282.28,10.39,1.9,20.6,59.55,0.53,69.66,0.64,1417173120.0,,,,,India,Asia,1.309,0.0279,27.9254,2133.3444,19.0646,4.0394,50174.0,56656.71,77946.1,1291.14,1811.93,2325.97,0.0,-20.53,-74.26
IND,Asia,India,2021-07-25,31371901.0,265836.0,37976.57,420551.0,6942.0,991.71,22008.83,186.5,26.64,295.04,4.87,0.7,1.0,,,,,,,,,456289567.0,1718756.0,324.17,1.22,1761558.0,1.25,0.02,46.2,samples tested,435196001.0,341802707.0,93393294.0,,2045137.0,3829563.0,30.71,24.12,6.59,,2702.0,2522776.0,0.18,78.24,450.42,28.2,5.99,3.41,6426.67,21.2,282.28,10.39,1.9,20.6,59.55,0.53,69.66,0.64,1417173120.0,,,,,India,Asia,1.3405,0.0297,29.6753,2213.6957,24.1186,6.5901,37976.57,38191.36,49664.53,991.71,893.64,1127.93,-1.12,-1.12,-39.85
IND,Asia,India,2021-08-02,31655824.0,0.0,40560.43,424351.0,0.0,542.86,22208.02,0.0,28.46,297.7,0.0,0.38,1.0,,,,,,,,,469645494.0,1428984.0,333.66,1.01,1743069.0,1.24,0.02,42.7,samples tested,,367994586.0,104229053.0,,0.0,5263244.0,,,,,3714.0,3789492.0,0.27,74.54,450.42,28.2,5.99,3.41,6426.67,21.2,282.28,10.39,1.9,20.6,59.55,0.53,69.66,0.64,1417173120.0,,,,,India,Asia,1.3405,0.0299,29.9435,2233.7302,25.9668,7.3547,40560.43,39268.5,47421.37,542.86,767.29,953.33,0.0,6.8,-19.16
IND,Asia,India,2021-08-15,32192576.0,258121.0,36874.43,431225.0,3363.0,480.43,22584.57,181.08,25.87,302.52,2.36,0.34,0.94,,,,,,,,,493624440.0,1923863.0,350.69,1.37,1940751.0,1.38,0.02,53.2,samples tested,,422575401.0,121270889.0,,0.0,5502629.0,,,,,3883.0,4280142.0,0.3,69.64,450.42,28.2,5.99,3.41,6426.67,21.2,282.28,10.39,1.9,20.6,59.55,0.53,69.66,0.64,1417173120.0,,,,,India,Asia,1.3395,0.0304,30.4285,2271.605,29.8182,8.5572,36874.43,38339.43,45178.47,480.43,491.0,772.83,-7.36,-7.36,-11.54
IND,Asia,India,2021-08-22,32424234.0,231658.0,33094.0,434367.0,3142.0,448.86,22747.09,162.52,23.22,304.73,2.2,0.32,0.98,,,,,,,,,506256239.0,1680081.0,359.67,1.19,1804543.0,1.28,0.02,56.4,samples tested,580771824.0,451186857.0,129584967.0,,4406004.0,4798380.0,40.98,31.84,9.14,,3386.0,3651182.0,0.26,69.56,450.42,28.2,5.99,3.41,6426.67,21.2,282.28,10.39,1.9,20.6,59.55,0.53,69.66,0.64,1417173120.0,,,,,India,Asia,1.3396,0.0307,30.6502,2287.9515,31.8371,9.1439,33094.0,34984.21,43938.97,448.86,464.64,691.93,-10.25,-10.25,-13.83
IND,Asia,India,2021-08-25,32424234.0,0.0,33094.0,434367.0,0.0,448.86,22747.09,0.0,23.22,304.73,0.0,0.32,1.09,,,,,,,,,511184547.0,1792755.0,363.17,1.27,1822495.0,1.3,0.02,54.0,samples tested,597923238.0,463341344.0,134581894.0,,9191734.0,5110246.0,42.19,32.69,9.5,,3606.0,3663250.0,0.26,69.51,450.42,28.2,5.99,3.41,6426.67,21.2,282.28,10.39,1.9,20.6,59.55,0.53,69.66,0.64,1417173120.0,,,,,India,Asia,1.3396,0.0307,30.6502,2287.9515,32.6948,9.4965,33094.0,34984.21,35077.77,448.86,464.64,460.53,0.0,-10.25,-12.86
IND,Asia,India,2021-09-06,32988673.0,0.0,41949.0,440533.0,0.0,386.14,23143.07,0.0,29.43,309.05,0.0,0.27,0.96,,,,,,,,,531468867.0,1410649.0,377.58,1.0,1617477.0,1.15,0.03,39.0,samples tested,688453563.0,527862293.0,160591270.0,,3938050.0,7021136.0,48.58,37.25,11.33,,4954.0,4969300.0,0.35,69.26,450.42,28.2,5.99,3.41,6426.67,21.2,282.28,10.39,1.9,20.6,59.55,0.53,69.66,0.64,1417173120.0,,,,,India,Asia,1.3354,0.0311,31.0853,2327.78,37.2476,11.3318,41949.0,40317.07,44428.3,386.14,440.43,539.4,0.0,8.44,3.42
IND,Asia,India,2021-09-17,33236921.0,0.0,35464.0,442655.0,0.0,303.14,23317.23,0.0,24.88,310.54,0.0,0.21,0.92,,,,,,,,,549229149.0,1527420.0,390.2,1.08,1517756.0,1.08,0.02,50.8,samples tested,777387850.0,586105233.0,191282617.0,,6046209.0,7610446.0,54.85,41.36,13.5,,5370.0,4734359.0,0.33,63.4,450.42,28.2,5.99,3.41,6426.67,21.2,282.28,10.39,1.9,20.6,59.55,0.53,69.66,0.64,1417173120.0,,,,,India,Asia,1.3318,0.0312,31.2351,2345.2972,41.3573,13.4975,35464.0,38706.5,34811.5,303.14,344.64,381.0,0.0,-15.46,-3.82
IND,Asia,India,2021-09-25,33448163.0,0.0,30177.43,444838.0,0.0,311.86,23465.43,0.0,21.17,312.07,0.0,0.22,0.88,,,,,,,,,561661383.0,1728674.0,399.03,1.23,1554444.0,1.1,0.02,53.2,samples tested,852156699.0,629574531.0,222582168.0,,4502882.0,8020226.0,60.13,44.42,15.71,,5659.0,4624176.0,0.33,63.1,450.42,28.2,5.99,3.41,6426.67,21.2,282.28,10.39,1.9,20.6,59.55,0.53,69.66,0.64,1417173120.0,,,,,India,Asia,1.3299,0.0314,31.3891,2360.203,44.4247,15.7061,30177.43,32820.71,34130.97,311.86,307.5,349.03,0.0,-14.91,-8.81
IND,Asia,India,2021-10-08,33813903.0,0.0,23022.57,448817.0,0.0,271.29,23722.01,0.0,16.15,314.87,0.0,0.19,0.84,,,,,,,,,580043190.0,1385706.0,412.09,0.98,1366550.0,0.97,0.02,66.3,samples tested,935219767.0,675161305.0,260058462.0,,8045908.0,6002255.0,65.99,47.64,18.35,,4235.0,3202444.0,0.23,62.73,450.42,28.2,5.99,3.41,6426.67,21.2,282.28,10.39,1.9,20.6,59.55,0.53,69.66,0.64,1417173120.0,,,,,India,Asia,1.3273,0.0317,31.6699,2386.0108,47.6414,18.3505,23022.57,26124.29,27507.67,271.29,284.21,276.13,0.0,-21.23,-45.12
IND,Asia,India,2021-10-11,33953475.0,0.0,19938.86,450589.0,0.0,253.14,23819.93,0.0,13.99,316.11,0.0,0.18,0.83,,,,,,,,,583631490.0,1035797.0,414.64,0.74,1339870.0,0.95,0.01,70.6,samples tested,954908095.0,685337489.0,269570606.0,,3768263.0,6261109.0,67.38,48.36,19.02,,4418.0,3295832.0,0.23,62.64,450.42,28.2,5.99,3.41,6426.67,21.2,282.28,10.39,1.9,20.6,59.55,0.53,69.66,0.64,1417173120.0,,,,,India,Asia,1.3271,0.0318,31.7949,2395.8594,48.3595,19.0217,19938.86,21480.71,32160.07,253.14,262.21,335.2,0.0,-13.39,-52.47
IND,Asia,India,2021-10-21,34067719.0,0.0,16320.57,452124.0,0.0,219.29,23900.07,0.0,11.45,317.19,0.0,0.15,0.9,,,,,,,,,595742218.0,1312328.0,423.24,0.93,1153956.0,0.82,0.01,76.5,samples tested,1003204289.0,709552033.0,293652256.0,,5805257.0,4977463.0,70.79,50.07,20.72,,3512.0,2488175.0,0.18,59.62,450.42,28.2,5.99,3.41,6426.67,21.2,282.28,10.39,1.9,20.6,59.55,0.53,69.66,0.64,1417173120.0,,,,,India,Asia,1.3271,0.0319,31.9032,2403.9208,50.0681,20.721,16320.57,18129.71,20651.87,219.29,236.21,242.87,0.0,-18.15,-45.92
IND,Asia,India,2021-10-26,34175468.0,0.0,15392.71,454269.0,0.0,306.43,23975.66,0.0,10.8,318.69,0.0,0.22,0.9,,,,,,,,,601901543.0,1131826.0,427.62,0.8,1256479.0,0.89,0.01,82.5,samples tested,1030850079.0,721149084.0,309700995.0,,6700130.0,6248147.0,72.74,50.89,21.85,,4409.0,3001255.0,0.21,53.91,450.42,28.2,5.99,3.41,6426.67,21.2,282.28,10.39,1.9,20.6,59.55,0.53,69.66,0.64,1417173120.0,,,,,India,Asia,1.3292,0.0321,32.0546,2411.5239,50.8864,21.8534,15392.71,15856.64,17424.1,306.43,262.86,245.03,0.0,-5.69,-47.33
IND,Asia,India,2021-11-10,34355536.0,0.0,11748.0,460791.0,0.0,372.14,24101.99,0.0,8.24,323.27,0.0,0.26,0.92,,,,,,,,,618502659.0,1278728.0,439.41,0.91,1031972.0,0.73,0.01,89.6,samples tested,1097806371.0,745597244.0,352209127.0,,5658232.0,3249564.0,77.46,52.61,24.85,,2293.0,1013613.0,0.07,47.94,450.42,28.2,5.99,3.41,6426.67,21.2,282.28,10.39,1.9,20.6,59.55,0.53,69.66,0.64,1417173120.0,,,,,India,Asia,1.3412,0.0325,32.5148,2424.23,52.6116,24.8529,11748.0,12862.0,13402.03,372.14,465.86,340.07,0.0,-15.94,-41.08
IND,Asia,India,2021-11-15,34437307.0,0.0,11681.57,463530.0,0.0,391.29,24159.36,0.0,8.2,325.19,0.0,0.28,0.91,,,,,,,,,624666542.0,915198.0,443.79,0.65,1227799.0,0.87,0.01,108.4,samples tested,1126981490.0,753932806.0,373048684.0,,4092054.0,5535065.0,79.52,53.2,26.32,,3906.0,1597522.0,0.11,49.78,450.42,28.2,5.99,3.41,6426.67,21.2,282.28,10.39,1.9,20.6,59.55,0.53,69.66,0.64,1417173120.0,,,,,India,Asia,1.346,0.0327,32.7081,2430.0,53.1998,26.3234,11681.57,11714.79,16127.73,391.29,381.71,431.37,0.0,-0.57,-41.41
IND,Asia,India,2021-11-22,34510413.0,0.0,10443.71,465662.0,0.0,304.57,24210.64,0.0,7.33,326.68,0.0,0.21,0.88,,,,,,,,,632524259.0,874881.0,449.38,0.62,1122531.0,0.8,0.01,112.1,samples tested,1175843376.0,769596553.0,406246823.0,,7786149.0,6980269.0,82.97,54.31,28.67,,4925.0,2237678.0,0.16,57.72,450.42,28.2,5.99,3.41,6426.67,21.2,282.28,10.39,1.9,20.6,59.55,0.53,69.66,0.64,1417173120.0,,,,,India,Asia,1.3493,0.0329,32.8585,2435.1586,54.305,28.666,10443.71,11062.64,14756.47,304.57,347.93,451.27,0.0,-10.6,-36.01
IND,Asia,India,2021-12-03,34572523.0,0.0,8872.86,468554.0,0.0,413.14,24254.22,0.0,6.22,328.71,0.0,0.29,0.93,,,,,,,,,644668082.0,1157156.0,458.0,0.82,1080296.0,0.77,0.01,124.8,samples tested,1261728028.0,796283823.0,465444205.0,,5861617.0,7281421.0,89.03,56.19,32.84,,5138.0,2247545.0,0.16,58.59,450.42,28.2,5.99,3.41,6426.67,21.2,282.28,10.39,1.9,20.6,59.55,0.53,69.66,0.64,1417173120.0,,,,,India,Asia,1.3553,0.0331,33.0626,2439.5413,56.1882,32.8431,8872.86,9658.29,9974.1,413.14,358.86,345.6,0.0,-15.04,-36.51
IND,Asia,India,2021-12-12,34690510.0,57255.0,8179.29,475434.0,2108.0,301.14,24336.99,40.17,5.74,333.54,1.48,0.21,0.89,,,,,,,,,655816759.0,1189459.0,465.92,0.84,1223416.0,0.87,0.01,152.1,samples tested,1331399226.0,816708250.0,514690976.0,,3904978.0,7519381.0,93.95,57.63,36.32,,5306.0,2184411.0,0.15,57.88,450.42,28.2,5.99,3.41,6426.67,21.2,282.28,10.39,1.9,20.6,59.55,0.53,69.66,0.64,1417173120.0,,,,,India,Asia,1.3705,0.0335,33.5481,2447.8668,57.6294,36.3181,8179.29,8427.64,11165.8,301.14,491.43,488.1,-5.73,-5.73,-30.38
IND,Asia,India,2021-12-19,34740275.0,49765.0,7109.29,477422.0,1988.0,284.0,24371.9,34.91,4.99,334.93,1.4,0.2,1.04,,,,,,,,,664109365.0,1211977.0,471.82,0.86,1184658.0,0.84,0.01,169.3,samples tested,1376428862.0,828319595.0,548109267.0,,3371373.0,6432805.0,97.12,58.45,38.68,,4539.0,1658764.0,0.12,56.01,450.42,28.2,5.99,3.41,6426.67,21.2,282.28,10.39,1.9,20.6,59.55,0.53,69.66,0.64,1417173120.0,,,,,India,Asia,1.3743,0.0337,33.6883,2451.3783,58.4487,38.6762,7109.29,7644.29,10098.93,284.0,292.57,463.07,-13.08,-13.08,-39.14
IND,Asia,India,2022-01-10,35528004.0,0.0,91267.43,483790.0,0.0,288.57,24924.53,0.0,64.03,339.4,0.0,0.2,2.24,,,,,,,,,691575352.0,1540827.0,491.33,1.1,1517839.0,1.08,0.09,11.6,samples tested,1524222751.0,889459819.0,634265259.0,,6517469.0,8528083.0,107.55,62.76,44.76,,6018.0,5269835.0,0.37,68.55,450.42,28.2,5.99,3.41,6426.67,21.2,282.28,10.39,1.9,20.6,59.55,0.53,69.66,0.64,1417173120.0,,,,,India,Asia,1.3617,0.0341,34.1377,2506.9629,62.763,44.7557,91267.43,52943.0,29824.97,288.57,293.43,348.8,0.0,524.33,951.95
IND,Asia,India,2022-01-22,37122164.0,0.0,227737.14,486066.0,0.0,325.14,26042.91,0.0,159.77,341.0,0.0,0.23,1.26,,,,,,,,,713499892.0,1960954.0,506.9,1.39,1826724.0,1.3,0.17,6.0,samples tested,1617088106.0,928133309.0,681368115.0,7586682.0,7475099.0,7349937.0,114.11,65.49,48.08,0.54,5186.0,2875423.0,0.2,78.01,450.42,28.2,5.99,3.41,6426.67,21.2,282.28,10.39,1.9,20.6,59.55,0.53,69.66,0.64,1417173120.0,,,,,India,Asia,1.3094,0.0343,34.2983,2619.4516,65.4919,48.0794,227737.14,159502.29,79396.3,325.14,306.86,288.13,0.0,149.53,3103.37
IND,Asia,India,2022-02-13,42631421.0,443283.0,63326.14,508665.0,6686.0,955.14,29907.9,310.98,44.43,356.85,4.69,0.67,0.39,,,,,,,,,750735858.0,1415279.0,533.36,1.0,1506960.0,1.07,0.04,26.8,samples tested,1727912049.0,958033046.0,753481207.0,16397796.0,4540768.0,4575122.0,121.93,67.6,53.17,1.16,3228.0,974267.0,0.07,69.06,450.42,28.2,5.99,3.41,6426.67,21.2,282.28,10.39,1.9,20.6,59.55,0.53,69.66,0.64,1417173120.0,,,,,India,Asia,1.1932,0.0359,35.8929,3008.2014,67.6017,53.1679,63326.14,109921.36,236780.57,955.14,1041.0,829.17,-59.54,-59.54,-30.61
IND,Asia,India,2022-02-21,42822473.0,0.0,27293.14,511903.0,0.0,462.57,30041.94,0.0,19.15,359.12,0.0,0.32,0.35,,,,,,,,,760146333.0,831087.0,540.04,0.59,1191795.0,0.85,0.02,52.5,samples tested,1755791055.0,962967313.0,774808452.0,18015290.0,2384269.0,3723058.0,123.89,67.95,54.67,1.27,2627.0,643571.0,0.04,64.43,450.42,28.2,5.99,3.41,6426.67,21.2,282.28,10.39,1.9,20.6,59.55,0.53,69.66,0.64,1417173120.0,,,,,India,Asia,1.1954,0.0361,36.1214,3021.6826,67.9499,54.6728,27293.14,45309.64,190010.3,462.57,708.86,861.23,0.0,-56.9,-88.02
IND,Asia,India,2022-02-24,42822473.0,0.0,27293.14,511903.0,0.0,462.57,30041.94,0.0,19.15,359.12,0.0,0.32,0.34,,,,,,,,,763569165.0,1155147.0,542.48,0.82,1148101.0,0.82,0.01,70.4,samples tested,1764970949.0,964304634.0,782222068.0,18444247.0,3279790.0,3005569.0,124.54,68.04,55.2,1.3,2121.0,468913.0,0.03,64.38,450.42,28.2,5.99,3.41,6426.67,21.2,282.28,10.39,1.9,20.6,59.55,0.53,69.66,0.64,1417173120.0,,,,,India,Asia,1.1954,0.0361,36.1214,3021.6826,68.0442,55.1959,27293.14,45309.64,119506.97,462.57,708.86,749.8,0.0,-56.9,-90.97
IND,Asia,India,2022-03-10,42962953.0,0.0,6690.86,515036.0,0.0,187.43,30140.49,0.0,4.69,361.32,0.0,0.13,0.41,,,,,,,,,776082445.0,873974.0,551.37,0.62,861777.0,0.61,0.01,184.5,samples tested,1795443790.0,968154309.0,807510151.0,19779330.0,1923632.0,1999822.0,126.69,68.32,56.98,1.4,1411.0,235116.0,0.02,54.97,450.42,28.2,5.99,3.41,6426.67,21.2,282.28,10.39,1.9,20.6,59.55,0.53,69.66,0.64,1417173120.0,,,,,India,Asia,1.1988,0.0363,36.3425,3031.5953,68.3159,56.9803,6690.86,10034.29,25827.17,187.43,223.79,435.23,0.0,-49.99,-95.73
IND,Asia,India,2022-03-13,42990991.0,28038.0,4005.43,515850.0,814.0,116.29,30160.16,19.67,2.81,361.89,0.57,0.08,0.43,,,,,,,,,778520151.0,761737.0,553.1,0.54,813701.0,0.58,0.0,217.6,samples tested,1800720203.0,968738370.0,811980554.0,20001279.0,1308487.0,1839242.0,127.06,68.36,57.3,1.41,1298.0,208426.0,0.02,54.95,450.42,28.2,5.99,3.41,6426.67,21.2,282.28,10.39,1.9,20.6,59.55,0.53,69.66,0.64,1417173120.0,,,,,India,Asia,1.1999,0.0364,36.3999,3033.5737,68.3571,57.2958,4005.43,5348.14,26761.77,116.29,151.86,462.37,-40.14,-40.14,-97.44
IND,Asia,India,2022-03-14,42990991.0,0.0,4005.43,515850.0,0.0,116.29,30160.16,0.0,2.81,361.89,0.0,0.08,0.44,,,,,,,,,779052383.0,532232.0,553.48,0.38,802173.0,0.57,0.0,226.8,samples tested,1802515613.0,968928555.0,813501336.0,20085722.0,1795410.0,1885498.0,127.19,68.37,57.4,1.42,1330.0,209660.0,0.02,54.94,450.42,28.2,5.99,3.41,6426.67,21.2,282.28,10.39,1.9,20.6,59.55,0.53,69.66,0.64,1417173120.0,,,,,India,Asia,1.1999,0.0364,36.3999,3033.5737,68.3705,57.4031,4005.43,5348.14,26761.77,116.29,151.86,462.37,0.0,-40.14,-97.44
IND,Asia,India,2022-03-28,43019453.0,0.0,1658.86,521004.0,0.0,646.43,30180.13,0.0,1.16,365.51,0.0,0.45,0.6,,,,,,,,,787355354.0,432389.0,559.38,0.31,615742.0,0.44,0.0,391.4,samples tested,1833040014.0,984051283.0,827610878.0,21377853.0,1692273.0,2736644.0,129.34,69.44,58.4,1.51,1931.0,1606060.0,0.11,43.06,450.42,28.2,5.99,3.41,6426.67,21.2,282.28,10.39,1.9,20.6,59.55,0.53,69.66,0.64,1417173120.0,,,,,India,Asia,1.2111,0.0368,36.7636,3035.5821,69.4376,58.3987,1658.86,2033.0,6566.0,646.43,368.14,303.37,0.0,-31.09,-93.92
IND,Asia,India,2022-04-10,43035271.0,7140.0,1020.0,521685.0,340.0,48.57,30191.22,5.01,0.72,365.99,0.24,0.03,0.85,,,,,,,,,793847740.0,418345.0,563.99,0.3,440408.0,0.31,0.0,434.9,samples tested,1856267473.0,994940223.0,838319304.0,23007946.0,835344.0,1499370.0,130.98,70.21,59.15,1.62,1058.0,629814.0,0.04,50.46,450.42,28.2,5.99,3.41,6426.67,21.2,282.28,10.39,1.9,20.6,59.55,0.53,69.66,0.64,1417173120.0,,,,,India,Asia,1.2122,0.0368,36.8117,3036.6982,70.206,59.1543,1020.0,1129.86,2410.6,48.57,48.64,221.63,-17.72,-17.72,-84.76
IND,Asia,India,2022-04-23,43042097.0,0.0,975.14,521751.0,0.0,9.43,30196.01,0.0,0.68,366.03,0.0,0.01,1.43,,,,,,,,,834281170.0,,592.71,,400412.0,0.28,0.01,181.4,samples tested,,999458254.0,847776627.0,,0.0,1501229.0,,,,,1059.0,371764.0,0.03,50.46,450.42,28.2,5.99,3.41,6426.67,21.2,282.28,10.39,1.9,20.6,59.55,0.53,69.66,0.64,1417173120.0,,,,,India,Asia,1.2122,0.0368,36.8163,3037.1799,70.5248,59.8217,975.14,997.57,1141.87,9.43,29.0,175.73,0.0,-4.4,-59.49
IND,Asia,India,2022-05-04,43079188.0,0.0,3091.86,523843.0,0.0,235.71,30222.03,0.0,2.17,367.5,0.0,0.16,1.14,,,,,,,,,838955577.0,327327.0,596.03,0.23,425928.0,0.3,0.01,132.0,samples tested,1894097635.0,1004240714.0,862476076.0,27380845.0,774849.0,1807346.0,133.65,70.86,60.86,1.93,1275.0,373987.0,0.03,37.04,450.42,28.2,5.99,3.41,6426.67,21.2,282.28,10.39,1.9,20.6,59.55,0.53,69.66,0.64,1417173120.0,,,,,India,Asia,1.216,0.037,36.9639,3039.7971,70.8622,60.8589,3091.86,2649.36,1701.9,235.71,149.43,83.27,0.0,40.1,149.4
IND,Asia,India,2022-05-07,43079188.0,0.0,3091.86,523843.0,0.0,235.71,30222.03,0.0,2.17,367.5,0.0,0.16,1.07,,,,,,,,,840332469.0,487544.0,597.01,0.35,412921.0,0.29,0.01,125.6,samples tested,1899566264.0,1005329809.0,866213265.0,28023190.0,1945305.0,1555011.0,134.04,70.94,61.12,1.98,1097.0,309658.0,0.02,37.04,450.42,28.2,5.99,3.41,6426.67,21.2,282.28,10.39,1.9,20.6,59.55,0.53,69.66,0.64,1417173120.0,,,,,India,Asia,1.216,0.037,36.9639,3039.7971,70.9391,61.1226,3091.86,2649.36,1701.9,235.71,149.43,83.27,0.0,40.1,149.4
IND,Asia,India,2022-05-14,43102194.0,0.0,3286.57,524064.0,0.0,31.57,30238.17,0.0,2.31,367.66,0.0,0.02,0.88,,,,,,,,,843431758.0,486963.0,599.21,0.35,442756.0,0.32,0.01,159.7,samples tested,1910988931.0,1007616480.0,874086644.0,29285807.0,1685274.0,1631810.0,134.85,71.1,61.68,2.07,1151.0,326667.0,0.02,37.04,450.42,28.2,5.99,3.41,6426.67,21.2,282.28,10.39,1.9,20.6,59.55,0.53,69.66,0.64,1417173120.0,,,,,India,Asia,1.2159,0.037,36.9795,3041.4205,71.1005,61.6782,3286.57,3189.21,2230.77,31.57,133.64,79.3,0.0,6.3,222.21
IND,Asia,India,2022-05-17,43121599.0,0.0,2772.14,524214.0,0.0,21.43,30251.79,0.0,1.94,367.76,0.0,0.02,0.85,,,,,,,,,844491640.0,357484.0,599.97,0.25,425277.0,0.3,0.01,179.2,samples tested,1914231848.0,1008179704.0,876177987.0,29874157.0,1297045.0,1394788.0,135.07,71.14,61.83,2.11,984.0,267608.0,0.02,37.04,450.42,28.2,5.99,3.41,6426.67,21.2,282.28,10.39,1.9,20.6,59.55,0.53,69.66,0.64,1417173120.0,,,,,India,Asia,1.2157,0.037,36.9901,3042.7898,71.1402,61.8258,2772.14,3029.36,2650.07,21.43,26.5,82.1,0.0,-15.65,184.28
IND,Asia,India,2022-05-25,43136371.0,0.0,2110.29,524413.0,0.0,28.43,30262.15,0.0,1.48,367.9,0.0,0.02,1.03,,,,,,,,,847958776.0,458924.0,602.43,0.33,433168.0,0.31,0.0,198.7,samples tested,1925998950.0,1010112144.0,883757952.0,32128854.0,1436636.0,1459207.0,135.9,71.28,62.36,2.27,1030.0,234624.0,0.02,37.04,450.42,28.2,5.99,3.41,6426.67,21.2,282.28,10.39,1.9,20.6,59.55,0.53,69.66,0.64,1417173120.0,,,,,India,Asia,1.2157,0.037,37.0042,3043.8321,71.2766,62.3606,2110.29,2441.21,2627.53,28.43,24.93,74.0,0.0,-23.88,-4.38
IND,Asia,India,2022-05-26,43136371.0,0.0,2110.29,524413.0,0.0,28.43,30262.15,0.0,1.48,367.9,0.0,0.02,1.07,,,,,,,,,848411356.0,452580.0,602.75,0.32,429598.0,0.3,0.01,191.4,samples tested,1927492886.0,1010349257.0,884740081.0,32403548.0,1493936.0,1451802.0,136.01,71.29,62.43,2.29,1024.0,230673.0,0.02,37.04,450.42,28.2,5.99,3.41,6426.67,21.2,282.28,10.39,1.9,20.6,59.55,0.53,69.66,0.64,1417173120.0,,,,,India,Asia,1.2157,0.037,37.0042,3043.8321,71.2933,62.4299,2110.29,2441.21,2627.53,28.43,24.93,74.0,0.0,-23.88,-4.38
IND,Asia,India,2022-06-03,43153043.0,0.0,2381.71,524586.0,0.0,24.71,30273.85,0.0,1.67,368.02,0.0,0.02,1.35,,,,,,,,,851763974.0,425379.0,605.13,0.3,412397.0,0.29,0.01,129.3,samples tested,1937558468.0,1011862480.0,891067632.0,34628356.0,1331049.0,1212411.0,136.72,71.4,62.88,2.44,856.0,177984.0,0.01,37.04,450.42,28.2,5.99,3.41,6426.67,21.2,282.28,10.39,1.9,20.6,59.55,0.53,69.66,0.64,1417173120.0,,,,,India,Asia,1.2156,0.037,37.0164,3045.0086,71.4001,62.8764,2381.71,2246.0,2461.83,24.71,26.57,24.77,0.0,12.86,-22.97
IND,Asia,India,2022-06-11,43176817.0,0.0,3396.29,524692.0,0.0,15.14,30290.52,0.0,2.38,368.1,0.0,0.01,1.55,,,,,,,,,854543282.0,344994.0,607.11,0.24,333356.0,0.24,0.02,51.6,samples tested,1948512551.0,1013296239.0,898119984.0,37096328.0,1623660.0,1378457.0,137.49,71.5,63.37,2.62,973.0,180501.0,0.01,37.04,450.42,28.2,5.99,3.41,6426.67,21.2,282.28,10.39,1.9,20.6,59.55,0.53,69.66,0.64,1417173120.0,,,,,India,Asia,1.2152,0.037,37.0238,3046.6861,71.5012,63.374,3396.29,2889.0,2487.43,15.14,19.93,20.93,0.0,42.6,3.34
IND,Asia,India,2022-06-15,43222017.0,0.0,6457.14,524761.0,0.0,9.86,30322.23,0.0,4.53,368.14,0.0,0.01,1.52,,,,,,,,,855871030.0,440278.0,608.05,0.31,335487.0,0.24,0.03,39.0,samples tested,1954285339.0,1013988367.0,901971812.0,38325160.0,1517997.0,1536030.0,137.9,71.55,63.65,2.7,1084.0,189707.0,0.01,37.04,450.42,28.2,5.99,3.41,6426.67,21.2,282.28,10.39,1.9,20.6,59.55,0.53,69.66,0.64,1417173120.0,,,,,India,Asia,1.2141,0.037,37.0287,3049.8756,71.5501,63.6458,6457.14,4926.71,3347.27,9.86,12.5,18.23,0.0,90.12,132.93
IND,Asia,India,2022-08-03,44019811.0,0.0,18722.29,526357.0,0.0,46.29,30881.92,0.0,13.14,369.26,0.0,0.03,0.96,,,,,,,,,,,,,,,,,,,1021500031.0,933235740.0,,0.0,3010237.0,,,,,2124.0,145149.0,0.01,31.48,450.42,28.2,5.99,3.41,6426.67,21.2,282.28,10.39,1.9,20.6,59.55,0.53,69.66,0.64,1417173120.0,,,,,India,Asia,1.1957,0.0371,37.1413,3106.1703,72.0801,65.8519,18722.29,19229.43,17246.07,46.29,46.29,38.6,0.0,-5.14,16.54
IND,Asia,India,2022-08-04,44019811.0,0.0,18722.29,526357.0,0.0,46.29,30881.92,0.0,13.14,369.26,0.0,0.03,0.96,,,,,,,,,,,,,,,,,,2052900354.0,1021768801.0,934056723.0,97074830.0,0.0,2852023.0,144.86,72.1,65.91,6.85,2012.0,138363.0,0.01,31.48,450.42,28.2,5.99,3.41,6426.67,21.2,282.28,10.39,1.9,20.6,59.55,0.53,69.66,0.64,1417173120.0,,,,,India,Asia,1.1957,0.0371,37.1413,3106.1703,72.0991,65.9099,18722.29,19229.43,17246.07,46.29,46.29,38.6,0.0,-5.14,16.54
IND,Asia,India,2022-08-19,44253464.0,0.0,15390.29,527037.0,0.0,49.71,31045.84,0.0,10.8,369.74,0.0,0.04,0.82,,,,,,,,,,,,,,,,,,2092978091.0,1023407222.0,938911858.0,130659011.0,2916509.0,2557618.0,147.69,72.21,66.25,9.22,1805.0,84656.0,0.01,31.48,450.42,28.2,5.99,3.41,6426.67,21.2,282.28,10.39,1.9,20.6,59.55,0.53,69.66,0.64,1417173120.0,,,,,India,Asia,1.191,0.0372,37.1893,3122.6576,72.2147,66.2524,15390.29,16689.5,16762.17,49.71,48.57,44.27,0.0,-14.44,-15.8
IND,Asia,India,2022-08-22,44339429.0,0.0,12280.71,527332.0,0.0,42.14,31106.15,0.0,8.62,369.95,0.0,0.03,0.81,,,,,,,,,,,,,,,,,,2100689201.0,1023666093.0,939828608.0,137194500.0,3300298.0,2577558.0,148.23,72.23,66.32,9.68,1819.0,87331.0,0.01,31.48,450.42,28.2,5.99,3.41,6426.67,21.2,282.28,10.39,1.9,20.6,59.55,0.53,69.66,0.64,1417173120.0,,,,,India,Asia,1.1893,0.0372,37.2101,3128.7235,72.233,66.3171,12280.71,13835.5,19627.67,42.14,45.93,54.1,0.0,-20.2,-32.81
IND,Asia,India,2022-08-30,44408132.0,0.0,9814.71,527754.0,0.0,60.29,31154.35,0.0,6.88,370.24,0.0,0.04,0.77,,,,,,,,,,,,,,,,,,2122099237.0,1024451889.0,942133090.0,155514258.0,2597118.0,2638767.0,149.74,72.29,66.48,10.97,1862.0,98369.0,0.01,31.48,450.42,28.2,5.99,3.41,6426.67,21.2,282.28,10.39,1.9,20.6,59.55,0.53,69.66,0.64,1417173120.0,,,,,India,Asia,1.1884,0.0372,37.2399,3133.5714,72.2884,66.4797,9814.71,11047.71,12944.03,60.29,51.21,46.57,0.0,-20.08,-47.58
IND,Asia,India,2022-09-03,44408132.0,0.0,9814.71,527754.0,0.0,60.29,31154.35,0.0,6.88,370.24,0.0,0.04,0.79,,,,,,,,,,,,,,,,,,2130464186.0,1024757889.0,943038654.0,162667643.0,2540787.0,2287190.0,150.33,72.31,66.54,11.48,1614.0,77385.0,0.0,31.48,450.42,28.2,5.99,3.41,6426.67,21.2,282.28,10.39,1.9,20.6,59.55,0.53,69.66,0.64,1417173120.0,,,,,India,Asia,1.1884,0.0372,37.2399,3133.5714,72.31,66.5436,9814.71,11047.71,12944.03,60.29,51.21,46.57,0.0,-20.08,-47.58
IND,Asia,India,2022-09-17,44495359.0,0.0,5546.29,528150.0,0.0,22.71,31215.54,0.0,3.89,370.52,0.0,0.02,0.89,,,,,,,,,,,,,,,,,,2164396948.0,1025764618.0,946326767.0,192305563.0,2311456.0,2331680.0,152.73,72.38,66.78,13.57,1645.0,70772.0,0.0,31.48,450.42,28.2,5.99,3.41,6426.67,21.2,282.28,10.39,1.9,20.6,59.55,0.53,69.66,0.64,1417173120.0,,,,,India,Asia,1.187,0.0373,37.2679,3139.7264,72.381,66.7757,5546.29,6230.5,8063.17,22.71,28.29,37.1,0.0,-19.79,-63.96
IND,Asia,India,2022-10-30,44652266.0,9524.0,1360.57,529016.0,55.0,7.86,31325.62,6.68,0.96,371.13,0.04,0.01,0.84,,,,,,,,,,,,,,,,,,2196335748.0,1026856716.0,950090439.0,219388593.0,120446.0,107938.0,154.98,72.46,67.04,15.48,76.0,5792.0,0.0,31.48,450.42,28.2,5.99,3.41,6426.67,21.2,282.28,10.39,1.9,20.6,59.55,0.53,69.66,0.64,1417173120.0,,,,,India,Asia,1.1847,0.0373,37.329,3150.7983,72.4581,67.0412,1360.57,1674.14,2805.07,7.86,8.64,16.87,-31.55,-31.55,-71.93
IND,Asia,India,2022-11-01,44652266.0,0.0,1360.57,529016.0,0.0,7.86,31325.62,0.0,0.96,371.13,0.0,0.01,0.83,,,,,,,,,,,,,,,,,,2196483169.0,1026864496.0,950118274.0,219500399.0,0.0,118824.0,154.99,72.46,67.04,15.49,84.0,6338.0,0.0,31.48,450.42,28.2,5.99,3.41,6426.67,21.2,282.28,10.39,1.9,20.6,59.55,0.53,69.66,0.64,1417173120.0,,,,,India,Asia,1.1847,0.0373,37.329,3150.7983,72.4586,67.0432,1360.57,1674.14,1925.97,7.86,8.64,11.43,0.0,-31.55,-63.89
IND,Asia,India,2022-11-23,44669015.0,0.0,376.86,530574.0,0.0,6.14,31337.37,0.0,0.26,372.22,0.0,0.0,0.59,,,,,,,,,,,,,,,,,,2198773864.0,1027015080.0,950649825.0,221108959.0,76935.0,78207.0,155.15,72.47,67.08,15.6,55.0,6548.0,0.0,28.7,450.42,28.2,5.99,3.41,6426.67,21.2,282.28,10.39,1.9,20.6,59.55,0.53,69.66,0.64,1417173120.0,,,,,India,Asia,1.1878,0.0374,37.4389,3151.9801,72.4693,67.0807,376.86,602.57,875.77,6.14,5.29,53.77,0.0,-54.5,-81.04
IND,Asia,India,2022-12-01,44671562.0,0.0,363.86,530612.0,0.0,5.43,31339.16,0.0,0.26,372.25,0.0,0.0,0.59,,,,,,,,,,,,,,,,,,2199255614.0,1027050053.0,950782285.0,221423276.0,63499.0,56366.0,155.19,72.47,67.09,15.62,40.0,4182.0,0.0,28.7,450.42,28.2,5.99,3.41,6426.67,21.2,282.28,10.39,1.9,20.6,59.55,0.53,69.66,0.64,1417173120.0,,,,,India,Asia,1.1878,0.0374,37.4416,3152.1598,72.4717,67.0901,363.86,370.36,643.2,5.43,5.79,53.2,0.0,-3.45,-73.26
IND,Asia,India,2022-12-03,44671562.0,0.0,363.86,530612.0,0.0,5.43,31339.16,0.0,0.26,372.25,0.0,0.0,0.64,,,,,,,,,,,,,,,,,,2199362341.0,1027058419.0,950810947.0,221492975.0,54072.0,49948.0,155.19,72.47,67.09,15.63,35.0,3734.0,0.0,28.7,450.42,28.2,5.99,3.41,6426.67,21.2,282.28,10.39,1.9,20.6,59.55,0.53,69.66,0.64,1417173120.0,,,,,India,Asia,1.1878,0.0374,37.4416,3152.1598,72.4723,67.0921,363.86,370.36,643.2,5.43,5.79,53.2,0.0,-3.45,-73.26
IND,Asia,India,2022-12-06,44673392.0,0.0,261.43,530628.0,0.0,2.29,31340.44,0.0,0.18,372.26,0.0,0.0,0.67,,,,,,,,,,,,,,,,,,2199459244.0,1027066942.0,950839880.0,221552422.0,44380.0,41915.0,155.2,72.47,67.09,15.63,30.0,3296.0,0.0,28.7,450.42,28.2,5.99,3.41,6426.67,21.2,282.28,10.39,1.9,20.6,59.55,0.53,69.66,0.64,1417173120.0,,,,,India,Asia,1.1878,0.0374,37.4427,3152.289,72.4729,67.0941,261.43,312.64,427.1,2.29,3.86,4.27,0.0,-28.15,-77.99
IND,Asia,India,2022-12-19,44675952.0,0.0,161.43,530672.0,0.0,2.0,31342.24,0.0,0.11,372.29,0.0,0.0,0.86,,,,,,,,,,,,,,,,,,2200021116.0,1027118833.0,951009124.0,221893159.0,10316.0,46606.0,155.24,72.48,67.11,15.66,33.0,4291.0,0.0,28.7,450.42,28.2,5.99,3.41,6426.67,21.2,282.28,10.39,1.9,20.6,59.55,0.53,69.66,0.64,1417173120.0,,,,,India,Asia,1.1878,0.0374,37.4458,3152.4696,72.4766,67.1061,161.43,182.86,319.17,2.0,3.14,4.7,0.0,-20.98,-80.51
IND,Asia,India,2022-12-23,44675952.0,0.0,161.43,530672.0,0.0,2.0,31342.24,0.0,0.11,372.29,0.0,0.0,1.01,,,,,,,,,,,,,,,,,,2200291726.0,1027139671.0,951082819.0,222069236.0,92789.0,53262.0,155.26,72.48,67.11,15.67,38.0,4209.0,0.0,28.7,450.42,28.2,5.99,3.41,6426.67,21.2,282.28,10.39,1.9,20.6,59.55,0.53,69.66,0.64,1417173120.0,,,,,India,Asia,1.1878,0.0374,37.4458,3152.4696,72.4781,67.1113,161.43,182.86,231.23,2.0,3.14,3.27,0.0,-20.98,-57.16
IND,Asia,India,2022-12-25,44677106.0,1154.0,164.86,530693.0,21.0,3.0,31343.05,0.81,0.12,372.31,0.02,0.0,1.08,,,,,,,,,,,,,,,,,,2200495328.0,1027154597.0,951119216.0,222221515.0,96923.0,69218.0,155.27,72.48,67.11,15.68,49.0,5299.0,0.0,28.7,450.42,28.2,5.99,3.41,6426.67,21.2,282.28,10.39,1.9,20.6,59.55,0.53,69.66,0.64,1417173120.0,,,,,India,Asia,1.1878,0.0374,37.4473,3152.551,72.4791,67.1138,164.86,163.14,269.7,3.0,2.5,3.97,2.12,2.12,-56.25
IND,Asia,India,2023-02-03,44682639.0,0.0,102.57,530740.0,0.0,1.0,31346.93,0.0,0.07,372.34,0.0,0.0,,,,,,,,,,,,,,,,,,,2205436773.0,1027339534.0,951754380.0,226342859.0,161491.0,263275.0,155.62,72.49,67.16,15.97,186.0,5772.0,0.0,,450.42,28.2,5.99,3.41,6426.67,21.2,282.28,10.39,1.9,20.6,59.55,0.53,69.66,0.64,1417173120.0,,,,,India,Asia,1.1878,0.0375,37.4506,3152.9415,72.4922,67.1587,102.57,114.21,133.0,1.0,1.0,1.17,0.0,-18.5,-53.47
IND,Asia,India,2023-02-13,44684118.0,0.0,107.86,530750.0,0.0,0.71,31347.96,0.0,0.08,372.35,0.0,0.0,,,,,,,,,,,,,,,,,,,2206271789.0,1027361594.0,951848976.0,227061219.0,2286.0,69884.0,155.68,72.49,67.17,16.02,49.0,2029.0,0.0,,450.42,28.2,5.99,3.41,6426.67,21.2,282.28,10.39,1.9,20.6,59.55,0.53,69.66,0.64,1417173120.0,,,,,India,Asia,1.1878,0.0375,37.4513,3153.0458,72.4937,67.1653,107.86,105.64,139.8,0.71,0.71,1.0,0.0,4.28,-40.78
IND,Asia,India,2023-02-17,44684118.0,0.0,107.86,530750.0,0.0,0.71,31347.96,0.0,0.08,372.35,0.0,0.0,,,,,,,,,,,,,,,,,,,2206300775.0,1027365410.0,951859119.0,227076246.0,7475.0,8897.0,155.68,72.49,67.17,16.02,6.0,855.0,0.0,,450.42,28.2,5.99,3.41,6426.67,21.2,282.28,10.39,1.9,20.6,59.55,0.53,69.66,0.64,1417173120.0,,,,,India,Asia,1.1878,0.0375,37.4513,3153.0458,72.494,67.166,107.86,105.64,102.6,0.71,0.71,0.8,0.0,4.28,-32.35
IND,Asia,India,2023-03-02,44686017.0,0.0,157.14,530769.0,0.0,1.29,31349.3,0.0,0.11,372.36,0.0,0.0,,,,,,,,,,,,,,,,,,,2206375298.0,1027375680.0,951886607.0,227113011.0,7301.0,5798.0,155.69,72.49,67.17,16.03,4.0,808.0,0.0,,450.42,28.2,5.99,3.41,6426.67,21.2,282.28,10.39,1.9,20.6,59.55,0.53,69.66,0.64,1417173120.0,,,,,India,Asia,1.1878,0.0375,37.4527,3153.1798,72.4947,67.168,157.14,135.64,112.6,1.29,1.36,0.97,0.0,37.67,53.2
IND,Asia,India,2023-03-09,44687820.0,0.0,257.57,530775.0,0.0,0.86,31350.56,0.0,0.18,372.36,0.0,0.0,,,,,,,,,,,,,,,,,,,2206407392.0,1027379945.0,951898593.0,227128854.0,2712.0,4585.0,155.69,72.5,67.17,16.03,3.0,609.0,0.0,,450.42,28.2,5.99,3.41,6426.67,21.2,282.28,10.39,1.9,20.6,59.55,0.53,69.66,0.64,1417173120.0,,,,,India,Asia,1.1877,0.0375,37.4531,3153.3071,72.495,67.1688,257.57,207.36,148.57,0.86,1.07,1.0,0.0,63.91,149.03
IND,Asia,India,2023-03-17,44690492.0,0.0,381.71,530781.0,0.0,0.86,31352.44,0.0,0.27,372.37,0.0,0.0,,,,,,,,,,,,,,,,,,,2206462789.0,1027385887.0,951918485.0,227158417.0,8350.0,6831.0,155.69,72.5,67.17,16.03,5.0,743.0,0.0,,450.42,28.2,5.99,3.41,6426.67,21.2,282.28,10.39,1.9,20.6,59.55,0.53,69.66,0.64,1417173120.0,,,,,India,Asia,1.1877,0.0375,37.4535,3153.4956,72.4954,67.1702,381.71,319.64,212.47,0.86,0.86,1.03,0.0,48.2,253.89
IND,Asia,India,2023-03-24,44695420.0,0.0,704.0,530802.0,0.0,3.0,31355.9,0.0,0.49,372.38,0.0,0.0,,,,,,,,,,,,,,,,,,,2206508895.0,1027391428.0,951935140.0,227182327.0,6841.0,6587.0,155.7,72.5,67.17,16.03,5.0,792.0,0.0,,450.42,28.2,5.99,3.41,6426.67,21.2,282.28,10.39,1.9,20.6,59.55,0.53,69.66,0.64,1417173120.0,,,,,India,Asia,1.1876,0.0375,37.455,3153.8433,72.4958,67.1714,704.0,542.86,350.1,3.0,1.93,1.4,0.0,84.43,516.79
IND,Asia,India,2023-03-29,44704147.0,0.0,1246.71,530831.0,0.0,4.14,31362.02,0.0,0.88,372.4,0.0,0.0,,,,,,,,,,,,,,,,,,,2206551999.0,1027395912.0,951950380.0,227205707.0,12167.0,8154.0,155.7,72.5,67.17,16.03,6.0,872.0,0.0,,450.42,28.2,5.99,3.41,6426.67,21.2,282.28,10.39,1.9,20.6,59.55,0.53,69.66,0.64,1417173120.0,,,,,India,Asia,1.1874,0.0375,37.457,3154.4591,72.4961,67.1725,1246.71,975.36,604.33,4.14,3.57,2.07,0.0,77.09,693.38
IND,Asia,India,2023-04-11,44756616.0,0.0,4858.71,530965.0,0.0,12.0,31398.83,0.0,3.41,372.5,0.0,0.01,,,,,,,,,,,,,,,,,,,2206596475.0,1027401810.0,951964460.0,227230205.0,356.0,1311.0,155.7,72.5,67.17,16.03,1.0,197.0,0.0,,450.42,28.2,5.99,3.41,6426.67,21.2,282.28,10.39,1.9,20.6,59.55,0.53,69.66,0.64,1417173120.0,,,,,India,Asia,1.1863,0.0375,37.4665,3158.1615,72.4966,67.1735,4858.71,3747.79,2204.13,12.0,9.57,6.13,0.0,84.26,1172.88
IND,Asia,India,2023-04-20,44818115.0,0.0,8785.57,531114.0,0.0,21.29,31441.97,0.0,6.16,372.6,0.0,0.02,,,,,,,,,,,,,,,,,,,2206601077.0,1027402955.0,951965558.0,227232564.0,682.0,546.0,155.7,72.5,67.17,16.03,0.0,140.0,0.0,,450.42,28.2,5.99,3.41,6426.67,21.2,282.28,10.39,1.9,20.6,59.55,0.53,69.66,0.64,1417173120.0,,,,,India,Asia,1.185,0.0375,37.477,3162.5011,72.4966,67.1736,8785.57,6822.14,4089.83,21.29,16.64,10.4,0.0,80.82,1147.95
IND,Asia,India,2023-05-15,44980674.0,0.0,1577.71,531770.0,0.0,12.86,31556.01,0.0,1.11,373.06,0.0,0.01,,,,,,,,,,,,,,,,,,,2206664701.0,1027406254.0,951970468.0,227287979.0,399.0,1740.0,155.71,72.5,67.17,16.04,1.0,108.0,0.0,,450.42,28.2,5.99,3.41,6426.67,21.2,282.28,10.39,1.9,20.6,59.55,0.53,69.66,0.64,1417173120.0,,,,,India,Asia,1.1822,0.0375,37.5233,3173.9717,72.4969,67.1739,1577.71,2520.36,7468.6,12.86,16.93,26.83,0.0,-54.44,-67.53
IND,Asia,India,2023-05-16,44980674.0,0.0,1577.71,531770.0,0.0,12.86,31556.01,0.0,1.11,373.06,0.0,0.01,,,,,,,,,,,,,,,,,,,2206665720.0,1027406363.0,951970795.0,227288562.0,1019.0,1473.0,155.71,72.5,67.17,16.04,1.0,108.0,0.0,,450.42,28.2,5.99,3.41,6426.67,21.2,282.28,10.39,1.9,20.6,59.55,0.53,69.66,0.64,1417173120.0,,,,,India,Asia,1.1822,0.0375,37.5233,3173.9717,72.4969,67.1739,1577.71,2520.36,5418.63,12.86,16.93,21.87,0.0,-54.44,-82.04
IND,Asia,India,2023-05-19,44980674.0,0.0,1577.71,531770.0,0.0,12.86,31556.01,0.0,1.11,373.06,0.0,0.01,,,,,,,,,,,,,,,,,,,2206668544.0,1027406710.0,951971668.0,227290166.0,977.0,1067.0,155.71,72.5,67.17,16.04,1.0,112.0,0.0,,450.42,28.2,5.99,3.41,6426.67,21.2,282.28,10.39,1.9,20.6,59.55,0.53,69.66,0.64,1417173120.0,,,,,India,Asia,1.1822,0.0375,37.5233,3173.9717,72.4969,67.174,1577.71,2520.36,5418.63,12.86,16.93,21.87,0.0,-54.44,-82.04
IND,Asia,India,2023-05-22,44986461.0,0.0,826.71,531832.0,0.0,8.86,31560.07,0.0,0.58,373.1,0.0,0.01,,,,,,,,,,,,,,,,,,,2206671276.0,1027406997.0,951972646.0,227291633.0,499.0,939.0,155.71,72.5,67.17,16.04,1.0,106.0,0.0,,450.42,28.2,5.99,3.41,6426.67,21.2,282.28,10.39,1.9,20.6,59.55,0.53,69.66,0.64,1417173120.0,,,,,India,Asia,1.1822,0.0375,37.5277,3174.3801,72.4969,67.1741,826.71,1202.21,5611.53,8.86,10.86,23.93,0.0,-47.6,-90.59
IND,Asia,India,2023-06-07,44991582.0,0.0,262.57,531880.0,0.0,2.29,31563.67,0.0,0.18,373.14,0.0,0.0,,,,,,,,,,,,,,,,,,,,1027409573.0,951976774.0,,0.0,2336.0,,,,,2.0,218.0,0.0,,450.42,28.2,5.99,3.41,6426.67,21.2,282.28,10.39,1.9,20.6,59.55,0.53,69.66,0.64,1417173120.0,,,,,India,Asia,1.1822,0.0375,37.5311,3174.7414,72.4971,67.1743,262.57,365.79,731.73,2.29,3.43,6.67,0.0,-44.01,-92.42
IND,Asia,India,2023-06-18,44993480.0,692.0,98.86,531895.0,4.0,0.57,31565.0,0.48,0.07,373.15,0.0,0.0,,,,,,,,,,,,,,,,,,,2206706658.0,1027411089.0,951978113.0,227317456.0,459.0,495.0,155.71,72.5,67.17,16.04,0.0,104.0,0.0,,450.42,28.2,5.99,3.41,6426.67,21.2,282.28,10.39,1.9,20.6,59.55,0.53,69.66,0.64,1417173120.0,,,,,India,Asia,1.1822,0.0375,37.5321,3174.8753,72.4972,67.1744,98.86,135.57,426.87,0.57,1.07,4.17,-42.62,-42.62,-93.73
IND,Asia,India,2023-07-06,44994281.0,0.0,47.0,531907.0,0.0,0.57,31565.56,0.0,0.03,373.16,0.0,0.0,,,,,,,,,,,,,,,,,,,2206714180.0,1027412614.0,951979186.0,227322380.0,589.0,489.0,155.71,72.5,67.17,16.04,0.0,81.0,0.0,,450.42,28.2,5.99,3.41,6426.67,21.2,282.28,10.39,1.9,20.6,59.55,0.53,69.66,0.64,1417173120.0,,,,,India,Asia,1.1822,0.0375,37.533,3174.9319,72.4973,67.1745,47.0,57.21,89.97,0.57,0.86,0.9,0.0,-30.3,-82.1
IND,Asia,India,2023-07-31,44995588.0,0.0,46.29,531916.0,0.0,0.14,31566.48,0.0,0.03,373.16,0.0,0.0,,,,,,,,,,,,,,,,,,,2206725772.0,1027414484.0,951981701.0,227329587.0,120.0,386.0,155.71,72.5,67.17,16.04,0.0,73.0,0.0,,450.42,28.2,5.99,3.41,6426.67,21.2,282.28,10.39,1.9,20.6,59.55,0.53,69.66,0.64,1417173120.0,,,,,India,Asia,1.1822,0.0375,37.5336,3175.0241,72.4975,67.1747,46.29,50.71,54.53,0.14,0.07,0.43,0.0,-16.05,-31.35
IND,Asia,India,2023-08-08,44995980.0,0.0,56.0,531918.0,0.0,0.29,31566.75,0.0,0.04,373.16,0.0,0.0,,,,,,,,,,,,,,,,,,,2206728512.0,1027415190.0,951982170.0,227331152.0,286.0,335.0,155.71,72.5,67.17,16.04,0.0,88.0,0.0,,450.42,28.2,5.99,3.41,6426.67,21.2,282.28,10.39,1.9,20.6,59.55,0.53,69.66,0.64,1417173120.0,,,,,India,Asia,1.1821,0.0375,37.5337,3175.0518,72.4975,67.1747,56.0,51.14,46.83,0.29,0.21,0.17,0.0,20.98,33.33
IND,Asia,India,2023-08-16,44996274.0,0.0,42.0,531921.0,0.0,0.43,31566.96,0.0,0.03,373.17,0.0,0.0,,,,,,,,,,,,,,,,,,,2206731050.0,1027415677.0,951982584.0,227332789.0,118.0,303.0,155.71,72.5,67.17,16.04,0.0,59.0,0.0,,450.42,28.2,5.99,3.41,6426.67,21.2,282.28,10.39,1.9,20.6,59.55,0.53,69.66,0.64,1417173120.0,,,,,India,Asia,1.1821,0.0375,37.5339,3175.0725,72.4975,67.1748,42.0,49.0,46.53,0.43,0.36,0.2,0.0,-25.0,-2.98
IND,Asia,India,2023-10-13,44999328.0,0.0,70.0,532034.0,0.0,0.29,31569.1,0.0,0.05,373.25,0.0,0.0,,,,,,,,,,,,,,,,,,,2206745748.0,1027418651.0,951985694.0,227341403.0,149.0,137.0,155.71,72.5,67.17,16.04,0.0,46.0,0.0,,450.42,28.2,5.99,3.41,6426.67,21.2,282.28,10.39,1.9,20.6,59.55,0.53,69.66,0.64,1417173120.0,,,,,India,Asia,1.1823,0.0375,37.5419,3175.288,72.4978,67.175,70.0,57.36,53.93,0.29,0.21,0.23,0.0,56.56,27.6
IND,Asia,India,2023-11-06,45001384.0,0.0,19.86,533294.0,0.0,0.14,31570.54,0.0,0.01,374.13,0.0,0.0,,,,,,,,,,,,,,,,,,,2206748113.0,1027419420.0,951986342.0,227342351.0,49.0,103.0,155.71,72.5,67.18,16.04,0.0,30.0,0.0,,450.42,28.2,5.99,3.41,6426.67,21.2,282.28,10.39,1.9,20.6,59.55,0.53,69.66,0.64,1417173120.0,,,,,India,Asia,1.1851,0.0376,37.6308,3175.4331,72.4978,67.175,19.86,23.71,84.87,0.14,0.21,42.07,0.0,-27.97,-55.58
IND,Asia,India,2023-11-11,45001384.0,0.0,19.86,533294.0,0.0,0.14,31570.54,0.0,0.01,374.13,0.0,0.0,,,,,,,,,,,,,,,,,,,2206748621.0,1027419562.0,951986473.0,227342586.0,80.0,96.0,155.71,72.5,67.18,16.04,0.0,26.0,0.0,,450.42,28.2,5.99,3.41,6426.67,21.2,282.28,10.39,1.9,20.6,59.55,0.53,69.66,0.64,1417173120.0,,,,,India,Asia,1.1851,0.0376,37.6308,3175.4331,72.4978,67.175,19.86,23.71,68.53,0.14,0.21,42.0,0.0,-27.97,-71.63
IND,Asia,India,2023-11-16,45001456.0,0.0,10.29,533295.0,0.0,0.14,31570.59,0.0,0.01,374.13,0.0,0.0,,,,,,,,,,,,,,,,,,,2206748928.0,1027419651.0,951986561.0,227342716.0,92.0,65.0,155.71,72.5,67.18,16.04,0.0,19.0,0.0,,450.42,28.2,5.99,3.41,6426.67,21.2,282.28,10.39,1.9,20.6,59.55,0.53,69.66,0.64,1417173120.0,,,,,India,Asia,1.1851,0.0376,37.6309,3175.4382,72.4978,67.175,10.29,15.07,62.27,0.14,0.14,41.93,0.0,-48.19,-72.29
IND,Asia,India,2023-11-19,45001575.0,119.0,17.0,533295.0,0.0,0.0,31570.68,0.08,0.01,374.13,0.0,0.0,,,,,,,,,,,,,,,,,,,2206749228.0,1027419729.0,951986658.0,227342841.0,109.0,77.0,155.71,72.5,67.18,16.04,0.0,21.0,0.0,,450.42,28.2,5.99,3.41,6426.67,21.2,282.28,10.39,1.9,20.6,59.55,0.53,69.66,0.64,1417173120.0,,,,,India,Asia,1.1851,0.0376,37.6309,3175.4466,72.4978,67.175,17.0,13.64,66.23,0.0,0.07,41.93,65.21,65.21,-54.23
IND,Asia,India,2023-11-26,45001764.0,189.0,27.0,533298.0,3.0,0.43,31570.81,0.13,0.02,374.13,0.0,0.0,,,,,,,,,,,,,,,,,,,2206749855.0,1027419942.0,951986809.0,227343104.0,72.0,90.0,155.71,72.5,67.18,16.04,0.0,30.0,0.0,,450.42,28.2,5.99,3.41,6426.67,21.2,282.28,10.39,1.9,20.6,59.55,0.53,69.66,0.64,1417173120.0,,,,,India,Asia,1.1851,0.0376,37.6311,3175.4599,72.4978,67.1751,27.0,22.0,23.73,0.43,0.21,0.23,58.82,58.82,-87.09
IND,Asia,India,2023-12-05,45002179.0,0.0,59.29,533300.0,0.0,0.29,31571.1,0.0,0.04,374.13,0.0,0.0,,,,,,,,,,,,,,,,,,,2206750581.0,1027420185.0,951987002.0,227343394.0,70.0,84.0,155.71,72.5,67.18,16.04,0.0,29.0,0.0,,450.42,28.2,5.99,3.41,6426.67,21.2,282.28,10.39,1.9,20.6,59.55,0.53,69.66,0.64,1417173120.0,,,,,India,Asia,1.1851,0.0376,37.6313,3175.4892,72.4979,67.1751,59.29,43.14,26.5,0.29,0.36,0.2,0.0,119.59,198.54
IND,Asia,India,2023-12-07,45002179.0,0.0,59.29,533300.0,0.0,0.29,31571.1,0.0,0.04,374.13,0.0,0.0,,,,,,,,,,,,,,,,,,,2206750735.0,1027420246.0,951987022.0,227343467.0,80.0,78.0,155.71,72.5,67.18,16.04,0.0,28.0,0.0,,450.42,28.2,5.99,3.41,6426.67,21.2,282.28,10.39,1.9,20.6,59.55,0.53,69.66,0.64,1417173120.0,,,,,India,Asia,1.1851,0.0376,37.6313,3175.4892,72.4979,67.1751,59.29,43.14,26.5,0.29,0.36,0.2,0.0,119.59,198.54
IND,Asia,India,2023-12-11,45003055.0,0.0,125.14,533306.0,0.0,0.86,31571.72,0.0,0.09,374.14,0.0,0.0,,,,,,,,,,,,,,,,,,,2206751024.0,1027420332.0,951987080.0,227343612.0,9.0,73.0,155.71,72.5,67.18,16.04,0.0,25.0,0.0,,450.42,28.2,5.99,3.41,6426.67,21.2,282.28,10.39,1.9,20.6,59.55,0.53,69.66,0.64,1417173120.0,,,,,India,Asia,1.185,0.0376,37.6317,3175.551,72.4979,67.1751,125.14,92.21,55.7,0.86,0.57,0.4,0.0,111.06,530.11
IND,Asia,India,2023-12-12,45003055.0,0.0,125.14,533306.0,0.0,0.86,31571.72,0.0,0.09,374.14,0.0,0.0,,,,,,,,,,,,,,,,,,,2206751028.0,1027420334.0,951987081.0,227343613.0,4.0,64.0,155.71,72.5,67.18,16.04,0.0,21.0,0.0,,450.42,28.2,5.99,3.41,6426.67,21.2,282.28,10.39,1.9,20.6,59.55,0.53,69.66,0.64,1417173120.0,,,,,India,Asia,1.185,0.0376,37.6317,3175.551,72.4979,67.1751,125.14,92.21,53.3,0.86,0.57,0.37,0.0,111.06,1116.13
IND,Asia,India,2023-12-25,45008620.0,0.0,543.43,533333.0,0.0,2.43,31575.62,0.0,0.38,374.16,0.0,0.0,,,,,,,,,,,,,,,,,,,,1027420529.0,951987234.0,,0.0,111.0,,,,,0.0,33.0,0.0,,450.42,28.2,5.99,3.41,6426.67,21.2,282.28,10.39,1.9,20.6,59.55,0.53,69.66,0.64,1417173120.0,,,,,India,Asia,1.185,0.0376,37.6336,3175.9437,72.4979,67.1751,543.43,397.5,234.83,2.43,1.93,1.27,0.0,116.02,3096.65
IND,Asia,India,2024-01-02,45013172.0,0.0,650.29,533361.0,0.0,4.0,31578.81,0.0,0.46,374.18,0.0,0.0,,,,,,,,,,,,,,,,,,,,1027420529.0,951987234.0,,0.0,127.0,,,,,0.0,37.0,0.0,,450.42,28.2,5.99,3.41,6426.67,21.2,282.28,10.39,1.9,20.6,59.55,0.53,69.66,0.64,1417173120.0,,,,,India,Asia,1.1849,0.0376,37.6356,3176.2649,72.4979,67.1751,650.29,596.86,366.43,4.0,3.21,2.03,0.0,19.66,996.8
IND,Asia,India,2024-01-08,45018134.0,0.0,708.86,533392.0,0.0,4.43,31582.29,0.0,0.5,374.2,0.0,0.0,,,,,,,,,,,,,,,,,,,2206754235.0,1027421242.0,951987702.0,227345291.0,65.0,134.0,155.72,72.5,67.18,16.04,0.0,33.0,0.0,,450.42,28.2,5.99,3.41,6426.67,21.2,282.28,10.39,1.9,20.6,59.55,0.53,69.66,0.64,1417173120.0,,,,,India,Asia,1.1848,0.0376,37.6377,3176.615,72.4979,67.1751,708.86,679.57,531.83,4.43,4.21,3.07,0.0,9.01,1095.58
IND,Asia,India,2024-01-17,45021758.0,0.0,517.71,533414.0,0.0,3.14,31584.84,0.0,0.36,374.21,0.0,0.0,,,,,,,,,,,,,,,,,,,2206755895.0,1027421503.0,951987919.0,227346473.0,0.0,173.0,155.72,72.5,67.18,16.04,0.0,27.0,0.0,,450.42,28.2,5.99,3.41,6426.67,21.2,282.28,10.39,1.9,20.6,59.55,0.53,69.66,0.64,1417173120.0,,,,,India,Asia,1.1848,0.0376,37.6393,3176.8707,72.498,67.1751,517.71,613.29,564.73,3.14,3.79,3.27,0.0,-26.97,105.79
IND,Asia,India,2024-01-18,45021758.0,0.0,517.71,533414.0,0.0,3.14,31584.84,0.0,0.36,374.21,0.0,0.0,,,,,,,,,,,,,,,,,,,2206756276.0,1027421539.0,951987939.0,227346798.0,381.0,201.0,155.72,72.5,67.18,16.04,0.0,27.0,0.0,,450.42,28.2,5.99,3.41,6426.67,21.2,282.28,10.39,1.9,20.6,59.55,0.53,69.66,0.64,1417173120.0,,,,,India,Asia,1.1848,0.0376,37.6393,3176.8707,72.498,67.1751,517.71,613.29,564.73,3.14,3.79,3.27,0.0,-26.97,105.79
IND,Asia,India,2024-01-21,45023751.0,1993.0,284.71,533434.0,20.0,2.86,31586.23,1.4,0.2,374.23,0.01,0.0,,,,,,,,,,,,,,,,,,,2206756985.0,1027421607.0,951988020.0,227347358.0,181.0,206.0,155.72,72.5,67.18,16.04,0.0,23.0,0.0,,450.42,28.2,5.99,3.41,6426.67,21.2,282.28,10.39,1.9,20.6,59.55,0.53,69.66,0.64,1417173120.0,,,,,India,Asia,1.1848,0.0376,37.6407,3177.0114,72.498,67.1751,284.71,401.21,631.17,2.86,3.0,3.93,-45.01,-45.01,13.17
IND,Asia,India,2024-01-27,45023751.0,0.0,284.71,533434.0,0.0,2.86,31586.23,0.0,0.2,374.23,0.0,0.0,,,,,,,,,,,,,,,,,,,2206757695.0,1027421740.0,951988163.0,227347792.0,31.0,127.0,155.72,72.5,67.18,16.04,0.0,23.0,0.0,,450.42,28.2,5.99,3.41,6426.67,21.2,282.28,10.39,1.9,20.6,59.55,0.53,69.66,0.64,1417173120.0,,,,,India,Asia,1.1848,0.0376,37.6407,3177.0114,72.498,67.1751,284.71,401.21,504.37,2.86,3.0,3.37,0.0,-45.01,-47.61
IND,Asia,India,2024-02-08,45026139.0,0.0,151.86,533454.0,0.0,1.29,31587.91,0.0,0.11,374.24,0.0,0.0,,,,,,,,,,,,,,,,,,,2206760716.0,1027422162.0,951988263.0,227350291.0,193.0,306.0,155.72,72.5,67.18,16.04,0.0,52.0,0.0,,450.42,28.2,5.99,3.41,6426.67,21.2,282.28,10.39,1.9,20.6,59.55,0.53,69.66,0.64,1417173120.0,,,,,India,Asia,1.1848,0.0376,37.6421,3177.1799,72.498,67.1752,151.86,170.57,266.83,1.29,1.43,2.07,0.0,-19.77,-78.58
IND,Asia,India,2024-02-13,45027151.0,0.0,144.57,533462.0,0.0,1.14,31588.62,0.0,0.1,374.25,0.0,0.0,,,,,,,,,,,,,,,,,,,2206761261.0,1027422326.0,951988290.0,227350645.0,84.0,162.0,155.72,72.5,67.18,16.04,0.0,32.0,0.0,,450.42,28.2,5.99,3.41,6426.67,21.2,282.28,10.39,1.9,20.6,59.55,0.53,69.66,0.64,1417173120.0,,,,,India,Asia,1.1848,0.0376,37.6427,3177.2513,72.498,67.1752,144.57,148.21,179.77,1.14,1.21,1.6,0.0,-4.8,-72.08
IND,Asia,India,2024-02-28,45029035.0,0.0,140.29,533478.0,0.0,0.86,31589.94,0.0,0.1,374.26,0.0,0.0,,,,,,,,,,,,,,,,,,,2206777009.0,1027429000.0,951988537.0,227359472.0,883.0,767.0,155.72,72.5,67.18,16.04,1.0,313.0,0.0,,450.42,28.2,5.99,3.41,6426.67,21.2,282.28,10.39,1.9,20.6,59.55,0.53,69.66,0.64,1417173120.0,,,,,India,Asia,1.1847,0.0376,37.6438,3177.3842,72.4985,67.1752,140.29,134.57,131.97,0.86,1.14,1.1,0.0,8.87,-25.89
IND,Asia,India,2024-03-24,45033644.0,989.0,141.29,533539.0,18.0,2.57,31593.17,0.69,0.1,374.3,0.01,0.0,,,,,,,,,,,,,,,,,,,2206843933.0,1027435122.0,951989828.0,227418983.0,4234.0,5963.0,155.72,72.5,67.18,16.05,4.0,380.0,0.0,,450.42,28.2,5.99,3.41,6426.67,21.2,282.28,10.39,1.9,20.6,59.55,0.53,69.66,0.64,1417173120.0,,,,,India,Asia,1.1848,0.0376,37.6481,3177.7094,72.4989,67.1753,141.29,159.29,186.37,2.57,2.07,2.23,-20.31,-20.31,9.65
IND,Asia,India,2024-03-29,45033644.0,0.0,141.29,533539.0,0.0,2.57,31593.17,0.0,0.1,374.3,0.0,0.0,,,,,,,,,,,,,,,,,,,2206865741.0,1027438281.0,951990029.0,227437431.0,1489.0,4522.0,155.72,72.5,67.18,16.05,3.0,585.0,0.0,,450.42,28.2,5.99,3.41,6426.67,21.2,282.28,10.39,1.9,20.6,59.55,0.53,69.66,0.64,1417173120.0,,,,,India,Asia,1.1848,0.0376,37.6481,3177.7094,72.4991,67.1753,141.29,159.29,153.63,2.57,2.07,2.03,0.0,-20.31,0.71
IND,Asia,India,2024-05-02,45036953.0,0.0,108.0,533585.0,0.0,0.57,31595.5,0.0,0.08,374.33,0.0,0.0,,,,,,,,,,,,,,,,,,,2206866594.0,1027438538.0,951990217.0,227437839.0,22.0,23.0,155.72,72.5,67.18,16.05,0.0,6.0,0.0,,450.42,28.2,5.99,3.41,6426.67,21.2,282.28,10.39,1.9,20.6,59.55,0.53,69.66,0.64,1417173120.0,,,,,India,Asia,1.1848,0.0377,37.6514,3177.9429,72.4992,67.1753,108.0,98.57,86.43,0.57,0.79,1.1,0.0,21.16,5.58
IND,Asia,India,2024-05-08,45037776.0,0.0,117.57,533589.0,0.0,0.57,31596.07,0.0,0.08,374.34,0.0,0.0,,,,,,,,,,,,,,,,,,,2206866680.0,1027438556.0,951990246.0,227437878.0,13.0,15.0,155.72,72.5,67.18,16.05,0.0,3.0,0.0,,450.42,28.2,5.99,3.41,6426.67,21.2,282.28,10.39,1.9,20.6,59.55,0.53,69.66,0.64,1417173120.0,,,,,India,Asia,1.1848,0.0377,37.6516,3178.001,72.4992,67.1753,117.57,112.79,90.7,0.57,0.57,0.8,0.0,8.86,18.41
IND,Asia,India,2024-05-21,45039140.0,0.0,88.86,533610.0,0.0,1.57,31597.03,0.0,0.06,374.35,0.0,0.0,,,,,,,,,,,,,,,,,,,2206866926.0,1027438610.0,951990308.0,227438008.0,0.0,19.0,155.72,72.5,67.18,16.05,0.0,5.0,0.0,,450.42,28.2,5.99,3.41,6426.67,21.2,282.28,10.39,1.9,20.6,59.55,0.53,69.66,0.64,1417173120.0,,,,,India,Asia,1.1848,0.0377,37.6531,3178.0973,72.4992,67.1753,88.86,97.43,98.1,1.57,1.5,0.97,0.0,-16.17,-0.31
IND,Asia,India,2024-06-01,45039510.0,0.0,52.86,533612.0,0.0,0.29,31597.29,0.0,0.04,374.35,0.0,0.0,,,,,,,,,,,,,,,,,,,2206867215.0,1027438654.0,951990352.0,227438209.0,25.0,28.0,155.72,72.5,67.18,16.05,0.0,4.0,0.0,,450.42,28.2,5.99,3.41,6426.67,21.2,282.28,10.39,1.9,20.6,59.55,0.53,69.66,0.64,1417173120.0,,,,,India,Asia,1.1848,0.0377,37.6533,3178.1234,72.4992,67.1753,52.86,70.86,85.23,0.29,0.93,0.9,0.0,-40.51,-51.06
IND,Asia,India,2024-06-02,45039872.0,362.0,51.71,533617.0,5.0,0.71,31597.54,0.25,0.04,374.36,0.0,0.0,,,,,,,,,,,,,,,,,,,2206867227.0,1027438658.0,951990356.0,227438213.0,12.0,24.0,155.72,72.5,67.18,16.05,0.0,4.0,0.0,,450.42,28.2,5.99,3.41,6426.67,21.2,282.28,10.39,1.9,20.6,59.55,0.53,69.66,0.64,1417173120.0,,,,,India,Asia,1.1848,0.0377,37.6536,3178.1489,72.4992,67.1753,51.71,52.29,97.3,0.71,0.5,1.07,-2.18,-2.18,-52.12
IND,Asia,India,2024-06-24,45040284.0,0.0,30.0,533621.0,0.0,0.29,31597.83,0.0,0.02,374.36,0.0,0.0,,,,,,,,,,,,,,,,,,,2206867497.0,1027438749.0,951990411.0,,8.0,13.0,155.72,72.5,67.18,,0.0,4.0,0.0,,450.42,28.2,5.99,3.41,6426.67,21.2,282.28,10.39,1.9,20.6,59.55,0.53,69.66,0.64,1417173120.0,,,,,India,Asia,1.1848,0.0377,37.6539,3178.178,72.4992,67.1753,30.0,17.71,38.13,0.29,0.14,0.37,0.0,452.49,-66.24
IND,Asia,India,2024-07-06,45040618.0,0.0,47.71,533622.0,0.0,0.14,31598.07,0.0,0.03,374.36,0.0,0.0,,,,,,,,,,,,,,,,,,,2206867683.0,1027438810.0,951990452.0,227438421.0,11.0,13.0,155.72,72.5,67.18,16.05,0.0,4.0,0.0,,450.42,28.2,5.99,3.41,6426.67,21.2,282.28,10.39,1.9,20.6,59.55,0.53,69.66,0.64,1417173120.0,,,,,India,Asia,1.1848,0.0377,37.654,3178.2015,72.4992,67.1753,47.71,38.86,24.87,0.14,0.21,0.17,0.0,59.03,-7.74
IND,Asia,India,2024-08-01,45041435.0,0.0,34.71,533623.0,0.0,0.0,31598.64,0.0,0.02,374.36,0.0,0.0,,,,,,,,,,,,,,,,,,,2206867903.0,1027438890.0,951990515.0,227438498.0,6.0,9.0,155.72,72.5,,16.05,0.0,3.0,0.0,,450.42,28.2,5.99,3.41,6426.67,21.2,282.28,10.39,1.9,20.6,59.55,0.53,69.66,0.64,1417173120.0,,,,,India,Asia,1.1847,0.0377,37.654,3178.2592,72.4992,67.1753,34.71,48.79,27.23,0.0,0.07,0.03,0.0,-44.78,-27.25
IND,Asia,India,2024-08-07,45041748.0,0.0,,533623.0,0.0,,,,,,,,,,,,,,,,,,,,,,,,,,2206867954.0,1027438908.0,951990533.0,227438513.0,2.0,8.0,155.72,72.5,,16.05,0.0,3.0,0.0,,450.42,28.2,5.99,3.41,6426.67,21.2,282.28,10.39,1.9,20.6,59.55,0.53,69.66,0.64,1417173120.0,,,,,India,Asia,1.1847,0.0377,37.654,3178.2813,72.4992,67.1753,44.71,39.71,33.2,0.0,0.0,0.03,0.0,28.81,133.59
JPN,Asia,Japan,2020-01-06,0.0,0.0,,0.0,0.0,,0.0,0.0,,0.0,0.0,,,,,,,,,,,,,,,,,,,,,0.0,0.0,,0.0,,,,,,,,,0.0,347.78,48.2,27.05,18.49,39002.22,,79.37,5.72,11.2,33.7,,13.05,84.63,0.92,123951696.0,,,,,Japan,Asia,0.0,0.0,0.0,0.0,0.0,0.0,0.0,0.0,0.0,0.0,0.0,0.0,0.0,0.0,0.0
JPN,Asia,Japan,2020-01-07,0.0,0.0,,0.0,0.0,,0.0,0.0,,0.0,0.0,,,,,,,,,,,,,,,,,,,,,0.0,0.0,,0.0,,,,,,,,,2.78,347.78,48.2,27.05,18.49,39002.22,,79.37,5.72,11.2,33.7,,13.05,84.63,0.92,123951696.0,,,,,Japan,Asia,0.0,0.0,0.0,0.0,0.0,0.0,0.0,0.0,0.0,0.0,0.0,0.0,0.0,0.0,0.0
JPN,Asia,Japan,2020-01-18,0.0,0.0,0.0,0.0,0.0,0.0,0.0,0.0,0.0,0.0,0.0,0.0,,,,,,,,,,,,,,,,,,,,0.0,0.0,,0.0,,,,,,,,,2.78,347.78,48.2,27.05,18.49,39002.22,,79.37,5.72,11.2,33.7,,13.05,84.63,0.92,123951696.0,,,,,Japan,Asia,0.0,0.0,0.0,0.0,0.0,0.0,0.0,0.0,0.0,0.0,0.0,0.0,0.0,0.0,0.0
JPN,Asia,Japan,2020-01-20,1.0,0.0,0.14,0.0,0.0,0.0,0.01,0.0,0.0,0.0,0.0,0.0,,,,,,,,,,,,,,,,,,,,0.0,0.0,,0.0,,,,,,,,,2.78,347.78,48.2,27.05,18.49,39002.22,,79.37,5.72,11.2,33.7,,13.05,84.63,0.92,123951696.0,,,,,Japan,Asia,0.0,0.0,0.0,0.0008,0.0,0.0,0.14,0.07,0.06,0.0,0.0,0.0,0.0,0.0,0.0
JPN,Asia,Japan,2020-02-25,132.0,0.0,11.43,1.0,0.0,0.0,1.06,0.0,0.09,0.01,0.0,0.0,1.01,,,,,,,,,933.0,44.0,0.01,0.0,76.0,0.0,0.18,5.7,people tested,,0.0,0.0,,0.0,,,,,,,,,34.26,347.78,48.2,27.05,18.49,39002.22,,79.37,5.72,11.2,33.7,,13.05,84.63,0.92,123951696.0,,,,,Japan,Asia,0.7576,0.0,0.0008,0.1065,0.0,0.0,11.43,7.64,4.3,0.0,0.07,0.03,0.0,196.11,3841.38
JPN,Asia,Japan,2020-02-26,132.0,0.0,11.43,1.0,0.0,0.0,1.06,0.0,0.09,0.01,0.0,0.0,1.03,,,,,,,,,1101.0,168.0,0.01,0.0,89.0,0.0,0.17,5.8,people tested,,0.0,0.0,,0.0,,,,,,,,,34.26,347.78,48.2,27.05,18.49,39002.22,,79.37,5.72,11.2,33.7,,13.05,84.63,0.92,123951696.0,,,,,Japan,Asia,0.7576,0.0,0.0008,0.1065,0.0,0.0,11.43,7.64,4.3,0.0,0.07,0.03,0.0,196.11,3841.38
JPN,Asia,Japan,2020-03-20,780.0,0.0,46.43,22.0,0.0,2.29,6.24,0.0,0.37,0.18,0.0,0.02,1.07,,,,,,,,,18006.0,119.0,0.14,0.0,863.0,0.01,0.05,20.9,people tested,,0.0,0.0,,0.0,,,,,,,,,40.74,347.78,48.2,27.05,18.49,39002.22,,79.37,5.72,11.2,33.7,,13.05,84.63,0.92,123951696.0,,,,,Japan,Asia,2.8205,0.0,0.0177,0.6293,0.0,0.0,46.43,38.64,24.27,2.29,1.14,0.7,0.0,50.45,1102.85
JPN,Asia,Japan,2020-04-04,1693.0,0.0,92.43,52.0,0.0,1.71,13.54,0.0,0.74,0.42,0.0,0.01,1.8,,,,,,,,,40135.0,271.0,0.32,0.0,1980.0,0.02,0.13,7.7,people tested,,0.0,0.0,,0.0,,,,,,,,,43.52,347.78,48.2,27.05,18.49,39002.22,,79.37,5.72,11.2,33.7,,13.05,84.63,0.92,123951696.0,,,,,Japan,Asia,3.0715,0.0,0.042,1.3659,0.0,0.0,92.43,65.21,48.47,1.71,2.14,1.53,0.0,143.24,504.51
JPN,Asia,Japan,2020-04-10,3271.0,0.0,225.43,70.0,0.0,2.57,26.17,0.0,1.8,0.56,0.0,0.02,1.7,,,,,,,,,62386.0,5389.0,0.5,0.04,3217.0,0.03,0.14,7.3,people tested,,0.0,0.0,,0.0,,,,,,,,,45.37,347.78,48.2,27.05,18.49,39002.22,,79.37,5.72,11.2,33.7,,13.05,84.63,0.92,123951696.0,,,,,Japan,Asia,2.14,0.0001,0.0565,2.6389,0.0,0.0,225.43,158.93,93.87,2.57,2.14,2.13,0.0,143.89,630.49
JPN,Asia,Japan,2020-04-27,13182.0,0.0,403.0,348.0,0.0,26.71,105.46,0.0,3.22,2.78,0.0,0.21,0.72,,,,,,,,,133958.0,8545.0,1.08,0.07,4489.0,0.04,0.07,13.6,people tested,,0.0,0.0,,0.0,,,,,,,,,47.22,347.78,48.2,27.05,18.49,39002.22,,79.37,5.72,11.2,33.7,,13.05,84.63,0.92,123951696.0,,,,,Japan,Asia,2.64,0.0003,0.2808,10.6348,0.0,0.0,403.0,459.57,404.53,26.71,17.86,10.27,0.0,-21.92,960.53
JPN,Asia,Japan,2020-05-06,14839.0,0.0,236.71,492.0,0.0,20.57,118.71,0.0,1.89,3.94,0.0,0.16,0.45,,,,,,,,,158267.0,447.0,1.27,0.0,2884.0,0.02,0.07,14.6,people tested,,0.0,0.0,,0.0,,,,,,,,,47.22,347.78,48.2,27.05,18.49,39002.22,,79.37,5.72,11.2,33.7,,13.05,84.63,0.92,123951696.0,,,,,Japan,Asia,3.3156,0.0004,0.3969,11.9716,0.0,0.0,236.71,319.86,385.6,20.57,23.64,14.07,0.0,-41.26,5.0
JPN,Asia,Japan,2020-05-09,14839.0,0.0,236.71,492.0,0.0,20.57,118.71,0.0,1.89,3.94,0.0,0.16,0.43,,,,,,,,,184217.0,2265.0,1.48,0.02,4330.0,0.04,0.03,33.9,people tested,,0.0,0.0,,0.0,,,,,,,,,47.22,347.78,48.2,27.05,18.49,39002.22,,79.37,5.72,11.2,33.7,,13.05,84.63,0.92,123951696.0,,,,,Japan,Asia,3.3156,0.0004,0.3969,11.9716,0.0,0.0,236.71,319.86,385.6,20.57,23.64,14.07,0.0,-41.26,5.0
JPN,Asia,Japan,2020-05-22,16285.0,0.0,76.86,744.0,0.0,18.71,130.28,0.0,0.62,5.95,0.0,0.15,0.37,,,,,,,,,243794.0,3495.0,1.96,0.03,4324.0,0.04,0.01,127.7,people tested,,0.0,0.0,,0.0,,,,,,,,,40.74,347.78,48.2,27.05,18.49,39002.22,,79.37,5.72,11.2,33.7,,13.05,84.63,0.92,123951696.0,,,,,Japan,Asia,4.5686,0.0006,0.6002,13.1382,0.0,0.0,76.86,103.29,197.47,18.71,18.0,19.43,0.0,-40.74,-85.11
JPN,Asia,Japan,2020-05-29,16550.0,0.0,37.86,820.0,0.0,10.86,132.4,0.0,0.3,6.56,0.0,0.09,1.09,,,,,,,,,264915.0,3501.0,2.13,0.03,3017.0,0.02,0.01,76.5,people tested,,0.0,0.0,,0.0,,,,,,,,,34.26,347.78,48.2,27.05,18.49,39002.22,,79.37,5.72,11.2,33.7,,13.05,84.63,0.92,123951696.0,,,,,Japan,Asia,4.9547,0.0007,0.6615,13.352,0.0,0.0,37.86,57.36,112.27,10.86,14.79,15.73,0.0,-50.74,-90.61
JPN,Asia,Japan,2020-06-10,17141.0,0.0,41.43,916.0,0.0,3.57,137.13,0.0,0.33,7.33,0.0,0.03,1.02,88.0,0.71,781.0,6.3,,,,,310210.0,5092.0,2.49,0.04,4099.0,0.03,0.01,103.6,people tested,,0.0,0.0,,0.0,,,,,,,,,28.7,347.78,48.2,27.05,18.49,39002.22,,79.37,5.72,11.2,33.7,,13.05,84.63,0.92,123951696.0,,,,,Japan,Asia,5.3439,0.0007,0.739,13.8288,0.0,0.0,41.43,42.21,46.47,3.57,6.86,10.1,0.0,-3.65,-68.06
JPN,Asia,Japan,2020-06-15,17429.0,0.0,41.14,925.0,0.0,1.29,139.44,0.0,0.33,7.4,0.0,0.01,1.4,,,,,,,,,328312.0,4300.0,2.64,0.04,3971.0,0.03,0.01,73.5,people tested,,0.0,0.0,,0.0,,,,,,,,,28.7,347.78,48.2,27.05,18.49,39002.22,,79.37,5.72,11.2,33.7,,13.05,84.63,0.92,123951696.0,,,,,Japan,Asia,5.3072,0.0007,0.7463,14.0611,0.0,0.0,41.14,41.29,56.07,1.29,2.43,10.4,0.0,-0.7,-68.28
JPN,Asia,Japan,2020-07-22,24642.0,0.0,448.57,985.0,0.0,0.43,197.14,0.0,3.59,7.88,0.0,0.0,1.54,54.0,0.44,2744.0,22.14,,,,,579083.0,16357.0,4.65,0.13,12076.0,0.1,0.05,19.9,people tested,,0.0,0.0,,0.0,,,,,,,,,25.93,347.78,48.2,27.05,18.49,39002.22,,79.37,5.72,11.2,33.7,,13.05,84.63,0.92,123951696.0,,,,,Japan,Asia,3.9972,0.0008,0.7947,19.8803,0.0,0.0,448.57,365.71,225.93,0.43,0.57,1.07,0.0,58.58,621.87
JPN,Asia,Japan,2020-08-11,46783.0,0.0,1442.0,1040.0,0.0,4.14,374.27,0.0,11.54,8.32,0.0,0.03,0.86,,,,,,,,,919947.0,32939.0,7.38,0.26,21547.0,0.17,0.06,16.8,people tested,,0.0,0.0,,0.0,,,,,,,,,32.41,347.78,48.2,27.05,18.49,39002.22,,79.37,5.72,11.2,33.7,,13.05,84.63,0.92,123951696.0,,,,,Japan,Asia,2.223,0.0008,0.839,37.7429,0.0,0.0,1442.0,1242.93,842.7,4.14,3.14,1.93,0.0,38.14,409.79
JPN,Asia,Japan,2020-08-13,46783.0,0.0,1442.0,1040.0,0.0,4.14,374.27,0.0,11.54,8.32,0.0,0.03,0.87,,,,,,,,,966791.0,21062.0,7.76,0.17,19419.0,0.16,0.06,16.4,people tested,,0.0,0.0,,0.0,,,,,,,,,32.41,347.78,48.2,27.05,18.49,39002.22,,79.37,5.72,11.2,33.7,,13.05,84.63,0.92,123951696.0,,,,,Japan,Asia,2.223,0.0008,0.839,37.7429,0.0,0.0,1442.0,1242.93,842.7,4.14,3.14,1.93,0.0,38.14,409.79
JPN,Asia,Japan,2020-08-14,46783.0,0.0,1442.0,1040.0,0.0,4.14,374.27,0.0,11.54,8.32,0.0,0.03,0.91,,,,,,,,,1022031.0,55240.0,8.2,0.44,24068.0,0.19,0.05,20.9,people tested,,0.0,0.0,,0.0,,,,,,,,,32.41,347.78,48.2,27.05,18.49,39002.22,,79.37,5.72,11.2,33.7,,13.05,84.63,0.92,123951696.0,,,,,Japan,Asia,2.223,0.0008,0.839,37.7429,0.0,0.0,1442.0,1242.93,842.7,4.14,3.14,1.93,0.0,38.14,409.79
JPN,Asia,Japan,2020-08-19,54714.0,0.0,1133.0,1088.0,0.0,6.86,437.72,0.0,9.06,8.7,0.0,0.06,0.91,277.0,2.24,5973.0,48.19,,,,,1110121.0,21937.0,8.91,0.18,23485.0,0.19,0.05,22.2,people tested,,0.0,0.0,,0.0,,,,,,,,,32.41,347.78,48.2,27.05,18.49,39002.22,,79.37,5.72,11.2,33.7,,13.05,84.63,0.92,123951696.0,,,,,Japan,Asia,1.9885,0.0009,0.8778,44.1414,0.0,0.0,1133.0,1287.5,1002.4,6.86,5.5,3.43,0.0,-21.43,152.58
JPN,Asia,Japan,2020-08-22,54714.0,0.0,1133.0,1088.0,0.0,6.86,437.72,0.0,9.06,8.7,0.0,0.06,0.82,,,,,,,,,1167224.0,13348.0,9.37,0.11,19063.0,0.15,0.05,19.5,people tested,,0.0,0.0,,0.0,,,,,,,,,32.41,347.78,48.2,27.05,18.49,39002.22,,79.37,5.72,11.2,33.7,,13.05,84.63,0.92,123951696.0,,,,,Japan,Asia,1.9885,0.0009,0.8778,44.1414,0.0,0.0,1133.0,1287.5,1002.4,6.86,5.5,3.43,0.0,-21.43,152.58
JPN,Asia,Japan,2020-08-28,61747.0,0.0,1004.71,1176.0,0.0,12.57,493.99,0.0,8.04,9.41,0.0,0.1,0.81,,,,,,,,,1277962.0,18597.0,10.26,0.15,17727.0,0.14,0.04,22.2,people tested,,0.0,0.0,,0.0,,,,,,,,,32.41,347.78,48.2,27.05,18.49,39002.22,,79.37,5.72,11.2,33.7,,13.05,84.63,0.92,123951696.0,,,,,Japan,Asia,1.9045,0.0009,0.9488,49.8154,0.0,0.0,1004.71,1068.86,1078.83,12.57,9.71,6.0,0.0,-11.32,48.38
JPN,Asia,Japan,2020-09-02,67264.0,0.0,788.14,1264.0,0.0,12.57,538.12,0.0,6.3,10.11,0.0,0.1,0.76,324.0,2.61,4994.0,40.29,,,,,1364237.0,24123.0,10.95,0.19,18060.0,0.14,0.04,26.1,people tested,,0.0,0.0,,0.0,,,,,,,,,32.41,347.78,48.2,27.05,18.49,39002.22,,79.37,5.72,11.2,33.7,,13.05,84.63,0.92,123951696.0,,,,,Japan,Asia,1.8792,0.001,1.0198,54.2663,0.0,0.0,788.14,896.43,1019.17,12.57,12.57,8.43,0.0,-21.56,-24.5
JPN,Asia,Japan,2020-09-12,71419.0,0.0,593.57,1357.0,0.0,13.29,571.36,0.0,4.75,10.86,0.0,0.11,0.9,,,,,,,,,1529841.0,10545.0,12.28,0.08,16461.0,0.13,0.03,30.7,people tested,,0.0,0.0,,0.0,,,,,,,,,35.19,347.78,48.2,27.05,18.49,39002.22,,79.37,5.72,11.2,33.7,,13.05,84.63,0.92,123951696.0,,,,,Japan,Asia,1.9001,0.0011,1.0948,57.6184,0.0,0.0,593.57,690.86,821.2,13.29,12.93,10.57,0.0,-24.69,-58.84
JPN,Asia,Japan,2020-09-22,78657.0,0.0,491.29,1500.0,0.0,8.71,629.27,0.0,3.93,12.0,0.0,0.07,0.77,,,,,,,,,1657001.0,3386.0,13.3,0.03,11583.0,0.09,0.04,24.4,people tested,,0.0,0.0,,0.0,,,,,,,,,35.19,347.78,48.2,27.05,18.49,39002.22,,79.37,5.72,11.2,33.7,,13.05,84.63,0.92,123951696.0,,,,,Japan,Asia,1.907,0.0012,1.2101,63.4578,0.0,0.0,491.29,517.0,563.67,8.71,10.21,10.8,0.0,-9.47,-51.1
JPN,Asia,Japan,2020-10-10,85339.0,0.0,521.29,1597.0,0.0,7.43,682.72,0.0,4.17,12.78,0.0,0.06,1.06,,,,,,,,,2063174.0,10803.0,16.56,0.09,17218.0,0.14,0.03,33.5,people tested,,0.0,0.0,,0.0,,,,,,,,,35.19,347.78,48.2,27.05,18.49,39002.22,,79.37,5.72,11.2,33.7,,13.05,84.63,0.92,123951696.0,,,,,Japan,Asia,1.8714,0.0013,1.2884,68.8486,0.0,0.0,521.29,477.29,464.0,7.43,6.93,8.0,0.0,20.31,-12.18
JPN,Asia,Japan,2020-10-18,92656.0,3744.0,534.86,1670.0,43.0,6.14,741.26,29.95,4.28,13.36,0.34,0.05,1.01,,,,,,,,,2189608.0,5123.0,17.57,0.04,17337.0,0.14,0.03,32.6,people tested,,0.0,0.0,,0.0,,,,,,,,,35.19,347.78,48.2,27.05,18.49,39002.22,,79.37,5.72,11.2,33.7,,13.05,84.63,0.92,123951696.0,,,,,Japan,Asia,1.8024,0.0013,1.3473,74.7517,0.0,0.0,534.86,522.64,581.27,6.14,5.21,7.7,4.79,4.79,-1.45
JPN,Asia,Japan,2020-11-15,116677.0,9591.0,1370.14,1883.0,71.0,10.14,933.43,76.73,10.96,15.06,0.57,0.08,1.32,,,,,,,,,2739522.0,9127.0,21.98,0.07,23438.0,0.19,0.06,16.2,people tested,,0.0,0.0,,0.0,,,,,,,,,37.04,347.78,48.2,27.05,18.49,39002.22,,79.37,5.72,11.2,33.7,,13.05,84.63,0.92,123951696.0,,,,,Japan,Asia,1.6139,0.0015,1.5191,94.131,0.0,0.0,1370.14,1109.36,925.5,10.14,8.36,8.53,61.46,61.46,168.43
JPN,Asia,Japan,2020-12-05,144653.0,0.0,2067.71,2106.0,0.0,18.86,1157.25,0.0,16.54,16.85,0.0,0.15,1.05,,,,,,,,,3397581.0,22313.0,27.26,0.18,34017.0,0.27,0.06,15.4,people tested,,0.0,0.0,,0.0,,,,,,,,,42.59,347.78,48.2,27.05,18.49,39002.22,,79.37,5.72,11.2,33.7,,13.05,84.63,0.92,123951696.0,,,,,Japan,Asia,1.4559,0.0017,1.699,116.7011,0.0,0.0,2067.71,1998.29,1450.23,18.86,15.93,11.33,0.0,7.2,213.83
JPN,Asia,Japan,2020-12-10,160098.0,0.0,2206.43,2315.0,0.0,29.86,1280.81,0.0,17.65,18.52,0.0,0.24,1.12,,,,,,,,,3592159.0,44612.0,28.83,0.36,36434.0,0.29,0.06,15.5,people tested,,0.0,0.0,,0.0,,,,,,,,,42.59,347.78,48.2,27.05,18.49,39002.22,,79.37,5.72,11.2,33.7,,13.05,84.63,0.92,123951696.0,,,,,Japan,Asia,1.446,0.0019,1.8677,129.1616,0.0,0.0,2206.43,2137.07,1767.07,29.86,24.36,16.77,0.0,6.71,160.02
JPN,Asia,Japan,2020-12-26,195880.0,0.0,2656.14,2873.0,0.0,44.43,1567.07,0.0,21.25,22.98,0.0,0.36,1.2,,,,,,,,,4314877.0,32677.0,34.63,0.26,46821.0,0.38,0.07,15.1,people tested,,0.0,0.0,,0.0,,,,,,,,,42.59,347.78,48.2,27.05,18.49,39002.22,,79.37,5.72,11.2,33.7,,13.05,84.63,0.92,123951696.0,,,,,Japan,Asia,1.4667,0.0023,2.3178,158.0293,0.0,0.0,2656.14,2555.86,2190.03,44.43,39.86,29.97,0.0,8.17,37.71
JPN,Asia,Japan,2021-01-25,364813.0,0.0,5217.0,5019.0,0.0,81.86,2918.56,0.0,41.74,40.15,0.0,0.66,0.8,,,,,,,,,6008214.0,81941.0,48.22,0.66,73571.0,0.59,0.06,15.6,people tested,,0.0,0.0,,0.0,,,,,,,,,49.54,347.78,48.2,27.05,18.49,39002.22,,79.37,5.72,11.2,33.7,,13.05,84.63,0.92,123951696.0,,,,,Japan,Asia,1.3758,0.004,4.0492,294.3187,0.0,0.0,5217.0,5575.79,5631.1,81.86,73.07,71.53,0.0,-12.09,96.41
JPN,Asia,Japan,2021-02-12,404990.0,0.0,2210.29,6338.0,0.0,97.71,3239.98,0.0,17.68,50.7,0.0,0.78,0.59,,,,,,,,,7041183.0,56650.0,56.5,0.46,48965.0,0.39,0.03,29.6,people tested,,0.0,0.0,,0.0,,,,,,,,,49.54,347.78,48.2,27.05,18.49,39002.22,,79.37,5.72,11.2,33.7,,13.05,84.63,0.92,123951696.0,,,,,Japan,Asia,1.565,0.0051,5.1133,326.7321,0.0,0.0,2210.29,2869.79,3941.27,97.71,94.21,78.07,0.0,-37.37,-63.94
JPN,Asia,Japan,2021-03-06,432773.0,0.0,1025.14,7860.0,0.0,63.29,3462.25,0.0,8.2,62.88,0.0,0.51,0.94,,,,,,,,,8052172.0,31058.0,64.62,0.25,48203.0,0.39,0.02,46.9,people tested,,46469.0,0.0,,0.0,3566.0,,,,,29.0,3566.0,0.0,45.37,347.78,48.2,27.05,18.49,39002.22,,79.37,5.72,11.2,33.7,,13.05,84.63,0.92,123951696.0,,,,,Japan,Asia,1.8162,0.0063,6.3412,349.1465,0.0375,0.0,1025.14,1213.64,1441.83,63.29,67.71,73.53,0.0,-26.89,-70.95
JPN,Asia,Japan,2021-03-18,447906.0,0.0,1130.57,8560.0,0.0,47.57,3583.32,0.0,9.04,68.48,0.0,0.38,1.14,,,,,,,,,8633325.0,54899.0,69.28,0.44,48798.0,0.39,0.02,40.5,people tested,508702.0,490413.0,18289.0,,71217.0,46788.0,0.41,0.4,0.01,,377.0,44239.0,0.04,42.59,347.78,48.2,27.05,18.49,39002.22,,79.37,5.72,11.2,33.7,,13.05,84.63,0.92,123951696.0,,,,,Japan,Asia,1.9111,0.0069,6.9059,361.3553,0.3956,0.0148,1130.57,1080.93,1070.8,47.57,50.0,54.93,0.0,9.63,-26.67
JPN,Asia,Japan,2021-03-28,468614.0,11833.0,1690.43,9031.0,219.0,31.29,3748.98,94.67,13.52,72.25,1.75,0.25,1.29,,,,,,,,,9104858.0,18887.0,73.06,0.15,50368.0,0.4,0.03,29.3,people tested,,781665.0,41204.0,,0.0,34284.0,,,,,277.0,30118.0,0.02,42.59,347.78,48.2,27.05,18.49,39002.22,,79.37,5.72,11.2,33.7,,13.05,84.63,0.92,123951696.0,,,,,Japan,Asia,1.9272,0.0073,7.2859,378.0618,0.6306,0.0332,1690.43,1479.14,1433.9,31.29,33.64,53.8,33.33,33.33,20.56
JPN,Asia,Japan,2021-04-14,506286.0,0.0,2994.43,9382.0,0.0,23.0,4050.37,0.0,23.96,75.06,0.0,0.18,1.29,979.0,7.9,9423.0,76.02,,,,,10054839.0,73092.0,80.69,0.59,58941.0,0.47,0.06,17.6,people tested,1808835.0,1166413.0,642422.0,,56333.0,59390.0,1.46,0.94,0.52,,479.0,18569.0,0.02,45.37,347.78,48.2,27.05,18.49,39002.22,,79.37,5.72,11.2,33.7,,13.05,84.63,0.92,123951696.0,,,,,Japan,Asia,1.8531,0.0076,7.5691,408.4543,0.941,0.5183,2994.43,2690.86,1946.0,23.0,25.07,27.4,0.0,25.43,164.86
JPN,Asia,Japan,2021-05-02,602862.0,35999.0,5142.71,10361.0,448.0,64.0,4822.99,288.0,41.14,82.89,3.58,0.51,1.14,,,,,,,,,11323968.0,36217.0,90.87,0.29,70576.0,0.57,0.07,13.5,people tested,4339117.0,3296119.0,1042998.0,,27280.0,191588.0,3.5,2.66,0.84,,1546.0,168122.0,0.14,49.07,347.78,48.2,27.05,18.49,39002.22,,79.37,5.72,11.2,33.7,,13.05,84.63,0.92,123951696.0,,,,,Japan,Asia,1.7186,0.0084,8.3589,486.3685,2.6592,0.8415,5142.71,4915.0,4474.93,64.0,52.79,44.33,9.72,9.72,204.22
JPN,Asia,Japan,2021-05-04,602862.0,0.0,5142.71,10361.0,0.0,64.0,4822.99,0.0,41.14,82.89,0.0,0.51,0.96,,,,,,,,,11395900.0,27746.0,91.45,0.22,57285.0,0.46,0.09,10.9,people tested,4356510.0,3312011.0,1044499.0,,9194.0,108755.0,3.51,2.67,0.84,,877.0,95468.0,0.08,49.07,347.78,48.2,27.05,18.49,39002.22,,79.37,5.72,11.2,33.7,,13.05,84.63,0.92,123951696.0,,,,,Japan,Asia,1.7186,0.0084,8.3589,486.3685,2.672,0.8427,5142.71,4915.0,3917.9,64.0,52.79,38.0,0.0,9.72,115.42
JPN,Asia,Japan,2021-05-10,640044.0,0.0,5311.71,10876.0,0.0,73.57,5120.45,0.0,42.5,87.01,0.0,0.59,1.22,,,,,,,,,11905345.0,130677.0,95.54,1.05,76742.0,0.62,0.07,14.4,people tested,5472053.0,4186717.0,1285336.0,,358295.0,160677.0,4.41,3.38,1.04,,1296.0,126172.0,0.1,49.07,347.78,48.2,27.05,18.49,39002.22,,79.37,5.72,11.2,33.7,,13.05,84.63,0.92,123951696.0,,,,,Japan,Asia,1.6993,0.0088,8.7744,516.3657,3.3777,1.037,5311.71,5227.21,5157.3,73.57,68.79,55.17,0.0,3.29,122.5
JPN,Asia,Japan,2021-05-16,683175.0,43131.0,6161.57,11508.0,632.0,90.29,5465.51,345.06,49.29,92.07,5.06,0.72,0.97,,,,,,,,,12414450.0,35948.0,99.62,0.29,91397.0,0.73,0.07,14.9,people tested,7470122.0,5476898.0,1993224.0,,214563.0,336623.0,6.03,4.42,1.61,,2716.0,221645.0,0.18,49.07,347.78,48.2,27.05,18.49,39002.22,,79.37,5.72,11.2,33.7,,13.05,84.63,0.92,123951696.0,,,,,Japan,Asia,1.6845,0.0093,9.2843,551.1623,4.4186,1.6081,6161.57,5736.64,5896.3,90.29,81.93,70.87,16.0,16.0,105.77
JPN,Asia,Japan,2021-05-17,683175.0,0.0,6161.57,11508.0,0.0,90.29,5465.51,0.0,49.29,92.07,0.0,0.72,0.95,,,,,,,,,12509875.0,95425.0,100.39,0.77,86361.0,0.69,0.07,14.5,people tested,8083832.0,5822524.0,2261308.0,,613710.0,373111.0,6.52,4.7,1.82,,3010.0,233687.0,0.19,49.07,347.78,48.2,27.05,18.49,39002.22,,79.37,5.72,11.2,33.7,,13.05,84.63,0.92,123951696.0,,,,,Japan,Asia,1.6845,0.0093,9.2843,551.1623,4.6974,1.8243,6161.57,5736.64,5896.3,90.29,81.93,70.87,0.0,16.0,105.77
JPN,Asia,Japan,2021-05-26,718864.0,0.0,5098.43,12312.0,0.0,114.86,5751.02,0.0,40.79,98.5,0.0,0.92,0.79,1843.0,14.87,16581.0,133.77,,,,,13310489.0,87089.0,106.82,0.7,80718.0,0.65,0.06,18.1,people tested,13349432.0,9864980.0,3484452.0,,737254.0,576546.0,10.77,7.96,2.81,,4651.0,469768.0,0.38,49.07,347.78,48.2,27.05,18.49,39002.22,,79.37,5.72,11.2,33.7,,13.05,84.63,0.92,123951696.0,,,,,Japan,Asia,1.7127,0.0099,9.9329,579.955,7.9587,2.8111,5098.43,5630.0,5066.7,114.86,102.57,79.97,0.0,-17.25,8.77
JPN,Asia,Japan,2021-05-27,718864.0,0.0,5098.43,12312.0,0.0,114.86,5751.02,0.0,40.79,98.5,0.0,0.92,0.77,,,,,,,,,13427073.0,116584.0,107.75,0.94,83475.0,0.67,0.05,19.7,people tested,14103555.0,10512840.0,3590715.0,,754123.0,606256.0,11.38,8.48,2.9,,4891.0,503933.0,0.41,49.07,347.78,48.2,27.05,18.49,39002.22,,79.37,5.72,11.2,33.7,,13.05,84.63,0.92,123951696.0,,,,,Japan,Asia,1.7127,0.0099,9.9329,579.955,8.4814,2.8969,5098.43,5630.0,5066.7,114.86,102.57,79.97,0.0,-17.25,8.77
JPN,Asia,Japan,2021-06-07,762401.0,0.0,2559.14,13574.0,0.0,86.71,6099.33,0.0,20.47,108.59,0.0,0.69,0.71,,,,,,,,,14290924.0,75134.0,114.68,0.6,82063.0,0.66,0.03,33.7,people tested,23317160.0,17687490.0,5629670.0,,1110850.0,926221.0,18.81,14.27,4.54,,7472.0,704936.0,0.57,55.09,347.78,48.2,27.05,18.49,39002.22,,79.37,5.72,11.2,33.7,,13.05,84.63,0.92,123951696.0,,,,,Japan,Asia,1.7804,0.011,10.951,615.0791,14.2697,4.5418,2559.14,3109.79,5317.97,86.71,90.14,107.1,0.0,-30.09,-50.24
JPN,Asia,Japan,2021-06-09,762401.0,0.0,2559.14,13574.0,0.0,86.71,6099.33,0.0,20.47,108.59,0.0,0.69,0.68,1362.0,10.99,11888.0,95.91,,,,,14416280.0,63215.0,115.69,0.51,79402.0,0.64,0.03,35.9,people tested,25645985.0,19294339.0,6351646.0,,1187880.0,982967.0,20.69,15.57,5.12,,7930.0,723199.0,0.58,55.09,347.78,48.2,27.05,18.49,39002.22,,79.37,5.72,11.2,33.7,,13.05,84.63,0.92,123951696.0,,,,,Japan,Asia,1.7804,0.011,10.951,615.0791,15.566,5.1243,2559.14,3109.79,4078.57,86.71,90.14,89.93,0.0,-30.09,-51.82
JPN,Asia,Japan,2021-06-13,775231.0,12830.0,1832.86,14071.0,497.0,71.0,6201.97,102.64,14.66,112.57,3.98,0.57,0.71,,,,,,,,,14667199.0,25059.0,117.7,0.2,64487.0,0.52,0.03,35.5,people tested,29821076.0,22112205.0,7708871.0,,929391.0,1087824.0,24.06,17.84,6.22,,8776.0,743843.0,0.6,55.09,347.78,48.2,27.05,18.49,39002.22,,79.37,5.72,11.2,33.7,,13.05,84.63,0.92,123951696.0,,,,,Japan,Asia,1.8151,0.0114,11.352,625.4299,17.8394,6.2193,1832.86,2196.0,4506.23,71.0,78.86,106.5,-28.38,-28.38,-65.49
JPN,Asia,Japan,2021-06-18,775231.0,0.0,1832.86,14071.0,0.0,71.0,6201.97,0.0,14.66,112.57,0.0,0.57,0.76,,,,,,,,,14994327.0,69009.0,120.33,0.55,57641.0,0.46,0.03,38.2,people tested,36258593.0,25633667.0,10624926.0,,1273332.0,1188214.0,29.25,20.68,8.57,,9586.0,686252.0,0.55,55.09,347.78,48.2,27.05,18.49,39002.22,,79.37,5.72,11.2,33.7,,13.05,84.63,0.92,123951696.0,,,,,Japan,Asia,1.8151,0.0114,11.352,625.4299,20.6804,8.5718,1832.86,2196.0,3068.53,71.0,78.86,85.43,0.0,-28.38,-70.25
JPN,Asia,Japan,2021-06-26,785287.0,0.0,1436.57,14423.0,0.0,50.29,6282.42,0.0,11.49,115.39,0.0,0.4,0.94,,,,,,,,,15435784.0,43145.0,123.87,0.35,56921.0,0.46,0.03,38.3,people tested,47211978.0,31676846.0,15535132.0,,1355966.0,1404199.0,38.09,25.56,12.53,,11329.0,766806.0,0.62,53.24,347.78,48.2,27.05,18.49,39002.22,,79.37,5.72,11.2,33.7,,13.05,84.63,0.92,123951696.0,,,,,Japan,Asia,1.8367,0.0116,11.636,633.5428,25.5558,12.5332,1436.57,1634.71,2214.1,50.29,60.64,70.37,0.0,-21.62,-71.82
JPN,Asia,Japan,2021-06-27,795756.0,10469.0,1495.57,14669.0,246.0,35.14,6366.17,83.75,11.96,117.35,1.97,0.28,0.95,,,,,,,,,15456922.0,21138.0,124.04,0.17,55453.0,0.44,0.03,37.4,people tested,48547456.0,32463964.0,16083492.0,,1335478.0,1435306.0,39.17,26.19,12.98,,11580.0,782685.0,0.63,53.24,347.78,48.2,27.05,18.49,39002.22,,79.37,5.72,11.2,33.7,,13.05,84.63,0.92,123951696.0,,,,,Japan,Asia,1.8434,0.0118,11.8344,641.9888,26.1908,12.9756,1495.57,1466.07,2563.07,35.14,42.71,78.57,4.11,4.11,-70.67
JPN,Asia,Japan,2021-06-28,795756.0,0.0,1495.57,14669.0,0.0,35.14,6366.17,0.0,11.96,117.35,0.0,0.28,0.97,,,,,,,,,15519537.0,62615.0,124.54,0.5,55991.0,0.45,0.03,37.3,people tested,50091675.0,33278204.0,16813471.0,,1544219.0,1453676.0,40.41,26.85,13.56,,11728.0,787376.0,0.64,53.24,347.78,48.2,27.05,18.49,39002.22,,79.37,5.72,11.2,33.7,,13.05,84.63,0.92,123951696.0,,,,,Japan,Asia,1.8434,0.0118,11.8344,641.9888,26.8477,13.5645,1495.57,1466.07,2563.07,35.14,42.71,78.57,0.0,4.11,-70.67
JPN,Asia,Japan,2021-07-13,820715.0,0.0,1983.0,14955.0,0.0,15.29,6565.85,0.0,15.86,119.64,0.0,0.12,1.3,,,,,,,,,16397735.0,103897.0,131.59,0.83,62388.0,0.5,0.03,28.9,people tested,74106181.0,46850002.0,27256179.0,,1622445.0,1658994.0,59.79,37.8,21.99,,13384.0,969412.0,0.78,50.46,347.78,48.2,27.05,18.49,39002.22,,79.37,5.72,11.2,33.7,,13.05,84.63,0.92,123951696.0,,,,,Japan,Asia,1.8222,0.0121,12.0652,662.1249,37.797,21.9894,1983.0,1782.79,1516.13,15.29,20.43,29.47,0.0,25.3,8.19
JPN,Asia,Japan,2021-08-09,1031296.0,0.0,13630.0,15280.0,0.0,11.86,8250.53,0.0,109.04,122.24,0.0,0.1,1.27,,,,,,,,,18251075.0,28421.0,146.46,0.23,79000.0,0.63,0.18,5.5,people tested,111384584.0,63185323.0,48199261.0,,389367.0,1302156.0,89.86,50.98,38.89,,10505.0,541746.0,0.44,50.46,347.78,48.2,27.05,18.49,39002.22,,79.37,5.72,11.2,33.7,,13.05,84.63,0.92,123951696.0,,,,,Japan,Asia,1.4816,0.0123,12.3274,832.0144,50.9758,38.8855,13630.0,11489.36,7482.07,11.86,10.79,14.4,0.0,45.8,761.26
JPN,Asia,Japan,2021-08-16,1144546.0,0.0,16178.57,15408.0,0.0,18.29,9156.54,0.0,129.43,123.27,0.0,0.15,1.31,,,,,,,,,19000346.0,104174.0,152.48,0.84,107039.0,0.86,0.16,6.3,people tested,118096813.0,66171093.0,51925720.0,,1021296.0,958890.0,95.28,53.38,41.89,,7736.0,426539.0,0.34,50.46,347.78,48.2,27.05,18.49,39002.22,,79.37,5.72,11.2,33.7,,13.05,84.63,0.92,123951696.0,,,,,Japan,Asia,1.3462,0.0124,12.4306,923.3807,53.3846,41.8919,16178.57,14904.29,10794.37,18.29,15.07,15.1,0.0,18.7,715.86
JPN,Asia,Japan,2021-08-20,1144546.0,0.0,16178.57,15408.0,0.0,18.29,9156.54,0.0,129.43,123.27,0.0,0.15,1.28,,,,,,,,,19511503.0,29228.0,156.58,0.24,108518.0,0.87,0.2,5.1,people tested,123142559.0,68489137.0,54653422.0,,1312417.0,1083349.0,99.35,55.25,44.09,,8740.0,496812.0,0.4,50.46,347.78,48.2,27.05,18.49,39002.22,,79.37,5.72,11.2,33.7,,13.05,84.63,0.92,123951696.0,,,,,Japan,Asia,1.3462,0.0124,12.4306,923.3807,55.2547,44.0925,16178.57,14904.29,10100.3,18.29,15.07,12.0,0.0,18.7,443.9
JPN,Asia,Japan,2021-08-21,1144546.0,0.0,16178.57,15408.0,0.0,18.29,9156.54,0.0,129.43,123.27,0.0,0.15,1.25,,,,,,,,,19624796.0,113293.0,157.49,0.91,113067.0,0.91,0.19,5.1,people tested,124590291.0,69211126.0,55379165.0,,1447732.0,1180638.0,100.52,55.84,44.68,,9525.0,549270.0,0.44,52.31,347.78,48.2,27.05,18.49,39002.22,,79.37,5.72,11.2,33.7,,13.05,84.63,0.92,123951696.0,,,,,Japan,Asia,1.3462,0.0124,12.4306,923.3807,55.8372,44.678,16178.57,14904.29,10100.3,18.29,15.07,12.0,0.0,18.7,443.9
JPN,Asia,Japan,2021-08-22,1300353.0,155807.0,22258.14,15631.0,223.0,31.86,10403.02,1246.48,178.07,125.05,1.78,0.26,1.2,,,,,,,,,19680108.0,55312.0,157.93,0.44,111991.0,0.9,0.2,4.9,people tested,125830434.0,69839228.0,55991206.0,,1240143.0,1250702.0,101.52,56.34,45.17,,10090.0,586170.0,0.47,52.31,347.78,48.2,27.05,18.49,39002.22,,79.37,5.72,11.2,33.7,,13.05,84.63,0.92,123951696.0,,,,,Japan,Asia,1.2021,0.0126,12.6106,1049.0804,56.3439,45.1718,22258.14,19218.36,15293.87,31.86,25.07,19.43,37.58,37.58,648.28
JPN,Asia,Japan,2021-08-23,1300353.0,0.0,22258.14,15631.0,0.0,31.86,10403.02,0.0,178.07,125.05,0.0,0.26,1.15,,,,,,,,,19813029.0,132921.0,159.0,1.07,116098.0,0.93,0.2,5.1,people tested,127032643.0,70388504.0,56644139.0,,1202209.0,1276547.0,102.49,56.79,45.7,,10299.0,602487.0,0.49,52.31,347.78,48.2,27.05,18.49,39002.22,,79.37,5.72,11.2,33.7,,13.05,84.63,0.92,123951696.0,,,,,Japan,Asia,1.2021,0.0126,12.6106,1049.0804,56.787,45.6986,22258.14,19218.36,15293.87,31.86,25.07,19.43,0.0,37.58,648.28
JPN,Asia,Japan,2021-09-02,1454364.0,0.0,22001.57,15946.0,0.0,45.0,11635.14,0.0,176.02,127.57,0.0,0.36,0.8,,,,,,,,,21144934.0,121059.0,169.68,0.97,125703.0,1.01,0.15,6.5,people tested,138683094.0,76263787.0,62419307.0,,928960.0,1137791.0,111.88,61.53,50.36,,9179.0,583758.0,0.47,52.31,347.78,48.2,27.05,18.49,39002.22,,79.37,5.72,11.2,33.7,,13.05,84.63,0.92,123951696.0,,,,,Japan,Asia,1.0964,0.0129,12.8647,1173.3313,61.527,50.3578,22001.57,22129.86,17282.6,45.0,38.43,24.97,0.0,-1.15,135.34
JPN,Asia,Japan,2021-09-05,1571372.0,117008.0,16715.43,16354.0,408.0,58.29,12571.22,936.08,133.73,130.84,3.26,0.47,0.75,,,,,,,,,21498028.0,65385.0,172.52,0.52,127939.0,1.03,0.13,7.8,people tested,142443716.0,78743483.0,63700233.0,,1182167.0,1100240.0,114.92,63.53,51.39,,8876.0,656195.0,0.53,52.31,347.78,48.2,27.05,18.49,39002.22,,79.37,5.72,11.2,33.7,,13.05,84.63,0.92,123951696.0,,,,,Japan,Asia,1.0407,0.0132,13.1938,1267.7293,63.5276,51.3912,16715.43,19358.5,21182.87,58.29,51.64,38.57,-24.03,-24.03,78.8
JPN,Asia,Japan,2021-09-09,1571372.0,0.0,16715.43,16354.0,0.0,58.29,12571.22,0.0,133.73,130.84,0.0,0.47,0.6,,,,,,,,,21997153.0,120520.0,176.52,0.97,121746.0,0.98,0.1,9.8,people tested,146932266.0,81182400.0,65749866.0,,1130376.0,1178453.0,118.54,65.5,53.04,,9507.0,702659.0,0.57,52.31,347.78,48.2,27.05,18.49,39002.22,,79.37,5.72,11.2,33.7,,13.05,84.63,0.92,123951696.0,,,,,Japan,Asia,1.0407,0.0132,13.1938,1267.7293,65.4952,53.0447,16715.43,19358.5,18002.53,58.29,51.64,35.8,0.0,-24.03,22.64
JPN,Asia,Japan,2021-09-28,1694675.0,0.0,2566.29,17482.0,0.0,39.71,13557.66,0.0,20.53,139.86,0.0,0.32,0.47,,,,,,,,,23583669.0,78473.0,189.26,0.63,73904.0,0.59,0.03,31.1,people tested,167879530.0,90634742.0,77244788.0,,1031107.0,1063289.0,135.44,73.12,62.32,,8578.0,408946.0,0.33,50.46,347.78,48.2,27.05,18.49,39002.22,,79.37,5.72,11.2,33.7,,13.05,84.63,0.92,123951696.0,,,,,Japan,Asia,1.0316,0.0141,14.1039,1367.206,73.121,62.3185,2566.29,3937.86,8010.37,39.71,48.93,51.2,0.0,-51.67,-88.34
JPN,Asia,Japan,2021-10-28,1716938.0,0.0,316.86,18199.0,0.0,13.71,13735.77,0.0,2.54,145.6,0.0,0.11,0.65,,,,,,,,,25195388.0,56028.0,202.19,0.45,45132.0,0.36,0.01,167.8,people tested,191624330.0,99175481.0,92448849.0,,437186.0,590172.0,154.6,80.01,74.58,,4761.0,151663.0,0.12,47.22,347.78,48.2,27.05,18.49,39002.22,,79.37,5.72,11.2,33.7,,13.05,84.63,0.92,123951696.0,,,,,Japan,Asia,1.06,0.0147,14.6823,1385.167,80.0114,74.5846,316.86,426.07,742.1,13.71,18.43,23.9,0.0,-40.81,-87.65
JPN,Asia,Japan,2021-11-13,1724200.0,0.0,190.86,18310.0,0.0,6.0,13793.87,0.0,1.53,146.48,0.0,0.05,0.82,,,,,,,,,25940567.0,35758.0,208.17,0.29,48768.0,0.39,0.0,274.9,people tested,197344574.0,100338381.0,97006193.0,,358717.0,262168.0,159.21,80.95,78.26,,2115.0,50775.0,0.04,47.22,347.78,48.2,27.05,18.49,39002.22,,79.37,5.72,11.2,33.7,,13.05,84.63,0.92,123951696.0,,,,,Japan,Asia,1.0619,0.0148,14.7719,1391.0257,80.9496,78.2613,190.86,518.71,440.9,6.0,7.93,12.3,0.0,-77.45,-77.46
JPN,Asia,Japan,2021-12-03,1727143.0,0.0,95.57,18358.0,0.0,1.57,13817.41,0.0,0.76,146.87,0.0,0.01,1.02,,,,,,,,,26827895.0,56944.0,215.29,0.46,46205.0,0.37,0.0,458.1,people tested,199853547.0,100869218.0,98965360.0,18969.0,92661.0,96263.0,161.24,81.38,79.84,0.02,777.0,24073.0,0.02,47.22,347.78,48.2,27.05,18.49,39002.22,,79.37,5.72,11.2,33.7,,13.05,84.63,0.92,123951696.0,,,,,Japan,Asia,1.0629,0.0148,14.8106,1393.4001,81.3778,79.8419,95.57,119.79,142.63,1.57,2.21,3.0,0.0,-33.63,-88.71
JPN,Asia,Japan,2021-12-04,1727143.0,0.0,95.57,18358.0,0.0,1.57,13817.41,0.0,0.76,146.87,0.0,0.01,1.02,,,,,,,,,26855528.0,27633.0,215.51,0.22,44540.0,0.36,0.0,441.6,people tested,199977940.0,100913879.0,99042498.0,21563.0,124393.0,84294.0,161.34,81.41,79.9,0.02,680.0,23084.0,0.02,47.22,347.78,48.2,27.05,18.49,39002.22,,79.37,5.72,11.2,33.7,,13.05,84.63,0.92,123951696.0,,,,,Japan,Asia,1.0629,0.0148,14.8106,1393.4001,81.4139,79.9041,95.57,119.79,142.63,1.57,2.21,3.0,0.0,-33.63,-88.71
JPN,Asia,Japan,2021-12-06,1727942.0,0.0,114.14,18364.0,0.0,0.86,13823.8,0.0,0.91,146.92,0.0,0.01,1.06,,,,,,,,,26917715.0,48000.0,216.01,0.38,43251.0,0.35,0.0,415.9,people tested,200078499.0,100944132.0,99101649.0,32718.0,50247.0,71581.0,161.42,81.44,79.95,0.03,577.0,21943.0,0.02,47.22,347.78,48.2,27.05,18.49,39002.22,,79.37,5.72,11.2,33.7,,13.05,84.63,0.92,123951696.0,,,,,Japan,Asia,1.0628,0.0148,14.8154,1394.0447,81.4383,79.9518,114.14,104.86,169.27,0.86,1.21,3.2,0.0,19.43,-86.52
JPN,Asia,Japan,2021-12-07,1727942.0,0.0,114.14,18364.0,0.0,0.86,13823.8,0.0,0.91,146.92,0.0,0.01,1.05,,,,,,,,,26967369.0,49654.0,216.41,0.4,43275.0,0.35,0.0,406.1,people tested,200127079.0,100955913.0,99126139.0,45027.0,48580.0,67047.0,161.46,81.45,79.97,0.04,541.0,21046.0,0.02,47.22,347.78,48.2,27.05,18.49,39002.22,,79.37,5.72,11.2,33.7,,13.05,84.63,0.92,123951696.0,,,,,Japan,Asia,1.0628,0.0148,14.8154,1394.0447,81.4478,79.9716,114.14,104.86,124.73,0.86,1.21,1.8,0.0,19.43,-40.2
JPN,Asia,Japan,2021-12-13,1728820.0,0.0,125.43,18373.0,0.0,1.29,13830.83,0.0,1.0,146.99,0.0,0.01,1.14,,,,,,,,,27236037.0,53509.0,218.57,0.43,45475.0,0.36,0.0,394.5,people tested,200480880.0,100995680.0,99324903.0,160297.0,60775.0,57483.0,161.74,81.48,80.13,0.13,464.0,7364.0,0.01,47.22,347.78,48.2,27.05,18.49,39002.22,,79.37,5.72,11.2,33.7,,13.05,84.63,0.92,123951696.0,,,,,Japan,Asia,1.0627,0.0148,14.8227,1394.753,81.4799,80.1319,125.43,119.79,154.0,1.29,1.07,2.1,0.0,9.89,-34.28
JPN,Asia,Japan,2021-12-18,1728820.0,0.0,125.43,18373.0,0.0,1.29,13830.83,0.0,1.0,146.99,0.0,0.01,1.3,,,,,,,,,27472787.0,29128.0,220.47,0.23,43781.0,0.35,0.0,320.9,people tested,200976034.0,101081285.0,99475677.0,419072.0,117580.0,83721.0,162.14,81.55,80.25,0.34,675.0,13532.0,0.01,47.22,347.78,48.2,27.05,18.49,39002.22,,79.37,5.72,11.2,33.7,,13.05,84.63,0.92,123951696.0,,,,,Japan,Asia,1.0627,0.0148,14.8227,1394.753,81.5489,80.2536,125.43,119.79,111.8,1.29,1.07,1.53,0.0,9.89,-30.65
JPN,Asia,Japan,2022-01-13,1765604.0,0.0,4399.43,18403.0,0.0,1.14,14125.1,0.0,35.2,147.23,0.0,0.01,2.64,,,,,,,,,28863471.0,147903.0,231.63,1.19,86846.0,0.7,0.11,9.1,people tested,202909573.0,101313795.0,99862854.0,1732924.0,150430.0,115477.0,163.7,81.74,80.57,1.4,932.0,11671.0,0.01,47.22,347.78,48.2,27.05,18.49,39002.22,,79.37,5.72,11.2,33.7,,13.05,84.63,0.92,123951696.0,,,,,Japan,Asia,1.0423,0.0148,14.8469,1424.4291,81.7365,80.5659,4399.43,2415.36,1226.13,1.14,1.14,1.0,0.0,920.06,3407.48
JPN,Asia,Japan,2022-02-26,4484753.0,0.0,81793.57,21821.0,0.0,208.86,35878.72,0.0,654.36,174.57,0.0,1.67,0.9,,,,,,,,,37191535.0,140221.0,298.46,1.12,168227.0,1.35,0.4,2.5,people tested,230202609.0,101856610.0,100377180.0,27968819.0,1195067.0,937536.0,185.72,82.17,80.98,22.56,7564.0,9152.0,0.01,47.22,347.78,48.2,27.05,18.49,39002.22,,79.37,5.72,11.2,33.7,,13.05,84.63,0.92,123951696.0,,,,,Japan,Asia,0.4866,0.0176,17.6044,3618.1457,82.1744,80.9809,81793.57,84583.14,77170.0,208.86,178.36,110.5,0.0,-6.39,97.56
JPN,Asia,Japan,2022-03-07,5393533.0,0.0,62701.86,24935.0,0.0,237.86,43149.1,0.0,501.62,199.48,0.0,1.9,0.88,,,,,,,,,38546613.0,152369.0,309.33,1.22,155112.0,1.25,0.39,2.5,people tested,238996122.0,101963598.0,100466059.0,36566465.0,902763.0,1006229.0,192.81,82.26,81.05,29.5,8118.0,13407.0,0.01,47.22,347.78,48.2,27.05,18.49,39002.22,,79.37,5.72,11.2,33.7,,13.05,84.63,0.92,123951696.0,,,,,Japan,Asia,0.4623,0.0201,20.1167,4351.3184,82.2608,81.0526,62701.86,64912.86,90796.5,237.86,222.43,205.7,0.0,-6.59,-12.21
JPN,Asia,Japan,2022-03-08,5393533.0,0.0,62701.86,24935.0,0.0,237.86,43149.1,0.0,501.62,199.48,0.0,1.9,0.89,,,,,,,,,38713149.0,166536.0,310.67,1.34,154834.0,1.24,0.38,2.6,people tested,239936125.0,101977817.0,100474351.0,37483957.0,940003.0,998556.0,193.57,82.27,81.06,30.24,8056.0,14232.0,0.01,47.22,347.78,48.2,27.05,18.49,39002.22,,79.37,5.72,11.2,33.7,,13.05,84.63,0.92,123951696.0,,,,,Japan,Asia,0.4623,0.0201,20.1167,4351.3184,82.2722,81.0593,62701.86,64912.86,69764.8,237.86,222.43,187.03,0.0,-6.59,-30.44
JPN,Asia,Japan,2022-03-09,5393533.0,0.0,62701.86,24935.0,0.0,237.86,43149.1,0.0,501.62,199.48,0.0,1.9,0.88,1798.0,14.51,24191.0,195.16,,,,,38919005.0,205856.0,312.32,1.65,153108.0,1.23,0.38,2.6,people tested,240830797.0,101991731.0,100482672.0,38356394.0,894672.0,989205.0,194.29,82.28,81.07,30.94,7981.0,15183.0,0.01,47.22,347.78,48.2,27.05,18.49,39002.22,,79.37,5.72,11.2,33.7,,13.05,84.63,0.92,123951696.0,,,,,Japan,Asia,0.4623,0.0201,20.1167,4351.3184,82.2834,81.066,62701.86,64912.86,69764.8,237.86,222.43,187.03,0.0,-6.59,-30.44
JPN,Asia,Japan,2022-03-27,6377719.0,273629.0,39089.86,27767.0,722.0,103.14,51022.74,2189.07,312.73,222.14,5.78,0.82,1.01,,,,,,,,,41185177.0,66749.0,330.51,0.54,113751.0,0.91,0.35,2.9,people tested,256212933.0,102562130.0,100684107.0,52966696.0,584271.0,729141.0,206.7,82.74,81.23,42.73,5882.0,33466.0,0.03,45.37,347.78,48.2,27.05,18.49,39002.22,,79.37,5.72,11.2,33.7,,13.05,84.63,0.92,123951696.0,,,,,Japan,Asia,0.4354,0.0224,22.4015,5145.3261,82.7436,81.2285,39089.86,43237.36,63098.87,103.14,115.21,198.2,-17.51,-17.51,-52.21
JPN,Asia,Japan,2022-04-03,6702086.0,324367.0,46338.14,28286.0,519.0,74.14,53617.72,2594.99,370.71,226.29,4.15,0.59,1.04,,,,,,,,,42027728.0,39539.0,337.27,0.32,120364.0,0.97,0.38,2.6,people tested,260413405.0,102794403.0,100836687.0,56782315.0,357678.0,600067.0,210.09,82.93,81.35,45.81,4841.0,33182.0,0.03,45.37,347.78,48.2,27.05,18.49,39002.22,,79.37,5.72,11.2,33.7,,13.05,84.63,0.92,123951696.0,,,,,Japan,Asia,0.422,0.0228,22.8202,5407.0144,82.931,81.3516,46338.14,42714.0,58248.87,74.14,88.64,167.2,18.54,18.54,-30.97
JPN,Asia,Japan,2022-04-21,7374251.0,0.0,47812.57,29023.0,0.0,48.43,58995.15,0.0,382.51,232.19,0.0,0.39,0.93,,,,,,,,,44500652.0,135695.0,357.11,1.09,141059.0,1.13,0.3,3.3,people tested,269433473.0,103104091.0,101340083.0,64989299.0,383619.0,511898.0,217.37,83.18,81.76,52.43,4130.0,19707.0,0.02,45.37,347.78,48.2,27.05,18.49,39002.22,,79.37,5.72,11.2,33.7,,13.05,84.63,0.92,123951696.0,,,,,Japan,Asia,0.3936,0.0234,23.4148,5949.2942,83.1809,81.7577,47812.57,48011.79,42338.7,48.43,52.64,65.93,0.0,-0.83,0.9
JPN,Asia,Japan,2022-05-01,7901933.0,241921.0,34560.14,29601.0,293.0,41.86,63216.68,1935.4,276.49,236.81,2.34,0.34,0.75,,,,,,,,,46822449.0,45549.0,375.74,0.37,284343.0,2.28,0.12,8.2,people tested,274105909.0,103306882.0,101622552.0,69176475.0,180033.0,377250.0,221.14,83.34,81.99,55.81,3044.0,14750.0,0.01,45.37,347.78,48.2,27.05,18.49,39002.22,,79.37,5.72,11.2,33.7,,13.05,84.63,0.92,123951696.0,,,,,Japan,Asia,0.3746,0.0239,23.8811,6375.01,83.3445,81.9856,34560.14,37691.57,50807.13,41.86,41.29,61.13,-15.34,-15.34,-11.59
JPN,Asia,Japan,2022-05-12,8099533.0,0.0,28228.57,29813.0,0.0,30.29,64797.52,0.0,225.83,238.51,0.0,0.24,1.12,,,,,,,,,48076937.0,132340.0,385.81,1.06,134713.0,1.08,0.28,3.6,people tested,276416362.0,103416403.0,101780323.0,71219636.0,223069.0,269906.0,223.0,83.43,82.11,57.46,2178.0,14231.0,0.01,45.37,347.78,48.2,27.05,18.49,39002.22,,79.37,5.72,11.2,33.7,,13.05,84.63,0.92,123951696.0,,,,,Japan,Asia,0.3681,0.0241,24.0521,6534.4269,83.4328,82.1129,28228.57,31394.36,35332.33,30.29,36.07,37.63,0.0,-18.32,-41.45
JPN,Asia,Japan,2022-05-23,8618683.0,0.0,35089.57,30307.0,0.0,35.14,68950.8,0.0,280.72,242.46,0.0,0.28,0.9,,,,,,,,,49417175.0,164058.0,396.57,1.32,129109.0,1.04,0.27,3.7,people tested,279698776.0,103554396.0,101997070.0,74147310.0,156360.0,254875.0,225.65,83.54,82.29,59.82,2056.0,10406.0,0.01,45.37,347.78,48.2,27.05,18.49,39002.22,,79.37,5.72,11.2,33.7,,13.05,84.63,0.92,123951696.0,,,,,Japan,Asia,0.3516,0.0245,24.4507,6953.2594,83.5442,82.2878,35089.57,37082.14,41481.07,35.14,35.29,42.8,0.0,-10.2,-26.61
JPN,Asia,Japan,2022-06-07,8945784.0,0.0,19167.14,30773.0,0.0,30.71,71567.66,0.0,153.34,246.19,0.0,0.25,0.75,,,,,,,,,51140457.0,87349.0,410.4,0.7,113294.0,0.91,0.15,6.5,people tested,282283005.0,103678655.0,102176996.0,76427354.0,88531.0,138040.0,227.74,83.64,82.43,61.66,1114.0,7747.0,0.01,43.08,347.78,48.2,27.05,18.49,39002.22,,79.37,5.72,11.2,33.7,,13.05,84.63,0.92,123951696.0,,,,,Japan,Asia,0.344,0.0248,24.8266,7217.1534,83.6444,82.4329,19167.14,23364.36,28208.37,30.71,33.29,32.0,0.0,-30.46,-32.1
JPN,Asia,Japan,2022-06-08,8945784.0,0.0,19167.14,30773.0,0.0,30.71,71567.66,0.0,153.34,246.19,0.0,0.25,0.74,431.0,3.48,6505.0,52.48,,,,,51310938.0,170481.0,411.76,1.37,115964.0,0.93,0.14,6.9,people tested,282365833.0,103682808.0,102183422.0,76499603.0,82828.0,137107.0,227.8,83.65,82.44,61.72,1106.0,7668.0,0.01,43.08,347.78,48.2,27.05,18.49,39002.22,,79.37,5.72,11.2,33.7,,13.05,84.63,0.92,123951696.0,,,,,Japan,Asia,0.344,0.0248,24.8266,7217.1534,83.6478,82.4381,19167.14,23364.36,28208.37,30.71,33.29,32.0,0.0,-30.46,-32.1
JPN,Asia,Japan,2022-07-22,10204843.0,0.0,79873.0,31610.0,0.0,23.57,81640.32,0.0,639.0,252.88,0.0,0.19,1.76,,,,,,,,,,,,,,,,,,294196490.0,103895403.0,102495208.0,87805879.0,816481.0,522098.0,237.35,83.82,82.69,70.84,4212.0,5029.0,0.0,37.52,347.78,48.2,27.05,18.49,39002.22,,79.37,5.72,11.2,33.7,,13.05,84.63,0.92,123951696.0,,,,,Japan,Asia,0.3098,0.0255,25.5019,8232.9192,83.8193,82.6896,79873.0,59205.07,35170.33,23.57,19.86,18.83,0.0,107.26,470.52
JPN,Asia,Japan,2022-07-25,11173911.0,0.0,138438.29,31940.0,0.0,47.14,89393.02,0.0,1107.53,255.52,0.0,0.38,1.48,,,,,,,,,,,,,,,,,,296090222.0,103913911.0,102511153.0,89665158.0,623110.0,636155.0,238.88,83.83,82.7,72.34,5132.0,5369.0,0.0,37.52,347.78,48.2,27.05,18.49,39002.22,,79.37,5.72,11.2,33.7,,13.05,84.63,0.92,123951696.0,,,,,Japan,Asia,0.2858,0.0258,25.7681,9014.7302,83.8342,82.7025,138438.29,109155.64,67472.6,47.14,35.36,29.83,0.0,73.32,888.84
JPN,Asia,Japan,2022-07-31,12553010.0,1379099.0,197014.14,32694.0,754.0,107.71,100426.02,11033.0,1576.14,261.56,6.03,0.86,1.23,,,,,,,,,,,,,,,,,,300315136.0,103969754.0,102540995.0,93804387.0,450014.0,692575.0,242.28,83.88,82.73,75.68,5587.0,8658.0,0.01,37.52,347.78,48.2,27.05,18.49,39002.22,,79.37,5.72,11.2,33.7,,13.05,84.63,0.92,123951696.0,26431.8,0.71,3.81,213.24,Japan,Asia,0.2604,0.0264,26.3764,10127.3403,83.8793,82.7266,197014.14,167726.21,109987.47,107.71,77.43,51.83,42.31,42.31,1230.5
JPN,Asia,Japan,2022-08-04,12553010.0,0.0,197014.14,32694.0,0.0,107.71,100426.02,0.0,1576.14,261.56,0.0,0.86,1.1,,,,,,,,,,,,,,,,,,302828627.0,103998862.0,102551723.0,96278042.0,628657.0,679096.0,244.31,83.9,82.74,77.67,5479.0,9568.0,0.01,37.52,347.78,48.2,27.05,18.49,39002.22,,79.37,5.72,11.2,33.7,,13.05,84.63,0.92,123951696.0,,,,,Japan,Asia,0.2604,0.0264,26.3764,10127.3403,83.9027,82.7352,197014.14,167726.21,105901.27,107.71,77.43,45.4,0.0,42.31,1025.01
JPN,Asia,Japan,2022-08-05,12553010.0,0.0,197014.14,32694.0,0.0,107.71,100426.02,0.0,1576.14,261.56,0.0,0.86,1.11,,,,,,,,,,,,,,,,,,303737639.0,104013077.0,102558764.0,97165798.0,909012.0,682114.0,245.05,83.91,82.74,78.39,5503.0,9654.0,0.01,37.52,347.78,48.2,27.05,18.49,39002.22,,79.37,5.72,11.2,33.7,,13.05,84.63,0.92,123951696.0,,,,,Japan,Asia,0.2604,0.0264,26.3764,10127.3403,83.9142,82.7409,197014.14,167726.21,105901.27,107.71,77.43,45.4,0.0,42.31,1025.01
JPN,Asia,Japan,2022-08-22,16921653.0,0.0,210910.57,37277.0,0.0,272.29,135375.84,0.0,1687.32,298.22,0.0,2.18,1.04,,,,,,,,,,,,,,,,,,312628404.0,104111442.0,102658244.0,105858718.0,552203.0,582067.0,252.22,83.99,82.82,85.4,4696.0,5531.0,0.0,37.52,347.78,48.2,27.05,18.49,39002.22,,79.37,5.72,11.2,33.7,,13.05,84.63,0.92,123951696.0,,,,,Japan,Asia,0.2203,0.0301,30.0738,13651.8124,83.9936,82.8212,210910.57,205119.64,223893.67,272.29,246.57,188.9,0.0,5.81,164.06
JPN,Asia,Japan,2022-09-02,18180425.0,0.0,179824.57,39253.0,0.0,282.29,145446.2,0.0,1438.62,314.03,0.0,2.26,0.72,,,,,,,,,,,,,,,,,,318618300.0,104165265.0,102744788.0,111708247.0,566828.0,496730.0,257.05,84.04,82.89,90.12,4007.0,4755.0,0.0,37.51,347.78,48.2,27.05,18.49,39002.22,,79.37,5.72,11.2,33.7,,13.05,84.63,0.92,123951696.0,,,,,Japan,Asia,0.2159,0.0317,31.668,14667.3467,84.037,82.891,179824.57,195367.57,187580.5,282.29,277.29,218.63,0.0,-14.74,-8.73
JPN,Asia,Japan,2022-09-04,19345212.0,1164787.0,166398.14,41293.0,2040.0,291.43,154764.69,9318.48,1331.21,330.35,16.32,2.33,0.75,,,,,,,,,,,,,,,,,,319295449.0,104184070.0,102755099.0,112356280.0,170954.0,439442.0,257.6,84.05,82.9,90.65,3545.0,5302.0,0.0,37.51,347.78,48.2,27.05,18.49,39002.22,,79.37,5.72,11.2,33.7,,13.05,84.63,0.92,123951696.0,,,,,Japan,Asia,0.2135,0.0333,33.3138,15607.0571,84.0522,82.8993,166398.14,173111.36,226406.73,291.43,286.86,286.63,-7.47,-7.47,-15.54
JPN,Asia,Japan,2022-10-05,21330772.0,0.0,43851.14,45018.0,0.0,79.29,170649.47,0.0,350.82,360.15,0.0,0.63,0.7,586.0,4.73,10576.0,85.32,,,,,,,,,,,,,,326112630.0,104259485.0,102901269.0,118951876.0,123936.0,158157.0,263.1,84.11,83.02,95.97,1276.0,1753.0,0.0,31.48,347.78,48.2,27.05,18.49,39002.22,,79.37,5.72,11.2,33.7,,13.05,84.63,0.92,123951696.0,,,,,Japan,Asia,0.211,0.0363,36.319,17208.9392,84.113,83.0172,43851.14,60175.71,66185.33,79.29,85.07,124.17,0.0,-42.68,-73.65
JPN,Asia,Japan,2022-10-09,21539319.0,208547.0,29792.43,45511.0,493.0,70.43,172317.88,1668.41,238.34,364.1,3.94,0.56,0.72,,,,,,,,,,,,,,,,,,326919856.0,104268049.0,102912850.0,119738957.0,117097.0,168554.0,263.75,84.12,83.03,96.6,1360.0,1698.0,0.0,31.48,347.78,48.2,27.05,18.49,39002.22,,79.37,5.72,11.2,33.7,,13.05,84.63,0.92,123951696.0,,,,,Japan,Asia,0.2113,0.0367,36.7167,17377.1878,84.1199,83.0266,29792.43,36821.79,73136.9,70.43,74.86,140.6,-32.06,-32.06,-82.1
JPN,Asia,Japan,2022-10-26,21991277.0,0.0,33383.14,46347.0,0.0,65.29,175933.61,0.0,267.07,370.78,0.0,0.52,1.14,527.0,4.25,9384.0,75.71,,,,,,,,,,,,,,331112368.0,104292752.0,102942088.0,123877528.0,253194.0,298045.0,267.13,84.14,83.05,99.94,2405.0,1685.0,0.0,31.48,347.78,48.2,27.05,18.49,39002.22,,79.37,5.72,11.2,33.7,,13.05,84.63,0.92,123951696.0,,,,,Japan,Asia,0.2108,0.0374,37.3912,17741.8121,84.1398,83.0502,33383.14,32282.71,32248.77,65.29,59.71,62.8,0.0,7.06,-56.36
JPN,Asia,Japan,2022-11-10,22674944.0,0.0,57384.71,47139.0,0.0,61.14,181403.06,0.0,459.09,377.12,0.0,0.49,1.27,,,,,,,,,,,,,,,,,,337617072.0,104325459.0,102967703.0,130323910.0,508784.0,519351.0,272.38,84.17,83.07,105.14,4190.0,2693.0,0.0,31.48,347.78,48.2,27.05,18.49,39002.22,,79.37,5.72,11.2,33.7,,13.05,84.63,0.92,123951696.0,,,,,Japan,Asia,0.2079,0.038,38.0301,18293.3713,84.1662,83.0708,57384.71,48833.36,37854.17,61.14,56.57,54.27,0.0,42.46,92.62
JPN,Asia,Japan,2022-11-20,23771785.0,593075.0,84725.0,48482.0,767.0,109.57,190177.95,4744.69,677.81,387.86,6.14,0.88,1.16,,,,,,,,,,,,,,,,,,344696768.0,104371184.0,102989508.0,137336076.0,549650.0,699952.0,278.09,84.2,83.09,110.8,5647.0,4557.0,0.0,31.48,347.78,48.2,27.05,18.49,39002.22,,79.37,5.72,11.2,33.7,,13.05,84.63,0.92,123951696.0,,,,,Japan,Asia,0.2039,0.0391,39.1136,19178.2652,84.2031,83.0884,84725.0,78345.79,67139.67,109.57,95.93,86.4,17.73,17.73,171.71
JPN,Asia,Japan,2022-12-05,25220452.0,0.0,107127.86,50608.0,0.0,167.71,201767.52,0.0,857.04,404.87,0.0,1.34,1.07,,,,,,,,,,,,,,,,,,356078469.0,104461041.0,103028464.0,148588964.0,711096.0,793167.0,287.27,84.28,83.12,119.88,6399.0,6929.0,0.01,31.48,347.78,48.2,27.05,18.49,39002.22,,79.37,5.72,11.2,33.7,,13.05,84.63,0.92,123951696.0,,,,,Japan,Asia,0.2007,0.0408,40.8288,20347.0003,84.2756,83.1199,107127.86,103476.21,98240.03,167.71,151.86,129.9,0.0,7.32,165.94
JPN,Asia,Japan,2022-12-07,25220452.0,0.0,107127.86,50608.0,0.0,167.71,201767.52,0.0,857.04,404.87,0.0,1.34,1.11,1195.0,9.64,28301.0,228.32,,,,,,,,,,,,,,357649615.0,104472110.0,103034728.0,150142777.0,773762.0,800772.0,288.54,84.28,83.12,121.13,6460.0,6893.0,0.01,31.48,347.78,48.2,27.05,18.49,39002.22,,79.37,5.72,11.2,33.7,,13.05,84.63,0.92,123951696.0,,,,,Japan,Asia,0.2007,0.0408,40.8288,20347.0003,84.2845,83.1249,107127.86,103476.21,84850.27,167.71,151.86,115.63,0.0,7.32,86.68
JPN,Asia,Japan,2022-12-17,26069823.0,0.0,121338.71,52043.0,0.0,205.0,208562.61,0.0,970.73,416.35,0.0,1.64,1.16,,,,,,,,,,,,,,,,,,366242526.0,104511353.0,103086445.0,158644728.0,1043800.0,811125.0,295.47,84.32,83.17,127.99,6544.0,3953.0,0.0,31.48,347.78,48.2,27.05,18.49,39002.22,,79.37,5.72,11.2,33.7,,13.05,84.63,0.92,123951696.0,,,,,Japan,Asia,0.1996,0.042,41.9865,21032.2439,84.3162,83.1666,121338.71,114233.29,96370.43,205.0,186.36,144.27,0.0,13.27,68.6
JPN,Asia,Japan,2022-12-20,27116473.0,0.0,149521.43,53730.0,0.0,241.0,216935.97,0.0,1196.2,429.85,0.0,1.93,1.11,,,,,,,,,,,,,,,,,,368168362.0,104521529.0,103099375.0,160547458.0,736762.0,791114.0,297.03,84.32,83.18,129.52,6382.0,4641.0,0.0,31.48,347.78,48.2,27.05,18.49,39002.22,,79.37,5.72,11.2,33.7,,13.05,84.63,0.92,123951696.0,,,,,Japan,Asia,0.1981,0.0433,43.3475,21876.6454,84.3244,83.1771,149521.43,135430.07,111489.6,241.0,223.0,174.93,0.0,23.23,76.48
JPN,Asia,Japan,2022-12-30,28266405.0,0.0,164276.0,55813.0,0.0,297.57,226135.61,0.0,1314.23,446.51,0.0,2.38,0.91,,,,,,,,,,,,,,,,,,373160718.0,104558048.0,103154198.0,165448472.0,38777.0,395699.0,301.05,84.35,83.22,133.48,3192.0,3005.0,0.0,33.33,347.78,48.2,27.05,18.49,39002.22,,79.37,5.72,11.2,33.7,,13.05,84.63,0.92,123951696.0,,,,,Japan,Asia,0.1975,0.045,45.028,22804.3713,84.3539,83.2213,164276.0,156898.71,126528.27,297.57,269.29,212.63,0.0,9.87,64.56
JPN,Asia,Japan,2023-01-05,29212535.0,0.0,135161.43,57721.0,0.0,272.57,233704.8,0.0,1081.31,461.78,0.0,2.18,,,,,,,,,,,,,,,,,,,373444046.0,104562147.0,103159232.0,165722667.0,171159.0,46015.0,301.28,84.36,83.23,133.7,371.0,631.0,0.0,,347.78,48.2,27.05,18.49,39002.22,,79.37,5.72,11.2,33.7,,13.05,84.63,0.92,123951696.0,,,,,Japan,Asia,0.1976,0.0466,46.5673,23567.6767,84.3572,83.2253,135161.43,149718.71,133069.43,272.57,285.07,237.1,0.0,-17.72,26.17
JPN,Asia,Japan,2023-01-06,29212535.0,0.0,135161.43,57721.0,0.0,272.57,233704.8,0.0,1081.31,461.78,0.0,2.18,,,,,,,,,,,,,,,,,,,373799715.0,104568247.0,103166405.0,166065063.0,355669.0,91285.0,301.57,84.36,83.23,133.98,736.0,1457.0,0.0,,347.78,48.2,27.05,18.49,39002.22,,79.37,5.72,11.2,33.7,,13.05,84.63,0.92,123951696.0,,,,,Japan,Asia,0.1976,0.0466,46.5673,23567.6767,84.3621,83.2311,135161.43,149718.71,133069.43,272.57,285.07,237.1,0.0,-17.72,26.17
JPN,Asia,Japan,2023-01-15,31308352.0,1025321.0,146474.43,58496.0,0.0,0.0,250471.66,8202.73,1171.82,467.98,0.0,0.0,,,,,,,,,,,,,,,,,,,376356480.0,104606416.0,103213641.0,168536423.0,133514.0,292436.0,303.63,84.39,83.27,135.97,2359.0,3787.0,0.0,,347.78,48.2,27.05,18.49,39002.22,,79.37,5.72,11.2,33.7,,13.05,84.63,0.92,123951696.0,,,,,Japan,Asia,0.1868,0.0472,47.1926,25258.5104,84.3929,83.2692,146474.43,149701.21,174617.63,0.0,55.36,215.1,-4.22,-4.22,20.72
JPN,Asia,Japan,2023-01-30,32419632.0,0.0,62679.14,58496.0,0.0,0.0,259362.06,0.0,501.44,467.98,0.0,0.0,,,,,,,,,,,,,,,,,,,380019134.0,104636794.0,103258264.0,172124076.0,152919.0,208901.0,306.59,84.42,83.31,138.86,1685.0,2090.0,0.0,,347.78,48.2,27.05,18.49,39002.22,,79.37,5.72,11.2,33.7,,13.05,84.63,0.92,123951696.0,,,,,Japan,Asia,0.1804,0.0472,47.1926,26155.0532,84.4174,83.3052,62679.14,79377.14,138440.9,0.0,0.0,89.43,0.0,-34.76,-61.85
JPN,Asia,Japan,2023-02-05,32712246.0,292614.0,41802.0,69477.0,10981.0,1568.71,261703.02,2340.96,334.42,555.83,87.85,12.55,,,,,,,,,,,,,,,,,,,380778068.0,104648529.0,103283542.0,172845997.0,34809.0,130265.0,307.2,84.43,83.33,139.45,1051.0,1820.0,0.0,,347.78,48.2,27.05,18.49,39002.22,,79.37,5.72,11.2,33.7,,13.05,84.63,0.92,123951696.0,,,,,Japan,Asia,0.2124,0.0561,56.0517,26391.1242,84.4269,83.3256,41802.0,52240.57,116657.03,1568.71,784.36,391.87,-33.31,-33.31,-69.07
JPN,Asia,Japan,2023-02-08,32712246.0,0.0,41802.0,69477.0,0.0,1568.71,261703.02,0.0,334.42,555.83,0.0,12.55,,,,,,,,,,,,,,,,,,,381046772.0,104652226.0,103289200.0,173105346.0,84006.0,108955.0,307.42,84.43,83.33,139.66,879.0,1760.0,0.0,,347.78,48.2,27.05,18.49,39002.22,,79.37,5.72,11.2,33.7,,13.05,84.63,0.92,123951696.0,,,,,Japan,Asia,0.2124,0.0561,56.0517,26391.1242,84.4298,83.3302,41802.0,52240.57,80973.83,1568.71,784.36,366.03,0.0,-33.31,-72.67
JPN,Asia,Japan,2023-02-11,32712246.0,0.0,41802.0,69477.0,0.0,1568.71,261703.02,0.0,334.42,555.83,0.0,12.55,,,,,,,,,,,,,,,,,,,381341413.0,104655884.0,103295192.0,173390337.0,53075.0,85451.0,307.65,84.43,83.34,139.89,689.0,1185.0,0.0,,347.78,48.2,27.05,18.49,39002.22,,79.37,5.72,11.2,33.7,,13.05,84.63,0.92,123951696.0,,,,,Japan,Asia,0.2124,0.0561,56.0517,26391.1242,84.4328,83.335,41802.0,52240.57,80973.83,1568.71,784.36,366.03,0.0,-33.31,-72.67
JPN,Asia,Japan,2023-02-12,32935611.0,223365.0,31909.29,70695.0,1218.0,174.0,263489.97,1786.95,255.28,565.57,9.74,1.39,,,,,,,,,,,,,,,,,,,381367577.0,104656462.0,103295935.0,173415180.0,26164.0,84216.0,307.67,84.43,83.34,139.91,679.0,1133.0,0.0,,347.78,48.2,27.05,18.49,39002.22,,79.37,5.72,11.2,33.7,,13.05,84.63,0.92,123951696.0,,,,,Japan,Asia,0.2146,0.057,57.0343,26571.3274,84.4333,83.3356,31909.29,36855.64,88419.33,174.0,871.36,406.63,-23.67,-23.67,-79.13
JPN,Asia,Japan,2023-03-29,33415461.0,0.0,6728.0,73747.0,0.0,33.71,267328.84,0.0,53.82,589.99,0.0,0.27,,184.0,1.48,3983.0,32.13,,,,,,,,,,,,,,383359890.0,104694025.0,103364792.0,175301073.0,23873.0,30773.0,309.28,84.46,83.39,141.43,248.0,512.0,0.0,,347.78,48.2,27.05,18.49,39002.22,,79.37,5.72,11.2,33.7,,13.05,84.63,0.92,123951696.0,,,,,Japan,Asia,0.2207,0.0595,59.4966,26958.454,84.4636,83.3912,6728.0,7068.0,8096.47,33.71,39.14,49.3,0.0,-9.18,-50.88
JPN,Asia,Japan,2023-04-27,33639205.0,0.0,9358.57,74376.0,0.0,20.14,269118.84,0.0,74.87,595.02,0.0,0.16,,,,,,,,,,,,,,,,,,,383694973.0,104703863.0,103378376.0,175612734.0,7190.0,11373.0,309.55,84.47,83.4,141.68,92.0,344.0,0.0,,347.78,48.2,27.05,18.49,39002.22,,79.37,5.72,11.2,33.7,,13.05,84.63,0.92,123951696.0,,,,,Japan,Asia,0.2211,0.06,60.004,27138.9631,84.4715,83.4021,9358.57,8739.79,7458.13,20.14,20.0,20.97,0.0,15.24,39.1
JPN,Asia,Japan,2023-04-29,33639205.0,0.0,9358.57,74376.0,0.0,20.14,269118.84,0.0,74.87,595.02,0.0,0.16,,,,,,,,,,,,,,,,,,,383721256.0,104704454.0,103379322.0,175637480.0,6659.0,8643.0,309.57,84.47,83.4,141.7,70.0,234.0,0.0,,347.78,48.2,27.05,18.49,39002.22,,79.37,5.72,11.2,33.7,,13.05,84.63,0.92,123951696.0,,,,,Japan,Asia,0.2211,0.06,60.004,27138.9631,84.472,83.4029,9358.57,8739.79,7458.13,20.14,20.0,20.97,0.0,15.24,39.1
JPN,Asia,Japan,2023-05-25,33803572.0,0.0,0.0,74694.0,0.0,0.0,270433.8,0.0,0.0,597.56,0.0,0.0,,,,,,,,,,,,,,,,,,,,104705133.0,103380343.0,,0.0,,,,,,,,,,347.78,48.2,27.05,18.49,39002.22,,79.37,5.72,11.2,33.7,,13.05,84.63,0.92,123951696.0,,,,,Japan,Asia,0.221,0.0603,60.2606,27271.5688,84.4725,83.4037,0.0,1755.64,5478.9,0.0,2.86,10.6,0.0,-100.0,-100.0
JPN,Asia,Japan,2023-06-06,33803572.0,0.0,0.0,74694.0,0.0,0.0,270433.8,0.0,0.0,597.56,0.0,0.0,,,,,,,,,,,,,,,,,,,,104705133.0,103380343.0,,0.0,,,,,,,,,,347.78,48.2,27.05,18.49,39002.22,,79.37,5.72,11.2,33.7,,13.05,84.63,0.92,123951696.0,,,,,Japan,Asia,0.221,0.0603,60.2606,27271.5688,84.4725,83.4037,0.0,0.0,819.3,0.0,0.0,1.33,0.0,0.0,-100.0
JPN,Asia,Japan,2023-07-12,33803572.0,0.0,0.0,74694.0,0.0,0.0,270433.8,0.0,0.0,597.56,0.0,0.0,,208.0,1.68,10376.0,83.71,,,,,,,,,,,,,,,104705133.0,103380343.0,,0.0,,,,,,,,,,347.78,48.2,27.05,18.49,39002.22,,79.37,5.72,11.2,33.7,,13.05,84.63,0.92,123951696.0,,,,,Japan,Asia,0.221,0.0603,60.2606,27271.5688,84.4725,83.4037,0.0,0.0,0.0,0.0,0.0,0.0,0.0,0.0,0.0
JPN,Asia,Japan,2023-07-22,33803572.0,0.0,0.0,74694.0,0.0,0.0,270433.8,0.0,0.0,597.56,0.0,0.0,,,,,,,,,,,,,,,,,,,,104705133.0,103380343.0,,0.0,,,,,,,,,,347.78,48.2,27.05,18.49,39002.22,,79.37,5.72,11.2,33.7,,13.05,84.63,0.92,123951696.0,,,,,Japan,Asia,0.221,0.0603,60.2606,27271.5688,84.4725,83.4037,0.0,0.0,0.0,0.0,0.0,0.0,0.0,0.0,0.0
JPN,Asia,Japan,2023-08-02,33803572.0,0.0,0.0,74694.0,0.0,0.0,270433.8,0.0,0.0,597.56,0.0,0.0,,352.0,2.84,19396.0,156.48,,,,,,,,,,,,,,,104705133.0,103380343.0,,0.0,,,,,,,,,,347.78,48.2,27.05,18.49,39002.22,,79.37,5.72,11.2,33.7,,13.05,84.63,0.92,123951696.0,,,,,Japan,Asia,0.221,0.0603,60.2606,27271.5688,84.4725,83.4037,0.0,0.0,0.0,0.0,0.0,0.0,0.0,0.0,0.0
JPN,Asia,Japan,2023-08-07,33803572.0,0.0,0.0,74694.0,0.0,0.0,270433.8,0.0,0.0,597.56,0.0,0.0,,,,,,,,,,,,,,,,,,,,104705133.0,103380343.0,,0.0,,,,,,,,,,347.78,48.2,27.05,18.49,39002.22,,79.37,5.72,11.2,33.7,,13.05,84.63,0.92,123951696.0,,,,,Japan,Asia,0.221,0.0603,60.2606,27271.5688,84.4725,83.4037,0.0,0.0,0.0,0.0,0.0,0.0,0.0,0.0,0.0
JPN,Asia,Japan,2023-08-18,33803572.0,0.0,0.0,74694.0,0.0,0.0,270433.8,0.0,0.0,597.56,0.0,0.0,,,,,,,,,,,,,,,,,,,,104705133.0,103380343.0,,0.0,,,,,,,,,,347.78,48.2,27.05,18.49,39002.22,,79.37,5.72,11.2,33.7,,13.05,84.63,0.92,123951696.0,,,,,Japan,Asia,0.221,0.0603,60.2606,27271.5688,84.4725,83.4037,0.0,0.0,0.0,0.0,0.0,0.0,0.0,0.0,0.0
JPN,Asia,Japan,2023-08-21,33803572.0,0.0,0.0,74694.0,0.0,0.0,270433.8,0.0,0.0,597.56,0.0,0.0,,,,,,,,,,,,,,,,,,,,104705133.0,103380343.0,,0.0,,,,,,,,,,347.78,48.2,27.05,18.49,39002.22,,79.37,5.72,11.2,33.7,,13.05,84.63,0.92,123951696.0,,,,,Japan,Asia,0.221,0.0603,60.2606,27271.5688,84.4725,83.4037,0.0,0.0,0.0,0.0,0.0,0.0,0.0,0.0,0.0
JPN,Asia,Japan,2023-09-08,33803572.0,0.0,0.0,74694.0,0.0,0.0,270433.8,0.0,0.0,597.56,0.0,0.0,,,,,,,,,,,,,,,,,,,,104705133.0,103380343.0,,0.0,,,,,,,,,,347.78,48.2,27.05,18.49,39002.22,,79.37,5.72,11.2,33.7,,13.05,84.63,0.92,123951696.0,,,,,Japan,Asia,0.221,0.0603,60.2606,27271.5688,84.4725,83.4037,0.0,0.0,0.0,0.0,0.0,0.0,0.0,0.0,0.0
JPN,Asia,Japan,2023-09-11,33803572.0,0.0,0.0,74694.0,0.0,0.0,270433.8,0.0,0.0,597.56,0.0,0.0,,,,,,,,,,,,,,,,,,,,104705133.0,103380343.0,,0.0,,,,,,,,,,347.78,48.2,27.05,18.49,39002.22,,79.37,5.72,11.2,33.7,,13.05,84.63,0.92,123951696.0,,,,,Japan,Asia,0.221,0.0603,60.2606,27271.5688,84.4725,83.4037,0.0,0.0,0.0,0.0,0.0,0.0,0.0,0.0,0.0
JPN,Asia,Japan,2023-09-19,33803572.0,0.0,0.0,74694.0,0.0,0.0,270433.8,0.0,0.0,597.56,0.0,0.0,,,,,,,,,,,,,,,,,,,,104705133.0,103380343.0,,0.0,,,,,,,,,,347.78,48.2,27.05,18.49,39002.22,,79.37,5.72,11.2,33.7,,13.05,84.63,0.92,123951696.0,,,,,Japan,Asia,0.221,0.0603,60.2606,27271.5688,84.4725,83.4037,0.0,0.0,0.0,0.0,0.0,0.0,0.0,0.0,0.0
JPN,Asia,Japan,2023-09-27,33803572.0,0.0,0.0,74694.0,0.0,0.0,270433.8,0.0,0.0,597.56,0.0,0.0,,274.0,2.21,14826.0,119.61,,,,,,,,,,,,,,,104705133.0,103380343.0,,0.0,,,,,,,,,,347.78,48.2,27.05,18.49,39002.22,,79.37,5.72,11.2,33.7,,13.05,84.63,0.92,123951696.0,,,,,Japan,Asia,0.221,0.0603,60.2606,27271.5688,84.4725,83.4037,0.0,0.0,0.0,0.0,0.0,0.0,0.0,0.0,0.0
JPN,Asia,Japan,2023-10-11,33803572.0,0.0,0.0,74694.0,0.0,0.0,270433.8,0.0,0.0,597.56,0.0,0.0,,173.0,1.4,8548.0,68.96,,,,,,,,,,,,,,,104705133.0,103380343.0,,0.0,,,,,,,,,,347.78,48.2,27.05,18.49,39002.22,,79.37,5.72,11.2,33.7,,13.05,84.63,0.92,123951696.0,,,,,Japan,Asia,0.221,0.0603,60.2606,27271.5688,84.4725,83.4037,0.0,0.0,0.0,0.0,0.0,0.0,0.0,0.0,0.0
JPN,Asia,Japan,2023-10-18,33803572.0,0.0,0.0,74694.0,0.0,0.0,270433.8,0.0,0.0,597.56,0.0,0.0,,138.0,1.11,6986.0,56.36,,,,,,,,,,,,,,,104705133.0,103380343.0,,0.0,,,,,,,,,,347.78,48.2,27.05,18.49,39002.22,,79.37,5.72,11.2,33.7,,13.05,84.63,0.92,123951696.0,,,,,Japan,Asia,0.221,0.0603,60.2606,27271.5688,84.4725,83.4037,0.0,0.0,0.0,0.0,0.0,0.0,0.0,0.0,0.0
JPN,Asia,Japan,2023-10-21,33803572.0,0.0,0.0,74694.0,0.0,0.0,270433.8,0.0,0.0,597.56,0.0,0.0,,,,,,,,,,,,,,,,,,,,104705133.0,103380343.0,,0.0,,,,,,,,,,347.78,48.2,27.05,18.49,39002.22,,79.37,5.72,11.2,33.7,,13.05,84.63,0.92,123951696.0,,,,,Japan,Asia,0.221,0.0603,60.2606,27271.5688,84.4725,83.4037,0.0,0.0,0.0,0.0,0.0,0.0,0.0,0.0,0.0
JPN,Asia,Japan,2023-10-25,33803572.0,0.0,0.0,74694.0,0.0,0.0,270433.8,0.0,0.0,597.56,0.0,0.0,,106.0,0.86,5806.0,46.84,,,,,,,,,,,,,,,104705133.0,103380343.0,,0.0,,,,,,,,,,347.78,48.2,27.05,18.49,39002.22,,79.37,5.72,11.2,33.7,,13.05,84.63,0.92,123951696.0,,,,,Japan,Asia,0.221,0.0603,60.2606,27271.5688,84.4725,83.4037,0.0,0.0,0.0,0.0,0.0,0.0,0.0,0.0,0.0
JPN,Asia,Japan,2023-11-09,33803572.0,0.0,0.0,74694.0,0.0,0.0,270433.8,0.0,0.0,597.56,0.0,0.0,,,,,,,,,,,,,,,,,,,,104705133.0,103380343.0,,0.0,,,,,,,,,,347.78,48.2,27.05,18.49,39002.22,,79.37,5.72,11.2,33.7,,13.05,84.63,0.92,123951696.0,,,,,Japan,Asia,0.221,0.0603,60.2606,27271.5688,84.4725,83.4037,0.0,0.0,0.0,0.0,0.0,0.0,0.0,0.0,0.0
JPN,Asia,Japan,2023-11-12,33803572.0,0.0,0.0,74694.0,0.0,0.0,270433.8,0.0,0.0,597.56,0.0,0.0,,,,,,,,,,,,,,,,,,,,104705133.0,103380343.0,,0.0,,,,,,,,,,347.78,48.2,27.05,18.49,39002.22,,79.37,5.72,11.2,33.7,,13.05,84.63,0.92,123951696.0,,,,,Japan,Asia,0.221,0.0603,60.2606,27271.5688,84.4725,83.4037,0.0,0.0,0.0,0.0,0.0,0.0,0.0,0.0,0.0
JPN,Asia,Japan,2023-11-14,33803572.0,0.0,0.0,74694.0,0.0,0.0,270433.8,0.0,0.0,597.56,0.0,0.0,,,,,,,,,,,,,,,,,,,,104705133.0,103380343.0,,0.0,,,,,,,,,,347.78,48.2,27.05,18.49,39002.22,,79.37,5.72,11.2,33.7,,13.05,84.63,0.92,123951696.0,,,,,Japan,Asia,0.221,0.0603,60.2606,27271.5688,84.4725,83.4037,0.0,0.0,0.0,0.0,0.0,0.0,0.0,0.0,0.0
JPN,Asia,Japan,2023-11-16,33803572.0,0.0,0.0,74694.0,0.0,0.0,270433.8,0.0,0.0,597.56,0.0,0.0,,,,,,,,,,,,,,,,,,,,104705133.0,103380343.0,,0.0,,,,,,,,,,347.78,48.2,27.05,18.49,39002.22,,79.37,5.72,11.2,33.7,,13.05,84.63,0.92,123951696.0,,,,,Japan,Asia,0.221,0.0603,60.2606,27271.5688,84.4725,83.4037,0.0,0.0,0.0,0.0,0.0,0.0,0.0,0.0,0.0
JPN,Asia,Japan,2023-11-17,33803572.0,0.0,0.0,74694.0,0.0,0.0,270433.8,0.0,0.0,597.56,0.0,0.0,,,,,,,,,,,,,,,,,,,,104705133.0,103380343.0,,0.0,,,,,,,,,,347.78,48.2,27.05,18.49,39002.22,,79.37,5.72,11.2,33.7,,13.05,84.63,0.92,123951696.0,,,,,Japan,Asia,0.221,0.0603,60.2606,27271.5688,84.4725,83.4037,0.0,0.0,0.0,0.0,0.0,0.0,0.0,0.0,0.0
JPN,Asia,Japan,2023-11-29,33803572.0,0.0,0.0,74694.0,0.0,0.0,270433.8,0.0,0.0,597.56,0.0,0.0,,59.0,0.48,5418.0,43.71,,,,,,,,,,,,,,,104705133.0,103380343.0,,0.0,,,,,,,,,,347.78,48.2,27.05,18.49,39002.22,,79.37,5.72,11.2,33.7,,13.05,84.63,0.92,123951696.0,,,,,Japan,Asia,0.221,0.0603,60.2606,27271.5688,84.4725,83.4037,0.0,0.0,0.0,0.0,0.0,0.0,0.0,0.0,0.0
JPN,Asia,Japan,2023-12-07,33803572.0,0.0,0.0,74694.0,0.0,0.0,270433.8,0.0,0.0,597.56,0.0,0.0,,,,,,,,,,,,,,,,,,,,104705133.0,103380343.0,,0.0,,,,,,,,,,347.78,48.2,27.05,18.49,39002.22,,79.37,5.72,11.2,33.7,,13.05,84.63,0.92,123951696.0,,,,,Japan,Asia,0.221,0.0603,60.2606,27271.5688,84.4725,83.4037,0.0,0.0,0.0,0.0,0.0,0.0,0.0,0.0,0.0
JPN,Asia,Japan,2023-12-18,33803572.0,0.0,0.0,74694.0,0.0,0.0,270433.8,0.0,0.0,597.56,0.0,0.0,,,,,,,,,,,,,,,,,,,,104705133.0,103380343.0,,0.0,,,,,,,,,,347.78,48.2,27.05,18.49,39002.22,,79.37,5.72,11.2,33.7,,13.05,84.63,0.92,123951696.0,,,,,Japan,Asia,0.221,0.0603,60.2606,27271.5688,84.4725,83.4037,0.0,0.0,0.0,0.0,0.0,0.0,0.0,0.0,0.0
JPN,Asia,Japan,2024-01-03,33803572.0,0.0,0.0,74694.0,0.0,0.0,270433.8,0.0,0.0,597.56,0.0,0.0,,129.0,1.04,11065.0,89.27,,,,,,,,,,,,,,,104705133.0,103380343.0,,0.0,,,,,,,,,,347.78,48.2,27.05,18.49,39002.22,,79.37,5.72,11.2,33.7,,13.05,84.63,0.92,123951696.0,,,,,Japan,Asia,0.221,0.0603,60.2606,27271.5688,84.4725,83.4037,0.0,0.0,0.0,0.0,0.0,0.0,0.0,0.0,0.0
JPN,Asia,Japan,2024-01-08,33803572.0,0.0,0.0,74694.0,0.0,0.0,270433.8,0.0,0.0,597.56,0.0,0.0,,,,,,,,,,,,,,,,,,,,104705133.0,103380343.0,,0.0,,,,,,,,,,347.78,48.2,27.05,18.49,39002.22,,79.37,5.72,11.2,33.7,,13.05,84.63,0.92,123951696.0,,,,,Japan,Asia,0.221,0.0603,60.2606,27271.5688,84.4725,83.4037,0.0,0.0,0.0,0.0,0.0,0.0,0.0,0.0,0.0
JPN,Asia,Japan,2024-01-16,33803572.0,0.0,0.0,74694.0,0.0,0.0,270433.8,0.0,0.0,597.56,0.0,0.0,,,,,,,,,,,,,,,,,,,,104705133.0,103380343.0,,0.0,,,,,,,,,,347.78,48.2,27.05,18.49,39002.22,,79.37,5.72,11.2,33.7,,13.05,84.63,0.92,123951696.0,,,,,Japan,Asia,0.221,0.0603,60.2606,27271.5688,84.4725,83.4037,0.0,0.0,0.0,0.0,0.0,0.0,0.0,0.0,0.0
JPN,Asia,Japan,2024-01-24,33803572.0,0.0,0.0,74694.0,0.0,0.0,270433.8,0.0,0.0,597.56,0.0,0.0,,257.0,2.07,21446.0,173.02,,,,,,,,,,,,,,,104705133.0,103380343.0,,0.0,,,,,,,,,,347.78,48.2,27.05,18.49,39002.22,,79.37,5.72,11.2,33.7,,13.05,84.63,0.92,123951696.0,,,,,Japan,Asia,0.221,0.0603,60.2606,27271.5688,84.4725,83.4037,0.0,0.0,0.0,0.0,0.0,0.0,0.0,0.0,0.0
JPN,Asia,Japan,2024-01-28,33803572.0,0.0,0.0,74694.0,0.0,0.0,270433.8,0.0,0.0,597.56,0.0,0.0,,,,,,,,,,,,,,,,,,,,104705133.0,103380343.0,,0.0,,,,,,,,,,347.78,48.2,27.05,18.49,39002.22,,79.37,5.72,11.2,33.7,,13.05,84.63,0.92,123951696.0,,,,,Japan,Asia,0.221,0.0603,60.2606,27271.5688,84.4725,83.4037,0.0,0.0,0.0,0.0,0.0,0.0,0.0,0.0,0.0
JPN,Asia,Japan,2024-02-10,33803572.0,0.0,0.0,74694.0,0.0,0.0,270433.8,0.0,0.0,597.56,0.0,0.0,,,,,,,,,,,,,,,,,,,,104705133.0,103380343.0,,0.0,,,,,,,,,,347.78,48.2,27.05,18.49,39002.22,,79.37,5.72,11.2,33.7,,13.05,84.63,0.92,123951696.0,,,,,Japan,Asia,0.221,0.0603,60.2606,27271.5688,84.4725,83.4037,0.0,0.0,0.0,0.0,0.0,0.0,0.0,0.0,0.0
JPN,Asia,Japan,2024-02-14,33803572.0,0.0,0.0,74694.0,0.0,0.0,270433.8,0.0,0.0,597.56,0.0,0.0,,273.0,2.2,21569.0,174.01,,,,,,,,,,,,,,,104705133.0,103380343.0,,0.0,,,,,,,,,,347.78,48.2,27.05,18.49,39002.22,,79.37,5.72,11.2,33.7,,13.05,84.63,0.92,123951696.0,,,,,Japan,Asia,0.221,0.0603,60.2606,27271.5688,84.4725,83.4037,0.0,0.0,0.0,0.0,0.0,0.0,0.0,0.0,0.0
JPN,Asia,Japan,2024-02-24,33803572.0,0.0,0.0,74694.0,0.0,0.0,270433.8,0.0,0.0,597.56,0.0,0.0,,,,,,,,,,,,,,,,,,,,104705133.0,103380343.0,,0.0,,,,,,,,,,347.78,48.2,27.05,18.49,39002.22,,79.37,5.72,11.2,33.7,,13.05,84.63,0.92,123951696.0,,,,,Japan,Asia,0.221,0.0603,60.2606,27271.5688,84.4725,83.4037,0.0,0.0,0.0,0.0,0.0,0.0,0.0,0.0,0.0
JPN,Asia,Japan,2024-02-26,33803572.0,0.0,0.0,74694.0,0.0,0.0,270433.8,0.0,0.0,597.56,0.0,0.0,,,,,,,,,,,,,,,,,,,,104705133.0,103380343.0,,0.0,,,,,,,,,,347.78,48.2,27.05,18.49,39002.22,,79.37,5.72,11.2,33.7,,13.05,84.63,0.92,123951696.0,,,,,Japan,Asia,0.221,0.0603,60.2606,27271.5688,84.4725,83.4037,0.0,0.0,0.0,0.0,0.0,0.0,0.0,0.0,0.0
JPN,Asia,Japan,2024-03-09,33803572.0,0.0,0.0,74694.0,0.0,0.0,270433.8,0.0,0.0,597.56,0.0,0.0,,,,,,,,,,,,,,,,,,,,104705133.0,103380343.0,,0.0,,,,,,,,,,347.78,48.2,27.05,18.49,39002.22,,79.37,5.72,11.2,33.7,,13.05,84.63,0.92,123951696.0,,,,,Japan,Asia,0.221,0.0603,60.2606,27271.5688,84.4725,83.4037,0.0,0.0,0.0,0.0,0.0,0.0,0.0,0.0,0.0
JPN,Asia,Japan,2024-03-21,33803572.0,0.0,0.0,74694.0,0.0,0.0,270433.8,0.0,0.0,597.56,0.0,0.0,,,,,,,,,,,,,,,,,,,,104705133.0,103380343.0,,0.0,,,,,,,,,,347.78,48.2,27.05,18.49,39002.22,,79.37,5.72,11.2,33.7,,13.05,84.63,0.92,123951696.0,,,,,Japan,Asia,0.221,0.0603,60.2606,27271.5688,84.4725,83.4037,0.0,0.0,0.0,0.0,0.0,0.0,0.0,0.0,0.0
JPN,Asia,Japan,2024-03-22,33803572.0,0.0,0.0,74694.0,0.0,0.0,270433.8,0.0,0.0,597.56,0.0,0.0,,,,,,,,,,,,,,,,,,,,104705133.0,103380343.0,,0.0,,,,,,,,,,347.78,48.2,27.05,18.49,39002.22,,79.37,5.72,11.2,33.7,,13.05,84.63,0.92,123951696.0,,,,,Japan,Asia,0.221,0.0603,60.2606,27271.5688,84.4725,83.4037,0.0,0.0,0.0,0.0,0.0,0.0,0.0,0.0,0.0
JPN,Asia,Japan,2024-04-01,33803572.0,0.0,0.0,74694.0,0.0,0.0,270433.8,0.0,0.0,597.56,0.0,0.0,,,,,,,,,,,,,,,,,,,,104705133.0,103380343.0,,0.0,,,,,,,,,,347.78,48.2,27.05,18.49,39002.22,,79.37,5.72,11.2,33.7,,13.05,84.63,0.92,123951696.0,,,,,Japan,Asia,0.221,0.0603,60.2606,27271.5688,84.4725,83.4037,0.0,0.0,0.0,0.0,0.0,0.0,0.0,0.0,0.0
JPN,Asia,Japan,2024-04-02,33803572.0,0.0,0.0,74694.0,0.0,0.0,270433.8,0.0,0.0,597.56,0.0,0.0,,,,,,,,,,,,,,,,,,,,104705133.0,103380343.0,,0.0,,,,,,,,,,347.78,48.2,27.05,18.49,39002.22,,79.37,5.72,11.2,33.7,,13.05,84.63,0.92,123951696.0,,,,,Japan,Asia,0.221,0.0603,60.2606,27271.5688,84.4725,83.4037,0.0,0.0,0.0,0.0,0.0,0.0,0.0,0.0,0.0
JPN,Asia,Japan,2024-04-06,33803572.0,0.0,0.0,74694.0,0.0,0.0,270433.8,0.0,0.0,597.56,0.0,0.0,,,,,,,,,,,,,,,,,,,,104705133.0,103380343.0,,0.0,,,,,,,,,,347.78,48.2,27.05,18.49,39002.22,,79.37,5.72,11.2,33.7,,13.05,84.63,0.92,123951696.0,,,,,Japan,Asia,0.221,0.0603,60.2606,27271.5688,84.4725,83.4037,0.0,0.0,0.0,0.0,0.0,0.0,0.0,0.0,0.0
JPN,Asia,Japan,2024-04-20,33803572.0,0.0,0.0,74694.0,0.0,0.0,270433.8,0.0,0.0,597.56,0.0,0.0,,,,,,,,,,,,,,,,,,,,104705133.0,103380343.0,,0.0,,,,,,,,,,347.78,48.2,27.05,18.49,39002.22,,79.37,5.72,11.2,33.7,,13.05,84.63,0.92,123951696.0,,,,,Japan,Asia,0.221,0.0603,60.2606,27271.5688,84.4725,83.4037,0.0,0.0,0.0,0.0,0.0,0.0,0.0,0.0,0.0
JPN,Asia,Japan,2024-05-07,33803572.0,0.0,0.0,74694.0,0.0,0.0,270433.8,0.0,0.0,597.56,0.0,0.0,,,,,,,,,,,,,,,,,,,,104705133.0,103380343.0,,0.0,,,,,,,,,,347.78,48.2,27.05,18.49,39002.22,,79.37,5.72,11.2,33.7,,13.05,84.63,0.92,123951696.0,,,,,Japan,Asia,0.221,0.0603,60.2606,27271.5688,84.4725,83.4037,0.0,0.0,0.0,0.0,0.0,0.0,0.0,0.0,0.0
JPN,Asia,Japan,2024-05-08,33803572.0,0.0,0.0,74694.0,0.0,0.0,270433.8,0.0,0.0,597.56,0.0,0.0,,,,,,,,,,,,,,,,,,,,104705133.0,103380343.0,,0.0,,,,,,,,,,347.78,48.2,27.05,18.49,39002.22,,79.37,5.72,11.2,33.7,,13.05,84.63,0.92,123951696.0,,,,,Japan,Asia,0.221,0.0603,60.2606,27271.5688,84.4725,83.4037,0.0,0.0,0.0,0.0,0.0,0.0,0.0,0.0,0.0
JPN,Asia,Japan,2024-05-10,33803572.0,0.0,0.0,74694.0,0.0,0.0,270433.8,0.0,0.0,597.56,0.0,0.0,,,,,,,,,,,,,,,,,,,,104705133.0,103380343.0,,0.0,,,,,,,,,,347.78,48.2,27.05,18.49,39002.22,,79.37,5.72,11.2,33.7,,13.05,84.63,0.92,123951696.0,,,,,Japan,Asia,0.221,0.0603,60.2606,27271.5688,84.4725,83.4037,0.0,0.0,0.0,0.0,0.0,0.0,0.0,0.0,0.0
JPN,Asia,Japan,2024-05-12,33803572.0,0.0,0.0,74694.0,0.0,0.0,270433.8,0.0,0.0,597.56,0.0,0.0,,,,,,,,,,,,,,,,,,,,104705133.0,103380343.0,,0.0,,,,,,,,,,347.78,48.2,27.05,18.49,39002.22,,79.37,5.72,11.2,33.7,,13.05,84.63,0.92,123951696.0,,,,,Japan,Asia,0.221,0.0603,60.2606,27271.5688,84.4725,83.4037,0.0,0.0,0.0,0.0,0.0,0.0,0.0,0.0,0.0
JPN,Asia,Japan,2024-06-18,33803572.0,0.0,0.0,74694.0,0.0,0.0,270433.8,0.0,0.0,597.56,0.0,0.0,,,,,,,,,,,,,,,,,,,,104705133.0,103380343.0,,0.0,,,,,,,,,,347.78,48.2,27.05,18.49,39002.22,,79.37,5.72,11.2,33.7,,13.05,84.63,0.92,123951696.0,,,,,Japan,Asia,0.221,0.0603,60.2606,27271.5688,84.4725,83.4037,0.0,0.0,0.0,0.0,0.0,0.0,0.0,0.0,0.0
JPN,Asia,Japan,2024-07-18,33803572.0,0.0,0.0,74694.0,0.0,0.0,270433.8,0.0,0.0,597.56,0.0,0.0,,,,,,,,,,,,,,,,,,,,104705133.0,103380343.0,,0.0,,,,,,,,,,347.78,48.2,27.05,18.49,39002.22,,79.37,5.72,11.2,33.7,,13.05,84.63,0.92,123951696.0,,,,,Japan,Asia,0.221,0.0603,60.2606,27271.5688,84.4725,83.4037,0.0,0.0,0.0,0.0,0.0,0.0,0.0,0.0,0.0
JPN,Asia,Japan,2024-07-28,33803572.0,0.0,0.0,74694.0,0.0,0.0,270433.8,0.0,0.0,597.56,0.0,0.0,,,,,,,,,,,,,,,,,,,,104705133.0,103380343.0,,0.0,,,,,,,,,,347.78,48.2,27.05,18.49,39002.22,,79.37,5.72,11.2,33.7,,13.05,84.63,0.92,123951696.0,,,,,Japan,Asia,0.221,0.0603,60.2606,27271.5688,84.4725,83.4037,0.0,0.0,0.0,0.0,0.0,0.0,0.0,0.0,0.0
JPN,Asia,Japan,2024-07-29,33803572.0,0.0,0.0,74694.0,0.0,0.0,270433.8,0.0,0.0,597.56,0.0,0.0,,,,,,,,,,,,,,,,,,,,104705133.0,103380343.0,,0.0,,,,,,,,,,347.78,48.2,27.05,18.49,39002.22,,79.37,5.72,11.2,33.7,,13.05,84.63,0.92,123951696.0,,,,,Japan,Asia,0.221,0.0603,60.2606,27271.5688,84.4725,83.4037,0.0,0.0,0.0,0.0,0.0,0.0,0.0,0.0,0.0
JPN,Asia,Japan,2024-08-01,33803572.0,0.0,0.0,74694.0,0.0,0.0,270433.8,0.0,0.0,597.56,0.0,0.0,,,,,,,,,,,,,,,,,,,,104705133.0,103380343.0,,0.0,,,,,,,,,,347.78,48.2,27.05,18.49,39002.22,,79.37,5.72,11.2,33.7,,13.05,84.63,0.92,123951696.0,,,,,Japan,Asia,0.221,0.0603,60.2606,27271.5688,84.4725,83.4037,0.0,0.0,0.0,0.0,0.0,0.0,0.0,0.0,0.0
JPN,Asia,Japan,2024-08-03,33803572.0,0.0,0.0,74694.0,0.0,0.0,270433.8,0.0,0.0,597.56,0.0,0.0,,,,,,,,,,,,,,,,,,,,104705133.0,103380343.0,,0.0,,,,,,,,,,347.78,48.2,27.05,18.49,39002.22,,79.37,5.72,11.2,33.7,,13.05,84.63,0.92,123951696.0,,,,,Japan,Asia,0.221,0.0603,60.2606,27271.5688,84.4725,83.4037,0.0,0.0,0.0,0.0,0.0,0.0,0.0,0.0,0.0
JPN,Asia,Japan,2024-08-04,33803572.0,0.0,0.0,74694.0,0.0,0.0,270433.8,0.0,0.0,597.56,0.0,0.0,,,,,,,,,,,,,,,,,,,,104705133.0,103380343.0,,0.0,,,,,,,,,,347.78,48.2,27.05,18.49,39002.22,,79.37,5.72,11.2,33.7,,13.05,84.63,0.92,123951696.0,,,,,Japan,Asia,0.221,0.0603,60.2606,27271.5688,84.4725,83.4037,0.0,0.0,0.0,0.0,0.0,0.0,0.0,0.0,0.0
GBR,Europe,United Kingdom,2020-01-09,0.0,0.0,,0.0,0.0,,0.0,0.0,,0.0,0.0,,,,,,,,,,,,,,,,,,,,,0.0,0.0,,0.0,,,,,,,,,0.0,272.9,40.8,18.52,12.53,39753.24,0.2,122.14,4.28,20.0,24.7,,2.54,81.32,0.93,67508936.0,,,,,United Kingdom,Europe,0.0,0.0,0.0,0.0,0.0,0.0,0.0,0.0,0.0,0.0,0.0,0.0,0.0,0.0,0.0
GBR,Europe,United Kingdom,2020-01-14,0.0,0.0,0.0,0.0,0.0,0.0,0.0,0.0,0.0,0.0,0.0,0.0,,,,,,,,,,,,,,,,,,,,0.0,0.0,,0.0,,,,,,,,,0.0,272.9,40.8,18.52,12.53,39753.24,0.2,122.14,4.28,20.0,24.7,,2.54,81.32,0.93,67508936.0,,,,,United Kingdom,Europe,0.0,0.0,0.0,0.0,0.0,0.0,0.0,0.0,0.0,0.0,0.0,0.0,0.0,0.0,0.0
GBR,Europe,United Kingdom,2020-01-18,0.0,0.0,0.0,0.0,0.0,0.0,0.0,0.0,0.0,0.0,0.0,0.0,,,,,,,,,,,,,,,,,,,,0.0,0.0,,0.0,,,,,,,,,0.0,272.9,40.8,18.52,12.53,39753.24,0.2,122.14,4.28,20.0,24.7,,2.54,81.32,0.93,67508936.0,,,,,United Kingdom,Europe,0.0,0.0,0.0,0.0,0.0,0.0,0.0,0.0,0.0,0.0,0.0,0.0,0.0,0.0,0.0
GBR,Europe,United Kingdom,2020-01-27,0.0,0.0,0.0,0.0,0.0,0.0,0.0,0.0,0.0,0.0,0.0,0.0,,,,,,,,,,,,,,,,,,,,0.0,0.0,,0.0,,,,,,,,,5.56,272.9,40.8,18.52,12.53,39753.24,0.2,122.14,4.28,20.0,24.7,,2.54,81.32,0.93,67508936.0,,,,,United Kingdom,Europe,0.0,0.0,0.0,0.0,0.0,0.0,0.0,0.0,0.0,0.0,0.0,0.0,0.0,0.0,0.0
GBR,Europe,United Kingdom,2020-01-30,0.0,0.0,0.0,0.0,0.0,0.0,0.0,0.0,0.0,0.0,0.0,0.0,,,,,,,,,,,,,,,,,,,,0.0,0.0,,0.0,,,,,,,,,5.56,272.9,40.8,18.52,12.53,39753.24,0.2,122.14,4.28,20.0,24.7,,2.54,81.32,0.93,67508936.0,,,,,United Kingdom,Europe,0.0,0.0,0.0,0.0,0.0,0.0,0.0,0.0,0.0,0.0,0.0,0.0,0.0,0.0,0.0
GBR,Europe,United Kingdom,2020-02-06,1.0,0.0,0.14,1.0,0.0,0.14,0.02,0.0,0.0,0.02,0.0,0.0,,,,,,,,,,,,,,,,,,,,0.0,0.0,,0.0,,,,,,,,,11.11,272.9,40.8,18.52,12.53,39753.24,0.2,122.14,4.28,20.0,24.7,,2.54,81.32,0.93,67508936.0,,,,,United Kingdom,Europe,100.0,0.0,0.0015,0.0015,0.0,0.0,0.14,0.07,0.03,0.14,0.07,0.03,0.0,0.0,0.0
GBR,Europe,United Kingdom,2020-02-16,32.0,11.0,1.57,2.0,0.0,0.0,0.47,0.16,0.02,0.03,0.0,0.0,,,,,,,,,,,,,,,,,,,,0.0,0.0,,0.0,,,,,,,,,11.11,272.9,40.8,18.52,12.53,39753.24,0.2,122.14,4.28,20.0,24.7,,2.54,81.32,0.93,67508936.0,-3845.7,-3.85,-6.41,-57.35,United Kingdom,Europe,6.25,0.0,0.003,0.0474,0.0,0.0,1.57,2.21,1.07,0.0,0.07,0.07,-45.1,-45.1,0.0
GBR,Europe,United Kingdom,2020-02-17,32.0,0.0,1.57,2.0,0.0,0.0,0.47,0.0,0.02,0.03,0.0,0.0,,,,,,,,,,,,,,,,,,,,0.0,0.0,,0.0,,,,,,,,,11.11,272.9,40.8,18.52,12.53,39753.24,0.2,122.14,4.28,20.0,24.7,,2.54,81.32,0.93,67508936.0,,,,,United Kingdom,Europe,6.25,0.0,0.003,0.0474,0.0,0.0,1.57,2.21,1.07,0.0,0.07,0.07,0.0,-45.1,0.0
GBR,Europe,United Kingdom,2020-02-18,32.0,0.0,1.57,2.0,0.0,0.0,0.47,0.0,0.02,0.03,0.0,0.0,,,,,,,,,,,,,,,,,,,,0.0,0.0,,0.0,,,,,,,,,11.11,272.9,40.8,18.52,12.53,39753.24,0.2,122.14,4.28,20.0,24.7,,2.54,81.32,0.93,67508936.0,,,,,United Kingdom,Europe,6.25,0.0,0.003,0.0474,0.0,0.0,1.57,2.21,1.07,0.0,0.07,0.07,0.0,-45.1,0.0
GBR,Europe,United Kingdom,2020-02-27,35.0,0.0,0.43,2.0,0.0,0.0,0.51,0.0,0.01,0.03,0.0,0.0,,,,,,,,,,,,,,,,,,,,0.0,0.0,,0.0,,,,,,,,,11.11,272.9,40.8,18.52,12.53,39753.24,0.2,122.14,4.28,20.0,24.7,,2.54,81.32,0.93,67508936.0,,,,,United Kingdom,Europe,5.7143,0.0,0.003,0.0518,0.0,0.0,0.43,1.0,1.17,0.0,0.0,0.07,0.0,-72.61,0.0
GBR,Europe,United Kingdom,2020-03-23,7735.0,0.0,779.29,484.0,0.0,61.29,113.45,0.0,11.43,7.1,0.0,0.9,2.08,,,,,,,,,,,,,,,,,,,0.0,0.0,,0.0,,,,,,,,,78.24,272.9,40.8,18.52,12.53,39753.24,0.2,122.14,4.28,20.0,24.7,,2.54,81.32,0.93,67508936.0,,,,,United Kingdom,Europe,6.2573,0.0007,0.7169,11.4577,0.0,0.0,779.29,525.43,256.77,61.29,33.93,16.07,0.0,186.96,49536.31
GBR,Europe,United Kingdom,2020-03-27,7735.0,0.0,779.29,484.0,0.0,61.29,113.45,0.0,11.43,7.1,0.0,0.9,1.89,,,,,,,,,,,,,,,,,,,0.0,0.0,,0.0,,,,,,,,,79.63,272.9,40.8,18.52,12.53,39753.24,0.2,122.14,4.28,20.0,24.7,,2.54,81.32,0.93,67508936.0,,,,,United Kingdom,Europe,6.2573,0.0007,0.7169,11.4577,0.0,0.0,779.29,525.43,256.67,61.29,33.93,16.07,0.0,186.96,181130.23
GBR,Europe,United Kingdom,2020-04-06,52599.0,0.0,4116.86,8111.0,0.0,803.14,771.48,0.0,60.38,118.97,0.0,11.78,1.41,2644.0,39.16,19252.0,285.18,,,,,265885.0,14316.0,3.95,0.21,,,,,tests performed,,0.0,0.0,,0.0,,,,,,,,,79.63,272.9,40.8,18.52,12.53,39753.24,0.2,122.14,4.28,20.0,24.7,,2.54,81.32,0.93,67508936.0,,,,,United Kingdom,Europe,15.4204,0.012,12.0147,77.9141,0.0,0.0,4116.86,3204.57,1751.03,803.14,544.79,270.27,0.0,79.6,87306.79
GBR,Europe,United Kingdom,2020-04-07,52599.0,0.0,4116.86,8111.0,0.0,803.14,771.48,0.0,60.38,118.97,0.0,11.78,1.37,2864.0,42.42,20000.0,296.26,,,21649.0,320.68,280304.0,14419.0,4.17,0.21,17876.0,0.27,0.27,3.8,tests performed,,0.0,0.0,,0.0,,,,,,,,,79.63,272.9,40.8,18.52,12.53,39753.24,0.2,122.14,4.28,20.0,24.7,,2.54,81.32,0.93,67508936.0,,,,,United Kingdom,Europe,15.4204,0.012,12.0147,77.9141,0.0,0.0,4116.86,3204.57,1740.67,803.14,544.79,270.07,0.0,79.6,9165.95
GBR,Europe,United Kingdom,2020-04-11,52599.0,0.0,4116.86,8111.0,0.0,803.14,771.48,0.0,60.38,118.97,0.0,11.78,1.24,3274.0,48.5,21075.0,312.18,,,19237.0,284.96,350575.0,17650.0,5.21,0.26,15963.0,0.24,0.29,3.5,tests performed,,0.0,0.0,,0.0,,,,,,,,,79.63,272.9,40.8,18.52,12.53,39753.24,0.2,122.14,4.28,20.0,24.7,,2.54,81.32,0.93,67508936.0,,,,,United Kingdom,Europe,15.4204,0.012,12.0147,77.9141,0.0,0.0,4116.86,3204.57,1740.67,803.14,544.79,270.07,0.0,79.6,9165.95
GBR,Europe,United Kingdom,2020-05-19,225601.0,0.0,2859.86,47468.0,0.0,462.86,3308.94,0.0,41.95,696.22,0.0,6.79,0.81,1106.0,16.38,9908.0,146.77,,,6028.0,89.29,2332060.0,71372.0,34.66,1.06,78438.0,1.17,0.03,30.6,tests performed,,0.0,0.0,,0.0,,,,,,,,,71.3,272.9,40.8,18.52,12.53,39753.24,0.2,122.14,4.28,20.0,24.7,,2.54,81.32,0.93,67508936.0,,,,,United Kingdom,Europe,21.0407,0.0703,70.3137,334.1795,0.0,0.0,2859.86,3146.14,3646.77,462.86,553.43,710.03,0.0,-16.68,-35.36
GBR,Europe,United Kingdom,2020-06-01,254220.0,0.0,1673.29,52003.0,0.0,280.86,3728.7,0.0,24.54,762.74,0.0,4.12,0.76,652.0,9.66,7171.0,106.22,,,4403.0,65.22,3403873.0,64722.0,50.59,0.96,77759.0,1.16,0.02,52.9,tests performed,,0.0,0.0,,0.0,,,,,,,,,67.59,272.9,40.8,18.52,12.53,39753.24,0.2,122.14,4.28,20.0,24.7,,2.54,81.32,0.93,67508936.0,,,,,United Kingdom,Europe,20.4559,0.077,77.0313,376.5724,0.0,0.0,1673.29,2044.21,3483.87,280.86,323.93,604.77,0.0,-30.72,-65.04
GBR,Europe,United Kingdom,2020-06-03,254220.0,0.0,1673.29,52003.0,0.0,280.86,3728.7,0.0,24.54,762.74,0.0,4.12,0.76,602.0,8.92,6750.0,99.99,,,4302.0,63.72,3587330.0,96803.0,53.32,1.44,84785.0,1.26,0.02,61.5,tests performed,,0.0,0.0,,0.0,,,,,,,,,67.59,272.9,40.8,18.52,12.53,39753.24,0.2,122.14,4.28,20.0,24.7,,2.54,81.32,0.93,67508936.0,,,,,United Kingdom,Europe,20.4559,0.077,77.0313,376.5724,0.0,0.0,1673.29,2044.21,2422.17,280.86,323.93,409.43,0.0,-30.72,-63.23
GBR,Europe,United Kingdom,2020-06-11,263104.0,0.0,1269.14,53419.0,0.0,202.29,3859.0,0.0,18.61,783.51,0.0,2.97,0.8,390.0,5.78,5132.0,76.02,,,3128.0,46.34,4349254.0,100173.0,64.64,1.49,95211.0,1.42,0.01,94.7,tests performed,,0.0,0.0,,0.0,,,,,,,,,73.15,272.9,40.8,18.52,12.53,39753.24,0.2,122.14,4.28,20.0,24.7,,2.54,81.32,0.93,67508936.0,,,,,United Kingdom,Europe,20.3034,0.0791,79.1288,389.7321,0.0,0.0,1269.14,1471.21,1917.4,202.29,241.57,306.37,0.0,-24.15,-63.03
GBR,Europe,United Kingdom,2020-06-12,263104.0,0.0,1269.14,53419.0,0.0,202.29,3859.0,0.0,18.61,783.51,0.0,2.97,0.8,393.0,5.82,5045.0,74.73,,,3048.0,45.15,4445275.0,96021.0,66.07,1.43,94695.0,1.41,0.01,94.9,tests performed,,0.0,0.0,,0.0,,,,,,,,,73.15,272.9,40.8,18.52,12.53,39753.24,0.2,122.14,4.28,20.0,24.7,,2.54,81.32,0.93,67508936.0,,,,,United Kingdom,Europe,20.3034,0.0791,79.1288,389.7321,0.0,0.0,1269.14,1471.21,1917.4,202.29,241.57,306.37,0.0,-24.15,-63.03
GBR,Europe,United Kingdom,2020-08-01,300185.0,0.0,709.86,57102.0,0.0,29.43,4402.88,0.0,10.41,837.53,0.0,0.43,1.1,92.0,1.36,1272.0,18.84,,,856.0,12.68,9693382.0,130999.0,144.07,1.95,127907.0,1.9,0.01,170.1,tests performed,,0.0,0.0,,0.0,,,,,,,,,69.91,272.9,40.8,18.52,12.53,39753.24,0.2,122.14,4.28,20.0,24.7,,2.54,81.32,0.93,67508936.0,,,,,United Kingdom,Europe,19.0223,0.0846,84.5844,444.6597,0.0,0.0,709.86,664.93,595.57,29.43,32.79,42.27,0.0,14.49,-5.71
GBR,Europe,United Kingdom,2020-08-07,305709.0,0.0,789.14,57277.0,0.0,25.0,4483.9,0.0,11.58,840.09,0.0,0.37,1.12,67.0,0.99,1078.0,15.97,,,806.0,11.94,10556548.0,156140.0,156.9,2.32,142024.0,2.11,0.01,170.6,tests performed,,0.0,0.0,,0.0,,,,,,,,,69.91,272.9,40.8,18.52,12.53,39753.24,0.2,122.14,4.28,20.0,24.7,,2.54,81.32,0.93,67508936.0,,,,,United Kingdom,Europe,18.7358,0.0848,84.8436,452.8423,0.0,0.0,789.14,749.5,637.2,25.0,27.21,32.9,0.0,11.17,29.22
GBR,Europe,United Kingdom,2020-09-04,336506.0,0.0,1264.86,57786.0,0.0,14.29,4935.6,0.0,18.55,847.56,0.0,0.21,1.31,69.0,1.02,777.0,11.51,,,843.0,12.49,15205285.0,187732.0,226.0,2.79,173188.0,2.57,0.01,113.1,tests performed,,0.0,0.0,,0.0,,,,,,,,,64.35,272.9,40.8,18.52,12.53,39753.24,0.2,122.14,4.28,20.0,24.7,,2.54,81.32,0.93,67508936.0,,,,,United Kingdom,Europe,17.1724,0.0856,85.5976,498.4614,0.0,0.0,1264.86,1184.43,1026.57,14.29,15.21,16.97,0.0,14.57,60.28
GBR,Europe,United Kingdom,2020-09-08,352029.0,0.0,2217.57,57873.0,0.0,12.43,5163.28,0.0,32.53,848.84,0.0,0.18,1.35,80.0,1.18,850.0,12.59,,,1030.0,15.26,15934869.0,214308.0,236.84,3.18,183096.0,2.72,0.01,83.2,tests performed,,0.0,0.0,,0.0,,,,,,,,,64.35,272.9,40.8,18.52,12.53,39753.24,0.2,122.14,4.28,20.0,24.7,,2.54,81.32,0.93,67508936.0,,,,,United Kingdom,Europe,16.4398,0.0857,85.7264,521.4554,0.0,0.0,2217.57,1741.21,1330.07,12.43,13.36,15.03,0.0,75.32,141.87
GBR,Europe,United Kingdom,2020-09-24,400513.0,0.0,3692.86,58178.0,0.0,27.0,5874.41,0.0,54.16,853.31,0.0,0.4,1.39,243.0,3.6,1777.0,26.32,,,2349.0,34.8,19587292.0,257824.0,291.13,3.83,227403.0,3.38,0.02,45.8,tests performed,,0.0,0.0,,0.0,,,,,,,,,67.59,272.9,40.8,18.52,12.53,39753.24,0.2,122.14,4.28,20.0,24.7,,2.54,81.32,0.93,67508936.0,,,,,United Kingdom,Europe,14.5259,0.0862,86.1782,593.2741,0.0,0.0,3692.86,3463.14,2428.7,27.0,21.79,16.4,0.0,14.21,234.5
GBR,Europe,United Kingdom,2020-09-27,444906.0,44393.0,6341.86,58444.0,266.0,38.0,6525.53,651.12,93.02,857.21,3.9,0.56,1.38,276.0,4.09,2109.0,31.24,,,2604.0,38.57,20306688.0,226558.0,301.82,3.37,228315.0,3.39,0.03,39.2,tests performed,,0.0,0.0,,0.0,,,,,,,,,67.59,272.9,40.8,18.52,12.53,39753.24,0.2,122.14,4.28,20.0,24.7,,2.54,81.32,0.93,67508936.0,57009.49,12.47,1.09,850.13,United Kingdom,Europe,13.1363,0.0866,86.5722,659.0328,0.0,0.0,6341.86,5017.36,3908.47,38.0,32.5,25.27,71.73,71.73,474.44
GBR,Europe,United Kingdom,2020-10-03,444906.0,0.0,6341.86,58444.0,0.0,38.0,6525.53,0.0,93.02,857.21,0.0,0.56,1.46,369.0,5.47,2770.0,41.03,,,3232.0,47.88,21714760.0,251715.0,322.75,3.74,233519.0,3.47,0.03,32.2,tests performed,,0.0,0.0,,0.0,,,,,,,,,67.59,272.9,40.8,18.52,12.53,39753.24,0.2,122.14,4.28,20.0,24.7,,2.54,81.32,0.93,67508936.0,,,,,United Kingdom,Europe,13.1363,0.0866,86.5722,659.0328,0.0,0.0,6341.86,5017.36,3613.33,38.0,32.5,21.93,0.0,71.73,401.39
GBR,Europe,United Kingdom,2020-10-08,519016.0,0.0,10587.14,58856.0,0.0,58.86,7612.51,0.0,155.28,863.25,0.0,0.86,1.39,436.0,6.46,3969.0,58.79,,,4427.0,65.58,22943554.0,288639.0,341.01,4.29,247124.0,3.67,0.06,17.0,tests performed,,0.0,0.0,,0.0,,,,,,,,,67.59,272.9,40.8,18.52,12.53,39753.24,0.2,122.14,4.28,20.0,24.7,,2.54,81.32,0.93,67508936.0,,,,,United Kingdom,Europe,11.3399,0.0872,87.1825,768.8108,0.0,0.0,10587.14,8464.5,5566.23,58.86,48.43,32.77,0.0,66.94,377.42
GBR,Europe,United Kingdom,2020-10-23,749608.0,0.0,17154.0,60354.0,0.0,130.0,10994.65,0.0,251.6,885.22,0.0,1.91,1.19,744.0,11.02,8653.0,128.18,,,8168.0,120.99,27031550.0,311204.0,401.77,4.62,282841.0,4.2,0.07,14.0,tests performed,,0.0,0.0,,0.0,,,,,,,,,75.0,272.9,40.8,18.52,12.53,39753.24,0.2,122.14,4.28,20.0,24.7,,2.54,81.32,0.93,67508936.0,,,,,United Kingdom,Europe,8.0514,0.0894,89.4015,1110.3834,0.0,0.0,17154.0,16470.86,11636.5,130.0,107.0,72.53,0.0,8.65,364.52
GBR,Europe,United Kingdom,2020-11-03,1055061.0,0.0,21984.57,63803.0,0.0,284.86,15474.8,0.0,322.45,935.81,0.0,4.18,1.08,1144.0,16.95,13456.0,199.32,,,10412.0,154.23,29964977.0,259506.0,445.37,3.86,266971.0,3.97,0.08,12.0,tests performed,,0.0,0.0,,0.0,,,,,,,,,75.0,272.9,40.8,18.52,12.53,39753.24,0.2,122.14,4.28,20.0,24.7,,2.54,81.32,0.93,67508936.0,,,,,United Kingdom,Europe,6.0473,0.0945,94.5105,1562.8464,0.0,0.0,21984.57,21818.07,17868.17,284.86,246.36,164.9,0.0,1.54,107.65
GBR,Europe,United Kingdom,2020-11-14,1217321.0,0.0,23180.0,66361.0,0.0,365.43,17854.7,0.0,339.99,973.33,0.0,5.36,1.01,1365.0,20.22,15976.0,236.65,,,12358.0,183.06,33433743.0,328679.0,496.93,4.88,313375.0,4.66,0.08,12.7,tests performed,,0.0,0.0,,0.0,,,,,,,,,64.81,272.9,40.8,18.52,12.53,39753.24,0.2,122.14,4.28,20.0,24.7,,2.54,81.32,0.93,67508936.0,,,,,United Kingdom,Europe,5.4514,0.0983,98.2996,1803.1998,0.0,0.0,23180.0,22582.29,19593.03,365.43,325.14,230.57,0.0,5.44,46.82
GBR,Europe,United Kingdom,2020-11-21,1392601.0,0.0,25040.0,69400.0,0.0,434.14,20425.56,0.0,367.27,1017.9,0.0,6.37,0.93,1447.0,21.43,16726.0,247.76,,,11521.0,170.66,35602566.0,325380.0,529.16,4.84,309832.0,4.61,0.07,14.5,tests performed,,0.0,0.0,,0.0,,,,,,,,,67.59,272.9,40.8,18.52,12.53,39753.24,0.2,122.14,4.28,20.0,24.7,,2.54,81.32,0.93,67508936.0,,,,,United Kingdom,Europe,4.9835,0.1028,102.8012,2062.8395,0.0,0.0,25040.0,24110.0,21433.1,434.14,399.79,301.53,0.0,8.02,45.97
GBR,Europe,United Kingdom,2020-11-22,1533714.0,141113.0,20159.0,72696.0,3296.0,470.86,22495.3,2069.73,295.68,1066.25,48.34,6.91,0.93,1454.0,21.54,16921.0,250.65,,,11343.0,168.02,35838674.0,236108.0,532.67,3.51,306055.0,4.55,0.07,15.0,tests performed,,0.0,0.0,,0.0,,,,,,,,,67.59,272.9,40.8,18.52,12.53,39753.24,0.2,122.14,4.28,20.0,24.7,,2.54,81.32,0.93,67508936.0,66864.29,12.19,20.27,997.09,United Kingdom,Europe,4.7399,0.1077,107.6835,2271.8681,0.0,0.0,20159.0,22599.5,26136.87,470.86,452.5,411.4,-19.49,-19.49,17.52
GBR,Europe,United Kingdom,2020-12-12,1745164.0,0.0,15027.14,79415.0,0.0,469.57,25596.68,0.0,220.41,1164.8,0.0,6.89,1.15,1243.0,18.41,16524.0,244.77,,,11798.0,174.76,41894303.0,336259.0,622.68,5.0,314694.0,4.68,0.06,17.6,tests performed,,0.0,0.0,,0.0,,,,,,,,,67.59,272.9,40.8,18.52,12.53,39753.24,0.2,122.14,4.28,20.0,24.7,,2.54,81.32,0.93,67508936.0,,,,,United Kingdom,Europe,4.5506,0.1176,117.6363,2585.0859,0.0,0.0,15027.14,15103.57,17594.77,469.57,479.93,435.13,0.0,-1.01,-35.17
GBR,Europe,United Kingdom,2020-12-13,1883652.0,138488.0,19784.0,82631.0,3216.0,459.43,27627.91,2031.23,290.18,1211.97,47.17,6.74,1.16,1281.0,18.98,17149.0,254.03,,,12081.0,178.95,42191444.0,297141.0,627.09,4.42,320620.0,4.76,0.06,17.7,tests performed,,0.0,0.0,,0.0,,,,,,,,,67.59,272.9,40.8,18.52,12.53,39753.24,0.2,122.14,4.28,20.0,24.7,,2.54,81.32,0.93,67508936.0,72451.19,12.39,12.53,1080.4,United Kingdom,Europe,4.3867,0.1224,122.4001,2790.2262,0.0,0.0,19784.0,17405.57,22211.03,459.43,464.5,542.33,31.66,31.66,-14.65
GBR,Europe,United Kingdom,2020-12-22,2101364.0,0.0,31101.71,86248.0,0.0,516.71,30821.14,0.0,456.18,1265.02,0.0,7.58,1.25,1529.0,22.65,21085.0,312.33,,,15067.0,223.18,45563092.0,442489.0,677.21,6.58,400103.0,5.95,0.08,12.6,tests performed,,0.0,0.0,,0.0,,,,,,,,,76.85,272.9,40.8,18.52,12.53,39753.24,0.2,122.14,4.28,20.0,24.7,,2.54,81.32,0.93,67508936.0,,,,,United Kingdom,Europe,4.1044,0.1278,127.7579,3112.7198,0.0,0.0,31101.71,25442.86,18921.67,516.71,488.07,451.73,0.0,57.21,54.28
GBR,Europe,United Kingdom,2020-12-31,2344433.0,0.0,34724.14,90475.0,0.0,603.86,34386.28,0.0,509.31,1327.02,0.0,8.86,1.22,2122.0,31.43,26091.0,386.48,,,19983.0,296.0,49127610.0,497538.0,730.18,7.4,373535.0,5.55,0.11,8.7,tests performed,,0.0,0.0,,0.0,,,,,,,,,79.63,272.9,40.8,18.52,12.53,39753.24,0.2,122.14,4.28,20.0,24.7,,2.54,81.32,0.93,67508936.0,,,,,United Kingdom,Europe,3.8591,0.134,134.0193,3472.7743,0.0,0.0,34724.14,32912.93,23481.97,603.86,560.29,478.23,0.0,11.65,128.75
GBR,Europe,United Kingdom,2021-01-19,3462707.0,0.0,45411.57,111125.0,0.0,1256.29,50788.23,0.0,666.06,1629.89,0.0,18.43,0.87,3947.0,58.47,38357.0,568.18,,,27706.0,410.4,59094109.0,581826.0,878.32,8.65,556763.0,8.28,0.08,12.9,tests performed,5070365.0,4609740.0,460625.0,,346922.0,286118.0,7.51,6.83,0.68,,4238.0,281490.0,0.42,87.96,272.9,40.8,18.52,12.53,39753.24,0.2,122.14,4.28,20.0,24.7,,2.54,81.32,0.93,67508936.0,,,,,United Kingdom,Europe,3.2092,0.1646,164.6078,5129.2573,6.8283,0.6823,45411.57,52896.86,45378.1,1256.29,1101.36,829.23,0.0,-24.79,46.01
GBR,Europe,United Kingdom,2021-02-01,3880724.0,0.0,24553.57,129420.0,0.0,1224.57,56919.38,0.0,360.13,1898.23,0.0,17.96,0.75,3726.0,55.19,32572.0,482.48,,,19277.0,285.55,66916883.0,666192.0,994.59,9.9,638630.0,9.49,0.04,26.9,tests performed,10143511.0,9646715.0,496796.0,,352935.0,402534.0,15.03,14.29,0.74,,5963.0,399055.0,0.59,87.96,272.9,40.8,18.52,12.53,39753.24,0.2,122.14,4.28,20.0,24.7,,2.54,81.32,0.93,67508936.0,,,,,United Kingdom,Europe,3.3349,0.1917,191.708,5748.4597,14.2895,0.7359,24553.57,29858.36,51209.7,1224.57,1306.79,1298.17,0.0,-30.17,-29.29
GBR,Europe,United Kingdom,2021-02-24,4185806.0,0.0,11452.43,144999.0,0.0,552.0,61394.07,0.0,167.98,2126.73,0.0,8.1,0.76,2118.0,31.37,15378.0,227.79,,,8077.0,119.64,80513942.0,735678.0,1196.68,10.93,581447.0,8.64,0.02,55.4,tests performed,19392553.0,18691835.0,700718.0,,480575.0,342250.0,28.73,27.69,1.04,,5070.0,324108.0,0.48,86.11,272.9,40.8,18.52,12.53,39753.24,0.2,122.14,4.28,20.0,24.7,,2.54,81.32,0.93,67508936.0,,,,,United Kingdom,Europe,3.4641,0.2148,214.7849,6200.3732,27.6879,1.038,11452.43,12441.5,15898.57,552.0,637.43,805.03,0.0,-14.73,-67.43
GBR,Europe,United Kingdom,2021-03-01,4247290.0,0.0,8783.43,147643.0,0.0,377.71,62295.88,0.0,128.83,2165.51,0.0,5.54,0.76,1806.0,26.75,12743.0,188.76,,,6269.0,92.86,83549977.0,762849.0,1241.81,11.34,626073.0,9.3,0.01,78.4,tests performed,21322717.0,20478619.0,844098.0,,231450.0,394821.0,31.59,30.33,1.25,,5848.0,366063.0,0.54,86.11,272.9,40.8,18.52,12.53,39753.24,0.2,122.14,4.28,20.0,24.7,,2.54,81.32,0.93,67508936.0,,,,,United Kingdom,Europe,3.4762,0.2187,218.7014,6291.4486,30.3347,1.2504,8783.43,10117.93,17948.03,377.71,464.86,893.17,0.0,-23.31,-75.02
GBR,Europe,United Kingdom,2021-03-05,4247290.0,0.0,8783.43,147643.0,0.0,377.71,62295.88,0.0,128.83,2165.51,0.0,5.54,0.78,1542.0,22.84,10206.0,151.18,,,5159.0,76.42,87156599.0,992452.0,1295.41,14.75,753735.0,11.2,0.01,119.3,tests performed,22887118.0,21796278.0,1090840.0,,494235.0,348037.0,33.9,32.29,1.62,,5155.0,302033.0,0.45,86.11,272.9,40.8,18.52,12.53,39753.24,0.2,122.14,4.28,20.0,24.7,,2.54,81.32,0.93,67508936.0,,,,,United Kingdom,Europe,3.4762,0.2187,218.7014,6291.4486,32.2865,1.6158,8783.43,10117.93,12218.87,377.71,464.86,607.43,0.0,-23.31,-64.23
GBR,Europe,United Kingdom,2021-03-07,4288798.0,41508.0,5929.71,149444.0,1801.0,257.29,62904.68,608.81,86.97,2191.93,26.42,3.77,0.79,1394.0,20.65,9355.0,138.57,,,4813.0,71.29,88437767.0,812404.0,1314.45,12.08,807234.0,12.0,0.01,134.6,tests performed,23519898.0,22377255.0,1142643.0,,184384.0,346947.0,34.84,33.15,1.69,,5139.0,300258.0,0.44,86.11,272.9,40.8,18.52,12.53,39753.24,0.2,122.14,4.28,20.0,24.7,,2.54,81.32,0.93,67508936.0,114474.4,15.41,2.74,1701.44,United Kingdom,Europe,3.4845,0.2214,221.3692,6352.9338,33.1471,1.6926,5929.71,7356.57,13602.47,257.29,317.5,667.47,-32.49,-32.49,-75.85
GBR,Europe,United Kingdom,2021-03-19,4329114.0,0.0,5759.43,150700.0,0.0,179.43,63496.0,0.0,84.48,2210.35,0.0,2.63,0.87,830.0,12.3,5781.0,85.63,,,3078.0,45.59,105148680.0,995442.0,1562.83,14.8,1251684.0,18.6,0.0,234.3,tests performed,29015457.0,26878662.0,2136795.0,,740655.0,542657.0,42.98,39.81,3.17,,8038.0,456366.0,0.68,78.7,272.9,40.8,18.52,12.53,39753.24,0.2,122.14,4.28,20.0,24.7,,2.54,81.32,0.93,67508936.0,,,,,United Kingdom,Europe,3.4811,0.2232,223.2297,6412.6533,39.815,3.1652,5759.43,5844.57,7449.17,179.43,218.36,318.83,0.0,-2.87,-57.12
GBR,Europe,United Kingdom,2021-04-04,4432386.0,27123.0,3874.71,152639.0,428.0,61.14,65010.72,397.82,56.83,2238.79,6.28,0.9,0.82,469.0,6.95,3178.0,47.08,,,1652.0,24.47,121784429.0,834074.0,1810.08,12.4,850816.0,12.65,0.0,226.0,tests performed,37013749.0,31581623.0,5432126.0,,95763.0,412642.0,54.83,46.78,8.05,,6112.0,162334.0,0.24,70.37,272.9,40.8,18.52,12.53,39753.24,0.2,122.14,4.28,20.0,24.7,,2.54,81.32,0.93,67508936.0,109883.01,13.87,-18.69,1633.19,United Kingdom,Europe,3.4437,0.2261,226.1019,6565.6286,46.7814,8.0465,3874.71,4650.71,6169.87,61.14,77.29,166.53,-28.6,-28.6,-55.89
GBR,Europe,United Kingdom,2021-04-07,4432386.0,0.0,3874.71,152639.0,0.0,61.14,65010.72,0.0,56.83,2238.79,0.0,0.9,0.83,440.0,6.52,2970.0,43.99,,,1574.0,23.32,124428120.0,1065099.0,1849.38,15.83,795585.0,11.82,0.0,259.0,tests performed,37899029.0,31807124.0,6091905.0,,507926.0,319732.0,56.14,47.12,9.02,,4736.0,94240.0,0.14,70.37,272.9,40.8,18.52,12.53,39753.24,0.2,122.14,4.28,20.0,24.7,,2.54,81.32,0.93,67508936.0,,,,,United Kingdom,Europe,3.4437,0.2261,226.1019,6565.6286,47.1154,9.0238,3874.71,4650.71,4786.27,61.14,77.29,106.5,0.0,-28.6,-34.66
GBR,Europe,United Kingdom,2021-04-22,4470052.0,0.0,2476.57,153248.0,0.0,39.86,65563.17,0.0,36.32,2247.72,0.0,0.58,0.92,261.0,3.87,1759.0,26.06,,,1053.0,15.6,139627650.0,1229891.0,2075.29,18.28,1089722.0,16.2,0.0,437.0,tests performed,45012308.0,33388637.0,11623671.0,,562056.0,500934.0,66.68,49.46,17.22,,7420.0,116345.0,0.17,61.11,272.9,40.8,18.52,12.53,39753.24,0.2,122.14,4.28,20.0,24.7,,2.54,81.32,0.93,67508936.0,,,,,United Kingdom,Europe,3.4283,0.227,227.004,6621.4227,49.4581,17.218,2476.57,2690.43,3425.87,39.86,43.5,56.37,0.0,-14.73,-54.57
GBR,Europe,United Kingdom,2021-04-28,4486774.0,0.0,2388.86,153476.0,0.0,32.57,65808.44,0.0,35.04,2251.06,0.0,0.48,0.94,208.0,3.08,1483.0,21.97,,,950.0,14.07,145788879.0,1383683.0,2166.86,20.57,1055874.0,15.69,0.0,459.2,tests performed,48138009.0,34094048.0,14043961.0,,597025.0,526822.0,71.31,50.5,20.8,,7804.0,119485.0,0.18,61.11,272.9,40.8,18.52,12.53,39753.24,0.2,122.14,4.28,20.0,24.7,,2.54,81.32,0.93,67508936.0,,,,,United Kingdom,Europe,3.4206,0.2273,227.3418,6646.1927,50.503,20.8031,2388.86,2432.71,2717.03,32.57,36.21,42.17,0.0,-3.54,-55.98
GBR,Europe,United Kingdom,2021-04-30,4486774.0,0.0,2388.86,153476.0,0.0,32.57,65808.44,0.0,35.04,2251.06,0.0,0.48,0.94,185.0,2.74,1342.0,19.88,,,892.0,13.21,147718436.0,727001.0,2195.54,10.8,1044040.0,15.52,0.0,471.0,tests performed,49319518.0,34362205.0,14957313.0,,567374.0,529487.0,73.06,50.9,22.16,,7843.0,119683.0,0.18,61.11,272.9,40.8,18.52,12.53,39753.24,0.2,122.14,4.28,20.0,24.7,,2.54,81.32,0.93,67508936.0,,,,,United Kingdom,Europe,3.4206,0.2273,227.3418,6646.1927,50.9002,22.156,2388.86,2432.71,2717.03,32.57,36.21,42.17,0.0,-3.54,-55.98
GBR,Europe,United Kingdom,2021-05-11,4516283.0,0.0,2066.86,153751.0,0.0,17.71,66241.25,0.0,30.32,2255.1,0.0,0.26,1.04,138.0,2.04,1088.0,16.12,,,766.0,11.35,,,,,910264.0,13.53,0.0,400.8,tests performed,54160993.0,35722461.0,18438532.0,,485260.0,496918.0,80.23,52.92,27.31,,7361.0,132484.0,0.2,59.72,272.9,40.8,18.52,12.53,39753.24,0.2,122.14,4.28,20.0,24.7,,2.54,81.32,0.93,67508936.0,,,,,United Kingdom,Europe,3.4044,0.2277,227.7491,6689.904,52.9152,27.3127,2066.86,2107.79,2118.9,17.71,19.64,26.07,0.0,-3.81,-28.83
GBR,Europe,United Kingdom,2021-05-21,4531792.0,0.0,2215.57,153855.0,0.0,14.86,66468.73,0.0,32.5,2256.62,0.0,0.22,1.17,124.0,1.84,913.0,13.52,,,782.0,11.58,165502879.0,771992.0,2459.87,11.47,958117.0,14.24,0.0,498.1,tests performed,59824737.0,37738271.0,22086466.0,,646340.0,539472.0,88.62,55.9,32.72,,7991.0,200321.0,0.3,62.5,272.9,40.8,18.52,12.53,39753.24,0.2,122.14,4.28,20.0,24.7,,2.54,81.32,0.93,67508936.0,,,,,United Kingdom,Europe,3.395,0.2279,227.9032,6712.8772,55.9011,32.7164,2215.57,2141.21,2058.0,14.86,16.29,20.23,0.0,7.19,-10.54
GBR,Europe,United Kingdom,2021-05-24,4548710.0,0.0,2416.86,153937.0,0.0,11.71,66716.86,0.0,35.45,2257.83,0.0,0.17,1.21,121.0,1.79,955.0,14.15,,,885.0,13.11,168298338.0,1095461.0,2501.42,16.28,956829.0,14.22,0.0,461.5,tests performed,61420928.0,38192417.0,23228511.0,,455334.0,580439.0,90.98,56.57,34.41,,8598.0,197287.0,0.29,62.5,272.9,40.8,18.52,12.53,39753.24,0.2,122.14,4.28,20.0,24.7,,2.54,81.32,0.93,67508936.0,,,,,United Kingdom,Europe,3.3842,0.228,228.0246,6737.9376,56.5739,34.4081,2416.86,2316.21,2621.93,11.71,13.29,22.97,0.0,9.09,-2.41
GBR,Europe,United Kingdom,2021-07-01,4829385.0,0.0,15354.0,154424.0,0.0,19.0,70833.58,0.0,225.2,2264.97,0.0,0.28,1.39,300.0,4.44,1910.0,28.29,,,2245.0,33.26,203896275.0,1234274.0,3030.52,18.34,1063882.0,15.81,0.02,51.7,tests performed,78254768.0,45013503.0,33241265.0,,345591.0,327284.0,115.92,66.68,49.24,,4848.0,162235.0,0.24,51.39,272.9,40.8,18.52,12.53,39753.24,0.2,122.14,4.28,20.0,24.7,,2.54,81.32,0.93,67508936.0,,,,,United Kingdom,Europe,3.1976,0.2287,228.746,7153.6974,66.6778,49.2398,15354.0,12466.93,8609.83,19.0,16.64,13.47,0.0,60.27,380.24
GBR,Europe,United Kingdom,2021-07-23,5553715.0,0.0,46182.0,155173.0,0.0,46.86,81457.48,0.0,677.36,2275.95,0.0,0.69,1.02,715.0,10.59,5202.0,77.06,,,6020.0,89.17,227335495.0,946305.0,3378.89,14.06,1027437.0,15.27,0.04,23.4,tests performed,83486397.0,46520855.0,36965542.0,,232315.0,216018.0,123.67,68.91,54.76,,3200.0,41746.0,0.06,43.98,272.9,40.8,18.52,12.53,39753.24,0.2,122.14,4.28,20.0,24.7,,2.54,81.32,0.93,67508936.0,,,,,United Kingdom,Europe,2.794,0.2299,229.8555,8226.6368,68.9107,54.7565,46182.0,39203.86,27726.93,46.86,41.5,29.4,0.0,43.31,382.07
GBR,Europe,United Kingdom,2021-07-29,5810816.0,0.0,36728.71,155688.0,0.0,73.57,85228.43,0.0,538.71,2283.51,0.0,1.08,0.94,869.0,12.87,5903.0,87.44,,,6160.0,91.25,232510445.0,925838.0,3455.81,13.76,874465.0,13.0,0.03,30.6,tests performed,84679893.0,46740832.0,37939061.0,,222271.0,203687.0,125.44,69.24,56.2,,3017.0,37564.0,0.06,43.98,272.9,40.8,18.52,12.53,39753.24,0.2,122.14,4.28,20.0,24.7,,2.54,81.32,0.93,67508936.0,,,,,United Kingdom,Europe,2.6793,0.2306,230.6184,8607.4768,69.2365,56.1986,36728.71,41455.36,32714.37,73.57,60.21,42.13,0.0,-20.47,139.21
GBR,Europe,United Kingdom,2021-08-05,5998836.0,0.0,26860.0,156261.0,0.0,81.86,87986.16,0.0,393.96,2291.91,0.0,1.2,0.97,871.0,12.9,5643.0,83.59,,,5325.0,78.88,238064360.0,870201.0,3538.36,12.93,793416.0,11.79,0.03,30.6,tests performed,86009359.0,46961830.0,39047529.0,,208192.0,189924.0,127.4,69.56,57.84,,2813.0,31571.0,0.05,43.98,272.9,40.8,18.52,12.53,39753.24,0.2,122.14,4.28,20.0,24.7,,2.54,81.32,0.93,67508936.0,,,,,United Kingdom,Europe,2.6049,0.2315,231.4671,8885.9881,69.5639,57.8405,26860.0,31794.36,33132.5,81.86,77.71,55.63,0.0,-26.87,7.15
GBR,Europe,United Kingdom,2021-08-26,6628576.0,0.0,33240.29,158300.0,0.0,105.43,97222.69,0.0,487.54,2321.82,0.0,1.55,1.04,982.0,14.55,6848.0,101.44,,,6488.0,96.11,254631383.0,1022650.0,3784.59,15.2,811157.0,12.06,0.04,24.0,tests performed,90295121.0,47915768.0,42379353.0,,200076.0,206641.0,133.75,70.98,62.78,,3061.0,57038.0,0.08,43.98,272.9,40.8,18.52,12.53,39753.24,0.2,122.14,4.28,20.0,24.7,,2.54,81.32,0.93,67508936.0,,,,,United Kingdom,Europe,2.3881,0.2345,234.4875,9818.8127,70.9769,62.7759,33240.29,31131.36,27258.67,105.43,99.14,87.07,0.0,14.53,-9.5
GBR,Europe,United Kingdom,2021-09-01,6873387.0,0.0,34973.0,159152.0,0.0,121.71,100813.38,0.0,512.96,2334.32,0.0,1.78,1.04,1030.0,15.26,7482.0,110.83,,,6629.0,98.19,259783347.0,1081619.0,3861.17,16.08,882088.0,13.11,0.04,26.3,tests performed,91155368.0,48131996.0,43023372.0,,157473.0,151475.0,135.03,71.3,63.73,,2244.0,38767.0,0.06,43.98,272.9,40.8,18.52,12.53,39753.24,0.2,122.14,4.28,20.0,24.7,,2.54,81.32,0.93,67508936.0,,,,,United Kingdom,Europe,2.3155,0.2357,235.7495,10181.4477,71.2972,63.7299,34973.0,34106.64,29151.7,121.71,113.57,96.37,0.0,5.21,30.2
GBR,Europe,United Kingdom,2021-09-06,7131603.0,0.0,36888.0,160073.0,0.0,131.57,104600.69,0.0,541.04,2347.82,0.0,1.93,1.02,1062.0,15.73,7844.0,116.19,,,6844.0,101.38,265711277.0,1495789.0,3949.27,22.23,1140220.0,16.95,0.03,30.5,tests performed,91827909.0,48292811.0,43535098.0,,102713.0,141331.0,136.02,71.54,64.49,,2094.0,34972.0,0.05,43.98,272.9,40.8,18.52,12.53,39753.24,0.2,122.14,4.28,20.0,24.7,,2.54,81.32,0.93,67508936.0,,,,,United Kingdom,Europe,2.2446,0.2371,237.1138,10563.9393,71.5354,64.4879,36888.0,35930.5,37758.9,131.57,126.64,127.07,0.0,5.48,37.33
GBR,Europe,United Kingdom,2021-09-09,7131603.0,0.0,36888.0,160073.0,0.0,131.57,104600.69,0.0,541.04,2347.82,0.0,1.93,1.0,1051.0,15.57,7962.0,117.94,,,7075.0,104.8,269802647.0,1391138.0,4010.08,20.68,1247944.0,18.55,0.03,32.4,tests performed,92175948.0,48370340.0,43805608.0,,122476.0,123029.0,136.54,71.65,64.89,,1822.0,28335.0,0.04,43.98,272.9,40.8,18.52,12.53,39753.24,0.2,122.14,4.28,20.0,24.7,,2.54,81.32,0.93,67508936.0,,,,,United Kingdom,Europe,2.2446,0.2371,237.1138,10563.9393,71.6503,64.8886,36888.0,35930.5,31295.53,131.57,126.64,105.37,0.0,5.48,33.17
GBR,Europe,United Kingdom,2021-10-04,8058409.0,0.0,33612.29,164177.0,0.0,127.86,118194.34,0.0,493.0,2408.02,0.0,1.88,1.04,769.0,11.39,6646.0,98.45,,,5163.0,76.48,295514917.0,1060488.0,4392.25,15.76,994507.0,14.78,0.03,29.8,tests performed,95445881.0,48994530.0,45021381.0,1429970.0,190885.0,268630.0,141.38,72.57,66.69,2.12,3979.0,32686.0,0.05,39.97,272.9,40.8,18.52,12.53,39753.24,0.2,122.14,4.28,20.0,24.7,,2.54,81.32,0.93,67508936.0,,,,,United Kingdom,Europe,2.0373,0.2432,243.193,11936.8034,72.5749,66.6895,33612.29,34096.14,39500.73,127.86,136.64,167.5,0.0,-2.8,-3.89
GBR,Europe,United Kingdom,2021-10-19,8618240.0,0.0,43586.14,165964.0,0.0,135.29,126405.49,0.0,639.29,2434.23,0.0,1.98,1.06,851.0,12.61,7788.0,115.36,,,6768.0,100.25,310081685.0,934907.0,4608.75,13.9,977364.0,14.53,0.05,22.1,tests performed,99427187.0,49505327.0,45433757.0,4488103.0,307744.0,314661.0,147.28,73.33,67.3,6.65,4661.0,36055.0,0.05,43.64,272.9,40.8,18.52,12.53,39753.24,0.2,122.14,4.28,20.0,24.7,,2.54,81.32,0.93,67508936.0,,,,,United Kingdom,Europe,1.9257,0.2458,245.84,12766.0729,73.3315,67.3004,43586.14,39987.93,34572.57,135.29,127.64,123.33,0.0,19.78,50.08
GBR,Europe,United Kingdom,2021-10-31,9232804.0,285143.0,40734.71,168231.0,1227.0,175.29,135419.44,4182.25,597.46,2467.48,18.0,2.57,0.98,980.0,14.52,9179.0,135.97,,,7287.0,107.94,320948134.0,976065.0,4770.26,14.51,877732.0,13.05,0.05,21.6,tests performed,103814905.0,49987325.0,45712351.0,8115229.0,204800.0,334461.0,153.78,74.05,67.71,12.02,4954.0,38871.0,0.06,43.63,272.9,40.8,18.52,12.53,39753.24,0.2,122.14,4.28,20.0,24.7,,2.54,81.32,0.93,67508936.0,123431.01,11.03,13.14,1834.56,United Kingdom,Europe,1.8221,0.2492,249.1981,13676.4176,74.0455,67.713,40734.71,43897.43,46989.37,175.29,161.93,164.97,-13.44,-13.44,17.8
GBR,Europe,United Kingdom,2021-12-02,10346779.0,0.0,43006.0,172547.0,0.0,134.29,151758.34,0.0,630.78,2530.78,0.0,1.97,1.1,895.0,13.26,7260.0,107.54,,,5427.0,80.39,352073576.0,1228634.0,5232.88,18.26,1040782.0,15.47,0.04,23.6,tests performed,116945656.0,51046133.0,46462638.0,19436885.0,477734.0,433601.0,173.23,75.61,68.82,28.79,6423.0,24346.0,0.04,43.57,272.9,40.8,18.52,12.53,39753.24,0.2,122.14,4.28,20.0,24.7,,2.54,81.32,0.93,67508936.0,,,,,United Kingdom,Europe,1.6676,0.2556,255.5913,15326.5325,75.6139,68.8244,43006.0,42600.0,37132.5,134.29,140.21,143.87,0.0,1.92,5.58
GBR,Europe,United Kingdom,2021-12-12,11046679.0,364101.0,52014.43,174428.0,940.0,134.29,162023.9,5340.34,762.91,2558.37,13.79,1.97,1.19,893.0,13.23,7358.0,108.99,,,6118.0,90.62,363723146.0,1239134.0,5406.03,18.42,1217179.0,18.09,0.04,23.9,tests performed,121616098.0,51279167.0,46775202.0,23561729.0,451044.0,479968.0,180.15,75.96,69.29,34.9,7110.0,22986.0,0.03,43.55,272.9,40.8,18.52,12.53,39753.24,0.2,122.14,4.28,20.0,24.7,,2.54,81.32,0.93,67508936.0,133283.0,11.2,11.28,1980.99,United Kingdom,Europe,1.579,0.2584,258.3776,16363.2841,75.9591,69.2874,52014.43,49992.86,52079.93,134.29,134.36,165.43,8.43,8.43,44.78
GBR,Europe,United Kingdom,2021-12-24,11653043.0,0.0,86623.43,175304.0,0.0,125.14,170917.58,0.0,1270.52,2571.22,0.0,1.84,1.28,832.0,12.32,8419.0,124.71,,,8304.0,123.01,382826539.0,1661932.0,5689.96,24.7,1609482.0,23.92,0.06,16.0,tests performed,131388389.0,51660466.0,47268067.0,32459856.0,194107.0,829227.0,194.62,76.52,70.02,48.08,12283.0,33416.0,0.05,41.29,272.9,40.8,18.52,12.53,39753.24,0.2,122.14,4.28,20.0,24.7,,2.54,81.32,0.93,67508936.0,,,,,United Kingdom,Europe,1.5044,0.2597,259.6753,17261.4822,76.5239,70.0175,86623.43,69318.93,53576.87,125.14,129.71,123.23,0.0,66.54,105.3
GBR,Europe,United Kingdom,2022-01-16,15910747.0,723565.0,103366.43,180152.0,1648.0,235.43,233366.19,10612.68,1516.1,2642.33,24.17,3.45,0.94,715.0,10.59,19036.0,281.98,,,14839.0,219.81,419002272.0,1330043.0,6227.64,19.77,1449040.0,21.54,0.07,13.6,tests performed,136554312.0,52117863.0,47963133.0,36473316.0,115912.0,170973.0,202.28,77.2,71.05,54.03,2533.0,20465.0,0.03,40.18,272.9,40.8,18.52,12.53,39753.24,0.2,122.14,4.28,20.0,24.7,,2.54,81.32,0.93,67508936.0,136487.31,10.87,-3.89,2021.77,United Kingdom,Europe,1.1323,0.2669,266.8565,23568.3569,77.2014,71.0471,103366.43,145992.64,162135.6,235.43,214.86,190.8,-45.2,-45.2,98.73
GBR,Europe,United Kingdom,2022-01-18,15910747.0,0.0,103366.43,180152.0,0.0,235.43,233366.19,0.0,1516.1,2642.33,0.0,3.45,0.95,703.0,10.41,18833.0,278.97,,,13991.0,207.25,421876718.0,1389022.0,6270.37,20.64,1395181.0,20.74,0.07,14.6,tests performed,136792383.0,52151643.0,48019069.0,36621671.0,122554.0,150437.0,202.63,77.25,71.13,54.25,2228.0,19973.0,0.03,40.17,272.9,40.8,18.52,12.53,39753.24,0.2,122.14,4.28,20.0,24.7,,2.54,81.32,0.93,67508936.0,,,,,United Kingdom,Europe,1.1323,0.2669,266.8565,23568.3569,77.2515,71.1299,103366.43,145992.64,141923.47,235.43,214.86,161.6,0.0,-45.2,19.33
GBR,Europe,United Kingdom,2022-01-25,16640979.0,0.0,104318.86,181802.0,0.0,235.71,244076.66,0.0,1530.07,2666.53,0.0,3.46,1.06,575.0,8.52,16397.0,242.89,,,12288.0,182.02,431358950.0,1343603.0,6411.3,19.97,1354605.0,20.13,0.07,14.6,tests performed,137570759.0,52266515.0,48253766.0,37050478.0,96266.0,111197.0,203.78,77.42,71.48,54.88,1647.0,16410.0,0.02,38.15,272.9,40.8,18.52,12.53,39753.24,0.2,122.14,4.28,20.0,24.7,,2.54,81.32,0.93,67508936.0,,,,,United Kingdom,Europe,1.0925,0.2693,269.3006,24650.0389,77.4216,71.4776,104318.86,103842.64,135540.0,235.71,235.57,188.1,0.0,0.92,-20.78
GBR,Europe,United Kingdom,2022-03-05,18930961.0,0.0,35947.29,187437.0,0.0,120.71,277664.28,0.0,527.25,2749.18,0.0,1.77,1.09,256.0,3.79,10417.0,154.3,,,9291.0,137.63,467914855.0,491007.0,6954.63,7.3,653694.0,9.72,0.07,14.4,tests performed,140128595.0,52668909.0,49096936.0,38362750.0,52648.0,45566.0,207.57,78.02,72.73,56.83,675.0,6441.0,0.01,23.15,272.9,40.8,18.52,12.53,39753.24,0.2,122.14,4.28,20.0,24.7,,2.54,81.32,0.93,67508936.0,,,,,United Kingdom,Europe,0.9901,0.2776,277.6477,28042.1558,78.0177,72.7266,35947.29,40549.36,52547.43,120.71,128.0,138.43,0.0,-20.39,-64.74
GBR,Europe,United Kingdom,2022-03-15,19645690.0,0.0,62498.29,189011.0,0.0,111.14,288147.38,0.0,916.68,2772.26,0.0,1.63,1.22,281.0,4.16,13783.0,204.17,,,12717.0,188.38,474981973.0,831987.0,7059.67,12.37,721441.0,10.72,0.1,9.8,tests performed,140757171.0,52717450.0,49240749.0,38558064.0,40889.0,74781.0,208.5,78.09,72.94,57.12,1108.0,5046.0,0.01,23.15,272.9,40.8,18.52,12.53,39753.24,0.2,122.14,4.28,20.0,24.7,,2.54,81.32,0.93,67508936.0,,,,,United Kingdom,Europe,0.9621,0.28,279.9792,29100.8734,78.0896,72.9396,62498.29,51052.07,42747.33,111.14,112.43,112.2,0.0,57.8,4.12
GBR,Europe,United Kingdom,2022-03-26,20226938.0,0.0,83035.43,189962.0,0.0,135.86,296672.7,0.0,1217.9,2786.21,0.0,1.99,1.06,345.0,5.11,17321.0,256.57,,,15863.0,234.98,483203807.0,549185.0,7181.87,8.16,741773.0,11.02,0.12,8.6,tests performed,141712994.0,52775615.0,49385014.0,38754002.0,110379.0,112056.0,209.92,78.18,73.15,57.41,1660.0,5054.0,0.01,20.37,272.9,40.8,18.52,12.53,39753.24,0.2,122.14,4.28,20.0,24.7,,2.54,81.32,0.93,67508936.0,,,,,United Kingdom,Europe,0.9392,0.2814,281.3879,29961.8676,78.1757,73.1533,83035.43,72766.86,51586.93,135.86,123.5,112.33,0.0,32.86,83.9
GBR,Europe,United Kingdom,2022-03-31,20833310.0,0.0,86624.57,191138.0,0.0,168.0,305566.44,0.0,1270.54,2803.46,0.0,2.46,0.95,356.0,5.27,19258.0,285.27,,,16749.0,248.1,486757968.0,692151.0,7234.7,10.29,690737.0,10.27,0.11,9.0,tests performed,142226665.0,52803478.0,49440582.0,38824622.0,129593.0,104214.0,210.68,78.22,73.24,57.51,1544.0,6324.0,0.01,20.37,272.9,40.8,18.52,12.53,39753.24,0.2,122.14,4.28,20.0,24.7,,2.54,81.32,0.93,67508936.0,,,,,United Kingdom,Europe,0.9175,0.2831,283.1299,30860.0775,78.217,73.2356,86624.57,84830.0,63411.63,168.0,151.93,123.37,0.0,4.32,140.98
GBR,Europe,United Kingdom,2022-04-30,21967635.0,0.0,20955.43,196313.0,0.0,162.43,322203.8,0.0,307.36,2879.36,0.0,2.38,0.74,304.0,4.5,11754.0,174.11,,,7807.0,115.64,498352915.0,193209.0,7407.03,2.87,300130.0,4.46,0.05,19.8,tests performed,146177909.0,53230188.0,49756334.0,39293425.0,151849.0,131014.0,216.53,78.85,73.7,58.2,1941.0,13395.0,0.02,11.11,272.9,40.8,18.52,12.53,39753.24,0.2,122.14,4.28,20.0,24.7,,2.54,81.32,0.93,67508936.0,,,,,United Kingdom,Europe,0.8936,0.2908,290.7956,32540.3366,78.8491,73.7033,20955.43,25472.0,37810.83,162.43,176.93,172.5,0.0,-30.12,-75.81
GBR,Europe,United Kingdom,2022-05-04,22061904.0,0.0,13467.0,197217.0,0.0,129.14,323586.47,0.0,197.52,2892.62,0.0,1.89,0.79,277.0,4.1,11094.0,164.33,,,6758.0,100.1,499399387.0,288536.0,7422.59,4.29,266578.0,3.96,0.04,23.6,tests performed,146473803.0,53264512.0,49780389.0,39345313.0,122685.0,103536.0,216.97,78.9,73.74,58.28,1534.0,12051.0,0.02,11.11,272.9,40.8,18.52,12.53,39753.24,0.2,122.14,4.28,20.0,24.7,,2.54,81.32,0.93,67508936.0,,,,,United Kingdom,Europe,0.8939,0.2921,292.1347,32679.9759,78.8999,73.739,13467.0,17211.21,24997.43,129.14,145.79,160.23,0.0,-35.74,-80.31
GBR,Europe,United Kingdom,2022-05-09,22135364.0,0.0,10494.29,197929.0,0.0,101.71,324663.94,0.0,153.92,2903.06,0.0,1.49,0.82,213.0,3.16,9449.0,139.97,,,6016.0,89.11,500638667.0,320445.0,7441.01,4.76,264923.0,3.94,0.06,18.1,tests performed,146971578.0,53323370.0,49828652.0,39433303.0,87894.0,102628.0,217.71,78.99,73.81,58.41,1520.0,10789.0,0.02,11.11,272.9,40.8,18.52,12.53,39753.24,0.2,122.14,4.28,20.0,24.7,,2.54,81.32,0.93,67508936.0,,,,,United Kingdom,Europe,0.8942,0.2932,293.1893,32788.7911,78.9871,73.8105,10494.29,11980.64,27446.1,101.71,115.43,183.97,0.0,-22.07,-84.65
GBR,Europe,United Kingdom,2022-05-13,22135364.0,0.0,10494.29,197929.0,0.0,101.71,324663.94,0.0,153.92,2903.06,0.0,1.49,0.86,189.0,2.8,8000.0,118.5,,,5371.0,79.56,501743040.0,287995.0,7457.42,4.28,254393.0,3.78,0.04,26.8,tests performed,147365638.0,53352396.0,49859243.0,39511695.0,86459.0,95966.0,218.29,79.03,73.86,58.53,1422.0,10008.0,0.02,11.11,272.9,40.8,18.52,12.53,39753.24,0.2,122.14,4.28,20.0,24.7,,2.54,81.32,0.93,67508936.0,,,,,United Kingdom,Europe,0.8942,0.2932,293.1893,32788.7911,79.0301,73.8558,10494.29,11980.64,17477.9,101.71,115.43,136.43,0.0,-22.07,-75.44
GBR,Europe,United Kingdom,2022-06-03,22290240.0,0.0,6066.14,199308.0,0.0,49.43,326935.53,0.0,88.97,2923.29,0.0,0.72,1.21,,,4805.0,71.18,,,3768.0,55.82,,,,,,,,,,148624868.0,53497176.0,50015854.0,39770162.0,5715.0,40705.0,220.16,79.24,74.09,58.91,603.0,6182.0,0.01,11.11,272.9,40.8,18.52,12.53,39753.24,0.2,122.14,4.28,20.0,24.7,,2.54,81.32,0.93,67508936.0,,,,,United Kingdom,Europe,0.8941,0.2952,295.232,33018.2067,79.2446,74.0878,6066.14,6752.71,7611.2,49.43,56.21,69.7,0.0,-18.46,-54.96
GBR,Europe,United Kingdom,2022-06-12,22409323.0,74352.0,10621.71,199832.0,258.0,36.86,328682.12,1090.54,155.79,2930.98,3.78,0.54,1.37,,,5485.0,81.25,,,5299.0,78.49,,,,,,,,,,148981299.0,53539970.0,50069860.0,39850810.0,26056.0,42009.0,220.68,79.31,74.17,59.03,622.0,4935.0,0.01,11.11,272.9,40.8,18.52,12.53,39753.24,0.2,122.14,4.28,20.0,24.7,,2.54,81.32,0.93,67508936.0,139662.89,9.22,16.27,2068.81,United Kingdom,Europe,0.8917,0.296,296.0082,33194.6026,79.308,74.1678,10621.71,8505.93,9131.97,36.86,37.43,63.43,66.22,66.22,1.21
GBR,Europe,United Kingdom,2022-06-17,22409323.0,0.0,10621.71,199832.0,0.0,36.86,328682.12,0.0,155.79,2930.98,0.0,0.54,1.34,,,6320.0,93.62,,,6363.0,94.25,,,,,,,,,,149153226.0,53554133.0,50092904.0,39893286.0,34189.0,36303.0,220.94,79.33,74.2,59.09,538.0,4360.0,0.01,11.11,272.9,40.8,18.52,12.53,39753.24,0.2,122.14,4.28,20.0,24.7,,2.54,81.32,0.93,67508936.0,,,,,United Kingdom,Europe,0.8917,0.296,296.0082,33194.6026,79.329,74.2019,10621.71,8505.93,7120.7,36.86,37.43,43.7,0.0,66.22,23.23
GBR,Europe,United Kingdom,2022-07-10,22991595.0,195623.0,27946.14,201703.0,679.0,97.0,337222.44,2869.24,409.89,2958.42,9.96,1.42,0.94,,,15590.0,230.93,,,14549.0,215.51,,,,,,,,,,150111688.0,53656588.0,50307273.0,40078099.0,21128.0,34710.0,222.36,79.48,74.52,59.37,514.0,3838.0,0.01,11.11,272.9,40.8,18.52,12.53,39753.24,0.2,122.14,4.28,20.0,24.7,,2.54,81.32,0.93,67508936.0,144858.1,9.29,10.0,2145.76,United Kingdom,Europe,0.8773,0.2988,298.7797,34057.1136,79.4807,74.5194,27946.14,25416.93,21887.47,97.0,85.14,70.97,22.1,22.1,337.33
GBR,Europe,United Kingdom,2022-07-20,23158024.0,0.0,23775.57,202576.0,0.0,124.71,339663.5,0.0,348.72,2971.22,0.0,1.83,1.1,,,16254.0,240.77,,,13086.0,193.84,,,,,,,,,,150393033.0,53684877.0,50403747.0,40149094.0,26720.0,28165.0,222.78,79.52,74.66,59.47,417.0,2967.0,0.0,11.11,272.9,40.8,18.52,12.53,39753.24,0.2,122.14,4.28,20.0,24.7,,2.54,81.32,0.93,67508936.0,,,,,United Kingdom,Europe,0.8748,0.3001,300.0729,34303.6424,79.5226,74.6623,23775.57,25860.86,21751.23,124.71,110.86,81.5,0.0,-14.92,73.07
GBR,Europe,United Kingdom,2022-07-21,23158024.0,0.0,23775.57,202576.0,0.0,124.71,339663.5,0.0,348.72,2971.22,0.0,1.83,1.09,,,16051.0,237.76,,,12769.0,189.14,,,,,,,,,,150419214.0,53687795.0,50412478.0,40154930.0,26181.0,27477.0,222.81,79.53,74.68,59.48,407.0,2960.0,0.0,11.11,272.9,40.8,18.52,12.53,39753.24,0.2,122.14,4.28,20.0,24.7,,2.54,81.32,0.93,67508936.0,,,,,United Kingdom,Europe,0.8748,0.3001,300.0729,34303.6424,79.5269,74.6753,23775.57,25860.86,21751.23,124.71,110.86,81.5,0.0,-14.92,73.07
GBR,Europe,United Kingdom,2022-08-05,23342984.0,0.0,10659.14,204495.0,0.0,121.71,342376.34,0.0,156.34,2999.37,0.0,1.78,1.02,,,10973.0,162.54,,,8057.0,119.35,,,,,,,,,,150806994.0,53736707.0,50563629.0,40247919.0,19511.0,23074.0,223.39,79.6,74.9,59.62,342.0,2828.0,0.0,11.11,272.9,40.8,18.52,12.53,39753.24,0.2,122.14,4.28,20.0,24.7,,2.54,81.32,0.93,67508936.0,,,,,United Kingdom,Europe,0.876,0.3029,302.9155,34577.621,79.5994,74.8992,10659.14,13211.43,18233.73,121.71,137.07,115.7,0.0,-32.38,-53.43
GBR,Europe,United Kingdom,2022-08-11,23399937.0,0.0,8136.14,205144.0,0.0,92.71,343211.7,0.0,119.33,3008.89,0.0,1.36,1.04,,,9938.0,147.21,,,7150.0,105.91,,,,,,,,,,150910475.0,53750794.0,50606847.0,40276659.0,16591.0,17570.0,223.54,79.62,74.96,59.66,260.0,2383.0,0.0,11.11,272.9,40.8,18.52,12.53,39753.24,0.2,122.14,4.28,20.0,24.7,,2.54,81.32,0.93,67508936.0,,,,,United Kingdom,Europe,0.8767,0.3039,303.8768,34661.9846,79.6203,74.9632,8136.14,9397.64,13611.4,92.71,107.21,114.7,0.0,-23.67,-70.89
GBR,Europe,United Kingdom,2022-09-03,23510400.0,0.0,4198.57,206735.0,0.0,60.71,344831.88,0.0,61.58,3032.22,0.0,0.89,0.9,,,6322.0,93.65,,,4252.0,62.98,,,,,,,,,,151242828.0,53806055.0,50742774.0,40372516.0,15677.0,11029.0,224.03,79.7,75.16,59.8,163.0,1799.0,0.0,5.56,272.9,40.8,18.52,12.53,39753.24,0.2,122.14,4.28,20.0,24.7,,2.54,81.32,0.93,67508936.0,,,,,United Kingdom,Europe,0.8793,0.3062,306.2335,34825.6118,79.7021,75.1645,4198.57,4631.36,5580.53,60.71,68.21,74.67,0.0,-17.09,-60.61
GBR,Europe,United Kingdom,2022-10-03,23696830.0,0.0,7679.29,208484.0,0.0,59.57,347566.28,0.0,112.63,3057.88,0.0,0.87,0.87,,,10268.0,152.1,,,,,,,,,,,,,,,53813491.0,50762968.0,,0.0,,,,,,,,,5.56,272.9,40.8,18.52,12.53,39753.24,0.2,122.14,4.28,20.0,24.7,,2.54,81.32,0.93,67508936.0,,,,,United Kingdom,Europe,0.8798,0.3088,308.8243,35101.7679,79.7131,75.1944,7679.29,6890.14,6214.33,59.57,52.64,58.3,0.0,25.87,82.9
GBR,Europe,United Kingdom,2022-10-04,23696830.0,0.0,7679.29,208484.0,0.0,59.57,347566.28,0.0,112.63,3057.88,0.0,0.87,0.88,,,10770.0,159.53,,,,,,,,,,,,,,,53813491.0,50762968.0,,0.0,,,,,,,,,5.56,272.9,40.8,18.52,12.53,39753.24,0.2,122.14,4.28,20.0,24.7,,2.54,81.32,0.93,67508936.0,,,,,United Kingdom,Europe,0.8798,0.3088,308.8243,35101.7679,79.7131,75.1944,7679.29,6890.14,5240.57,59.57,52.64,45.53,0.0,25.87,84.01
GBR,Europe,United Kingdom,2022-10-10,23764326.0,0.0,9642.29,209101.0,0.0,88.14,348556.25,0.0,141.43,3066.93,0.0,1.29,0.93,,,12071.0,178.81,,,,,,,,,,,,,,,53813491.0,50762968.0,,0.0,,,,,,,,,5.56,272.9,40.8,18.52,12.53,39753.24,0.2,122.14,4.28,20.0,24.7,,2.54,81.32,0.93,67508936.0,,,,,United Kingdom,Europe,0.8799,0.3097,309.7383,35201.7487,79.7131,75.1944,9642.29,8660.79,7490.43,88.14,73.86,66.1,0.0,25.56,131.05
GBR,Europe,United Kingdom,2022-11-04,23915366.0,0.0,5381.14,211355.0,0.0,103.57,350771.6,0.0,78.93,3099.99,0.0,1.52,1.11,,,7927.0,117.42,,,,,,,,,,,,,,,53813491.0,50762968.0,,0.0,,,,,,,,,5.56,272.9,40.8,18.52,12.53,39753.24,0.2,122.14,4.28,20.0,24.7,,2.54,81.32,0.93,67508936.0,,,,,United Kingdom,Europe,0.8838,0.3131,313.0771,35425.482,79.7131,75.1944,5381.14,6471.29,7284.53,103.57,107.36,95.7,0.0,-28.83,-29.93
GBR,Europe,United Kingdom,2022-12-17,24069389.0,0.0,4435.43,214060.0,0.0,64.29,353030.66,0.0,65.06,3139.66,0.0,0.94,0.6,,,8976.0,132.96,,,,,,,,,,,,,,,53813491.0,50762968.0,,0.0,,,,,,,,,5.56,272.9,40.8,18.52,12.53,39753.24,0.2,122.14,4.28,20.0,24.7,,2.54,81.32,0.93,67508936.0,,,,,United Kingdom,Europe,0.8893,0.3171,317.0839,35653.6341,79.7131,75.1944,4435.43,4082.36,3397.87,64.29,58.86,53.63,0.0,18.93,30.7
GBR,Europe,United Kingdom,2023-01-19,24253604.0,0.0,2790.43,218084.0,0.0,116.71,355732.6,0.0,40.93,3198.68,0.0,1.71,,,,7499.0,111.08,,,,,,,,,,,,,,,53813491.0,50762968.0,,0.0,,,,,,,,,,272.9,40.8,18.52,12.53,39753.24,0.2,122.14,4.28,20.0,24.7,,2.54,81.32,0.93,67508936.0,,,,,United Kingdom,Europe,0.8992,0.323,323.0446,35926.509,79.7131,75.1944,2790.43,3780.21,4773.53,116.71,126.29,116.73,0.0,-41.5,-52.37
GBR,Europe,United Kingdom,2023-01-29,24284241.0,16501.0,2357.29,219292.0,529.0,75.57,356181.94,242.02,34.58,3216.4,7.76,1.11,,,,6999.0,103.68,,,,,,,,,,,,,,,53813491.0,50762968.0,,0.0,,,,,,,,,,272.9,40.8,18.52,12.53,39753.24,0.2,122.14,4.28,20.0,24.7,,2.54,81.32,0.93,67508936.0,195629.06,10.33,9.48,2888.08,United Kingdom,Europe,0.903,0.3248,324.834,35971.8912,79.7131,75.1944,2357.29,2188.36,4173.47,75.57,86.29,131.57,16.73,16.73,-66.07
GBR,Europe,United Kingdom,2023-02-05,24305431.0,21190.0,3027.14,219785.0,493.0,70.43,356492.75,310.8,44.4,3223.63,7.23,1.03,,,,7496.0,111.04,,,,,,,,,,,,,,,53813491.0,50762968.0,,0.0,,,,,,,,,,272.9,40.8,18.52,12.53,39753.24,0.2,122.14,4.28,20.0,24.7,,2.54,81.32,0.93,67508936.0,196792.36,10.31,8.33,2905.25,United Kingdom,Europe,0.9043,0.3256,325.5643,36003.2796,79.7131,75.1944,3027.14,2692.21,3491.67,70.43,73.0,115.63,28.42,28.42,-49.12
GBR,Europe,United Kingdom,2023-02-15,24328656.0,0.0,3317.86,220260.0,0.0,67.86,356833.38,0.0,48.66,3230.6,0.0,1.0,,,,8408.0,124.55,,,,,,,,,,,,,,,53813491.0,50762968.0,,0.0,,,,,,,,,,272.9,40.8,18.52,12.53,39753.24,0.2,122.14,4.28,20.0,24.7,,2.54,81.32,0.93,67508936.0,,,,,United Kingdom,Europe,0.9054,0.3263,326.2679,36037.6825,79.7131,75.1944,3317.86,3172.5,2501.73,67.86,69.14,72.53,0.0,9.6,18.9
GBR,Europe,United Kingdom,2023-03-06,24411693.0,0.0,3891.14,221856.0,0.0,83.14,358051.3,0.0,57.07,3254.01,0.0,1.22,,,,8491.0,125.78,,,,,,,,,,,,,,,53813491.0,50762968.0,,0.0,,,,,,,,,,272.9,40.8,18.52,12.53,39753.24,0.2,122.14,4.28,20.0,24.7,,2.54,81.32,0.93,67508936.0,,,,,United Kingdom,Europe,0.9088,0.3286,328.632,36160.684,79.7131,75.1944,3891.14,3934.36,4248.4,83.14,78.64,85.47,0.0,-2.17,65.07
GBR,Europe,United Kingdom,2023-03-08,24411693.0,0.0,3891.14,221856.0,0.0,83.14,358051.3,0.0,57.07,3254.01,0.0,1.22,,,,9233.0,136.77,,,,,,,,,,,,,,,53813491.0,50762968.0,,0.0,,,,,,,,,,272.9,40.8,18.52,12.53,39753.24,0.2,122.14,4.28,20.0,24.7,,2.54,81.32,0.93,67508936.0,,,,,United Kingdom,Europe,0.9088,0.3286,328.632,36160.684,79.7131,75.1944,3891.14,3934.36,3542.07,83.14,78.64,69.03,0.0,-2.17,28.54
GBR,Europe,United Kingdom,2023-03-17,24441111.0,0.0,4202.57,222521.0,0.0,95.0,358482.78,0.0,61.64,3263.76,0.0,1.39,,,,9544.0,141.37,,,,,,,,,,,,,,,53813491.0,50762968.0,,0.0,,,,,,,,,,272.9,40.8,18.52,12.53,39753.24,0.2,122.14,4.28,20.0,24.7,,2.54,81.32,0.93,67508936.0,,,,,United Kingdom,Europe,0.9104,0.3296,329.6171,36204.2604,79.7131,75.1944,4202.57,4046.86,3748.5,95.0,89.07,75.37,0.0,8.0,26.67
GBR,Europe,United Kingdom,2023-03-21,24474452.0,0.0,4763.0,223234.0,0.0,101.86,358971.8,0.0,69.86,3274.22,0.0,1.49,,,,9958.0,147.51,,,,,,,,,,,,,,,53813491.0,50762968.0,,0.0,,,,,,,,,,272.9,40.8,18.52,12.53,39753.24,0.2,122.14,4.28,20.0,24.7,,2.54,81.32,0.93,67508936.0,,,,,United Kingdom,Europe,0.9121,0.3307,330.6733,36253.648,79.7131,75.1944,4763.0,4482.79,3928.0,101.86,98.43,82.63,0.0,13.34,19.26
GBR,Europe,United Kingdom,2023-04-05,24531273.0,0.0,3596.0,224664.0,0.0,98.71,359805.22,0.0,52.74,3295.19,0.0,1.45,,,,8864.0,131.3,,,,,,,,,,,,,,,53813491.0,50762968.0,,0.0,,,,,,,,,,272.9,40.8,18.52,12.53,39753.24,0.2,122.14,4.28,20.0,24.7,,2.54,81.32,0.93,67508936.0,,,,,United Kingdom,Europe,0.9158,0.3328,332.7915,36337.8161,79.7131,75.1944,3596.0,4058.64,3986.0,98.71,102.14,93.6,0.0,-20.47,-7.58
GBR,Europe,United Kingdom,2023-04-10,24548167.0,0.0,2413.43,225269.0,0.0,86.43,360053.0,0.0,35.4,3304.07,0.0,1.27,,,,8324.0,123.3,,,,,,,,,,,,,,,53813491.0,50762968.0,,0.0,,,,,,,,,,272.9,40.8,18.52,12.53,39753.24,0.2,122.14,4.28,20.0,24.7,,2.54,81.32,0.93,67508936.0,,,,,United Kingdom,Europe,0.9177,0.3337,333.6877,36362.8409,79.7131,75.1944,2413.43,3004.71,4549.13,86.43,92.57,113.77,0.0,-32.89,-37.98
GBR,Europe,United Kingdom,2023-04-26,24575907.0,0.0,1831.86,226339.0,0.0,74.29,360459.88,0.0,26.87,3319.76,0.0,1.09,,,,6153.0,91.14,,,,,,,,,,,,,,,53813491.0,50762968.0,,0.0,,,,,,,,,,272.9,40.8,18.52,12.53,39753.24,0.2,122.14,4.28,20.0,24.7,,2.54,81.32,0.93,67508936.0,,,,,United Kingdom,Europe,0.921,0.3353,335.2727,36403.9318,79.7131,75.1944,1831.86,1981.43,2326.87,74.29,76.43,78.87,0.0,-14.04,-59.48
GBR,Europe,United Kingdom,2023-04-27,24575907.0,0.0,1831.86,226339.0,0.0,74.29,360459.88,0.0,26.87,3319.76,0.0,1.09,,,,5555.0,82.28,,,,,,,,,,,,,,,53813491.0,50762968.0,,0.0,,,,,,,,,,272.9,40.8,18.52,12.53,39753.24,0.2,122.14,4.28,20.0,24.7,,2.54,81.32,0.93,67508936.0,,,,,United Kingdom,Europe,0.921,0.3353,335.2727,36403.9318,79.7131,75.1944,1831.86,1981.43,2326.87,74.29,76.43,78.87,0.0,-14.04,-59.48
GBR,Europe,United Kingdom,2023-06-05,24626993.0,0.0,751.57,228131.0,0.0,28.43,361209.16,0.0,11.02,3346.04,0.0,0.42,,,,2608.0,38.63,,,,,,,,,,,,,,,53813491.0,50762968.0,,0.0,,,,,,,,,,272.9,40.8,18.52,12.53,39753.24,0.2,122.14,4.28,20.0,24.7,,2.54,81.32,0.93,67508936.0,,,,,United Kingdom,Europe,0.9263,0.3379,337.9271,36479.6047,79.7131,75.1944,751.57,858.57,1319.8,28.43,31.07,46.2,0.0,-22.16,-54.22
GBR,Europe,United Kingdom,2023-06-21,24635508.0,0.0,517.14,228489.0,0.0,26.71,361334.06,0.0,7.58,3351.3,0.0,0.39,,,,1990.0,29.48,,,,,,,,,,,,,,,53813491.0,50762968.0,,0.0,,,,,,,,,,272.9,40.8,18.52,12.53,39753.24,0.2,122.14,4.28,20.0,24.7,,2.54,81.32,0.93,67508936.0,,,,,United Kingdom,Europe,0.9275,0.3385,338.4574,36492.2179,79.7131,75.1944,517.14,608.21,684.5,26.71,25.57,26.43,0.0,-26.05,-51.69
GBR,Europe,United Kingdom,2023-06-26,24638312.0,0.0,400.57,228604.0,0.0,16.43,361375.2,0.0,5.88,3352.98,0.0,0.24,,,,1489.0,22.06,,,,,,,,,,,,,,,53813491.0,50762968.0,,0.0,,,,,,,,,,272.9,40.8,18.52,12.53,39753.24,0.2,122.14,4.28,20.0,24.7,,2.54,81.32,0.93,67508936.0,,,,,United Kingdom,Europe,0.9278,0.3386,338.6278,36496.3714,79.7131,75.1944,400.57,458.86,777.97,16.43,21.57,30.27,0.0,-22.54,-62.58
GBR,Europe,United Kingdom,2023-07-22,24646075.0,0.0,444.86,228847.0,0.0,9.29,361489.03,0.0,6.52,3356.55,0.0,0.14,,,,,,,,,,,,,,,,,,,,53813491.0,50762968.0,,0.0,,,,,,,,,,272.9,40.8,18.52,12.53,39753.24,0.2,122.14,4.28,20.0,24.7,,2.54,81.32,0.93,67508936.0,,,,,United Kingdom,Europe,0.9285,0.339,338.9877,36507.8706,79.7131,75.1944,444.86,397.79,352.23,9.29,10.0,11.93,0.0,26.85,-13.98
GBR,Europe,United Kingdom,2023-07-28,24649693.0,0.0,516.86,228912.0,0.0,9.29,361542.1,0.0,7.58,3357.5,0.0,0.14,,,,,,,,,,,,,,,,,,,,53813491.0,50762968.0,,0.0,,,,,,,,,,272.9,40.8,18.52,12.53,39753.24,0.2,122.14,4.28,20.0,24.7,,2.54,81.32,0.93,67508936.0,,,,,United Kingdom,Europe,0.9287,0.3391,339.084,36513.2299,79.7131,75.1944,516.86,480.86,379.37,9.29,9.29,10.27,0.0,16.18,29.03
GBR,Europe,United Kingdom,2023-08-15,24668460.0,0.0,1111.0,229240.0,0.0,20.14,361817.38,0.0,16.3,3362.31,0.0,0.3,,,,,,,,,,,,,,,,,,,,53813491.0,50762968.0,,0.0,,,,,,,,,,272.9,40.8,18.52,12.53,39753.24,0.2,122.14,4.28,20.0,24.7,,2.54,81.32,0.93,67508936.0,,,,,United Kingdom,Europe,0.9293,0.3396,339.5699,36541.0292,79.7131,75.1944,1111.0,1006.43,746.17,20.14,17.43,13.1,0.0,23.19,149.74
GBR,Europe,United Kingdom,2023-08-25,24677006.0,0.0,1220.86,229446.0,0.0,29.43,361942.72,0.0,17.91,3365.33,0.0,0.43,,,,,,,,,,,,,,,,,,,,53813491.0,50762968.0,,0.0,,,,,,,,,,272.9,40.8,18.52,12.53,39753.24,0.2,122.14,4.28,20.0,24.7,,2.54,81.32,0.93,67508936.0,,,,,United Kingdom,Europe,0.9298,0.3399,339.875,36553.6882,79.7131,75.1944,1220.86,1165.93,910.43,29.43,24.79,17.8,0.0,9.89,136.21
GBR,Europe,United Kingdom,2023-09-22,24722671.0,0.0,1753.29,230461.0,0.0,43.29,362612.5,0.0,25.72,3380.22,0.0,0.64,,,,,,,,,,,,,,,,,,,,53813491.0,50762968.0,,0.0,,,,,,,,,,272.9,40.8,18.52,12.53,39753.24,0.2,122.14,4.28,20.0,24.7,,2.54,81.32,0.93,67508936.0,,,,,United Kingdom,Europe,0.9322,0.3414,341.3785,36621.3311,79.7131,75.1944,1753.29,1871.86,1522.17,43.29,42.14,33.83,0.0,-11.91,43.61
GBR,Europe,United Kingdom,2023-10-02,24753655.0,0.0,2488.86,231016.0,0.0,41.29,363066.94,0.0,36.51,3388.36,0.0,0.61,,,,,,,,,,,,,,,,,,,,53813491.0,50762968.0,,0.0,,,,,,,,,,272.9,40.8,18.52,12.53,39753.24,0.2,122.14,4.28,20.0,24.7,,2.54,81.32,0.93,67508936.0,,,,,United Kingdom,Europe,0.9333,0.3422,342.2006,36667.2273,79.7131,75.1944,2488.86,2213.14,2255.37,41.29,39.64,44.73,0.0,28.46,93.84
GBR,Europe,United Kingdom,2023-10-03,24753655.0,0.0,2488.86,231016.0,0.0,41.29,363066.94,0.0,36.51,3388.36,0.0,0.61,,,,,,,,,,,,,,,,,,,,53813491.0,50762968.0,,0.0,,,,,,,,,,272.9,40.8,18.52,12.53,39753.24,0.2,122.14,4.28,20.0,24.7,,2.54,81.32,0.93,67508936.0,,,,,United Kingdom,Europe,0.9333,0.3422,342.2006,36667.2273,79.7131,75.1944,2488.86,2213.14,1906.33,41.29,39.64,38.17,0.0,28.46,66.38
GBR,Europe,United Kingdom,2023-10-09,24770738.0,0.0,2440.43,231360.0,0.0,49.14,363317.5,0.0,35.79,3393.4,0.0,0.72,,,,,,,,,,,,,,,,,,,,53813491.0,50762968.0,,0.0,,,,,,,,,,272.9,40.8,18.52,12.53,39753.24,0.2,122.14,4.28,20.0,24.7,,2.54,81.32,0.93,67508936.0,,,,,United Kingdom,Europe,0.934,0.3427,342.7102,36692.5321,79.7131,75.1944,2440.43,2464.64,2475.77,49.14,45.21,49.63,0.0,-1.95,63.15
GBR,Europe,United Kingdom,2023-10-12,24770738.0,0.0,2440.43,231360.0,0.0,49.14,363317.5,0.0,35.79,3393.4,0.0,0.72,,,,,,,,,,,,,,,,,,,,53813491.0,50762968.0,,0.0,,,,,,,,,,272.9,40.8,18.52,12.53,39753.24,0.2,122.14,4.28,20.0,24.7,,2.54,81.32,0.93,67508936.0,,,,,United Kingdom,Europe,0.934,0.3427,342.7102,36692.5321,79.7131,75.1944,2440.43,2464.64,2011.33,49.14,45.21,40.07,0.0,-1.95,22.61
GBR,Europe,United Kingdom,2023-11-19,24817280.0,5221.0,745.86,232112.0,0.0,0.0,364000.12,76.58,10.94,3404.43,0.0,0.0,,,,,,,,,,,,,,,,,,,,53813491.0,50762968.0,,0.0,,,,,,,,,,272.9,40.8,18.52,12.53,39753.24,0.2,122.14,4.28,20.0,24.7,,2.54,81.32,0.93,67508936.0,230292.86,9.7,7.8,3399.82,United Kingdom,Europe,0.9353,0.3438,343.8241,36761.4741,79.7131,75.1944,745.86,720.64,1109.4,0.0,0.0,12.93,7.25,7.25,-60.63
GBR,Europe,United Kingdom,2023-12-15,24834941.0,0.0,1077.29,232112.0,0.0,0.0,364259.2,0.0,15.8,3404.43,0.0,0.0,,,,,,,,,,,,,,,,,,,,53813491.0,50762968.0,,0.0,,,,,,,,,,272.9,40.8,18.52,12.53,39753.24,0.2,122.14,4.28,20.0,24.7,,2.54,81.32,0.93,67508936.0,,,,,United Kingdom,Europe,0.9346,0.3438,343.8241,36787.635,79.7131,75.1944,1077.29,923.57,762.73,0.0,0.0,0.0,0.0,39.93,54.91
GBR,Europe,United Kingdom,2023-12-18,24844403.0,0.0,1351.71,232112.0,0.0,0.0,364397.97,0.0,19.83,3404.43,0.0,0.0,,,,,,,,,,,,,,,,,,,,53813491.0,50762968.0,,0.0,,,,,,,,,,272.9,40.8,18.52,12.53,39753.24,0.2,122.14,4.28,20.0,24.7,,2.54,81.32,0.93,67508936.0,,,,,United Kingdom,Europe,0.9343,0.3438,343.8241,36801.651,79.7131,75.1944,1351.71,1214.5,1078.13,0.0,0.0,0.0,0.0,25.47,94.37
GBR,Europe,United Kingdom,2024-01-01,24865259.0,0.0,1450.43,232112.0,0.0,0.0,364703.84,0.0,21.27,3404.43,0.0,0.0,,,,,,,,,,,,,,,,,,,,53813491.0,50762968.0,,0.0,,,,,,,,,,272.9,40.8,18.52,12.53,39753.24,0.2,122.14,4.28,20.0,24.7,,2.54,81.32,0.93,67508936.0,,,,,United Kingdom,Europe,0.9335,0.3438,343.8241,36832.5447,79.7131,75.1944,1450.43,1489.71,1441.6,0.0,0.0,0.0,0.0,-5.14,114.61
GBR,Europe,United Kingdom,2024-01-10,24874104.0,0.0,1263.57,232112.0,0.0,0.0,364833.6,0.0,18.53,3404.43,0.0,0.0,,,,,,,,,,,,,,,,,,,,53813491.0,50762968.0,,0.0,,,,,,,,,,272.9,40.8,18.52,12.53,39753.24,0.2,122.14,4.28,20.0,24.7,,2.54,81.32,0.93,67508936.0,,,,,United Kingdom,Europe,0.9331,0.3438,343.8241,36845.6466,79.7131,75.1944,1263.57,1357.0,1305.43,0.0,0.0,0.0,0.0,-12.88,17.29
GBR,Europe,United Kingdom,2024-01-11,24874104.0,0.0,1263.57,232112.0,0.0,0.0,364833.6,0.0,18.53,3404.43,0.0,0.0,,,,,,,,,,,,,,,,,,,,53813491.0,50762968.0,,0.0,,,,,,,,,,272.9,40.8,18.52,12.53,39753.24,0.2,122.14,4.28,20.0,24.7,,2.54,81.32,0.93,67508936.0,,,,,United Kingdom,Europe,0.9331,0.3438,343.8241,36845.6466,79.7131,75.1944,1263.57,1357.0,1305.43,0.0,0.0,0.0,0.0,-12.88,17.29
GBR,Europe,United Kingdom,2024-01-20,24880857.0,0.0,964.71,232112.0,0.0,0.0,364932.62,0.0,14.15,3404.43,0.0,0.0,,,,,,,,,,,,,,,,,,,,53813491.0,50762968.0,,0.0,,,,,,,,,,272.9,40.8,18.52,12.53,39753.24,0.2,122.14,4.28,20.0,24.7,,2.54,81.32,0.93,67508936.0,,,,,United Kingdom,Europe,0.9329,0.3438,343.8241,36855.6497,79.7131,75.1944,964.71,1114.14,1215.13,0.0,0.0,0.0,0.0,-23.65,-28.63
GBR,Europe,United Kingdom,2024-02-25,24908067.0,1977.0,282.43,232112.0,0.0,0.0,365331.72,29.0,4.14,3404.43,0.0,0.0,,,,,,,,,,,,,,,,,,,,53813491.0,50762968.0,,0.0,,,,,,,,,,272.9,40.8,18.52,12.53,39753.24,0.2,122.14,4.28,20.0,24.7,,2.54,81.32,0.93,67508936.0,,,,,United Kingdom,Europe,0.9319,0.3438,343.8241,36895.9555,79.7131,75.1944,282.43,346.71,689.07,0.0,0.0,0.0,-31.28,-31.28,-69.76
GBR,Europe,United Kingdom,2024-03-03,24909637.0,1570.0,224.29,232112.0,0.0,0.0,365354.75,23.03,3.29,3404.43,0.0,0.0,,,,,,,,,,,,,,,,,,,,53813491.0,50762968.0,,0.0,,,,,,,,,,272.9,40.8,18.52,12.53,39753.24,0.2,122.14,4.28,20.0,24.7,,2.54,81.32,0.93,67508936.0,,,,,United Kingdom,Europe,0.9318,0.3438,343.8241,36898.2811,79.7131,75.1944,224.29,253.36,521.5,0.0,0.0,0.0,-20.59,-20.59,-76.2
GBR,Europe,United Kingdom,2024-03-21,24912957.0,0.0,245.29,232112.0,0.0,0.0,365403.44,0.0,3.6,3404.43,0.0,0.0,,,,,,,,,,,,,,,,,,,,53813491.0,50762968.0,,0.0,,,,,,,,,,272.9,40.8,18.52,12.53,39753.24,0.2,122.14,4.28,20.0,24.7,,2.54,81.32,0.93,67508936.0,,,,,United Kingdom,Europe,0.9317,0.3438,343.8241,36903.199,79.7131,75.1944,245.29,237.14,228.9,0.0,0.0,0.0,0.0,7.11,-40.32
GBR,Europe,United Kingdom,2024-04-13,24917492.0,0.0,225.29,232112.0,0.0,0.0,365469.97,0.0,3.3,3404.43,0.0,0.0,,,,,,,,,,,,,,,,,,,,53813491.0,50762968.0,,0.0,,,,,,,,,,272.9,40.8,18.52,12.53,39753.24,0.2,122.14,4.28,20.0,24.7,,2.54,81.32,0.93,67508936.0,,,,,United Kingdom,Europe,0.9315,0.3438,343.8241,36909.9166,79.7131,75.1944,225.29,216.64,208.4,0.0,0.0,0.0,0.0,8.31,-1.62
GBR,Europe,United Kingdom,2024-04-21,24920597.0,1625.0,232.14,232112.0,0.0,0.0,365515.5,23.83,3.4,3404.43,0.0,0.0,,,,,,,,,,,,,,,,,,,,53813491.0,50762968.0,,0.0,,,,,,,,,,272.9,40.8,18.52,12.53,39753.24,0.2,122.14,4.28,20.0,24.7,,2.54,81.32,0.93,67508936.0,,,,,United Kingdom,Europe,0.9314,0.3438,343.8241,36914.516,79.7131,75.1944,232.14,221.79,254.67,0.0,0.0,0.0,9.8,9.8,-5.36
GBR,Europe,United Kingdom,2024-04-22,24920597.0,0.0,232.14,232112.0,0.0,0.0,365515.5,0.0,3.4,3404.43,0.0,0.0,,,,,,,,,,,,,,,,,,,,53813491.0,50762968.0,,0.0,,,,,,,,,,272.9,40.8,18.52,12.53,39753.24,0.2,122.14,4.28,20.0,24.7,,2.54,81.32,0.93,67508936.0,,,,,United Kingdom,Europe,0.9314,0.3438,343.8241,36914.516,79.7131,75.1944,232.14,221.79,254.67,0.0,0.0,0.0,0.0,9.8,-5.36
GBR,Europe,United Kingdom,2024-04-29,24922647.0,0.0,292.86,232112.0,0.0,0.0,365545.56,0.0,4.3,3404.43,0.0,0.0,,,,,,,,,,,,,,,,,,,,53813491.0,50762968.0,,0.0,,,,,,,,,,272.9,40.8,18.52,12.53,39753.24,0.2,122.14,4.28,20.0,24.7,,2.54,81.32,0.93,67508936.0,,,,,United Kingdom,Europe,0.9313,0.3438,343.8241,36917.5527,79.7131,75.1944,292.86,262.5,272.93,0.0,0.0,0.0,0.0,26.16,36.49
GBR,Europe,United Kingdom,2024-05-03,24922647.0,0.0,292.86,232112.0,0.0,0.0,365545.56,0.0,4.3,3404.43,0.0,0.0,,,,,,,,,,,,,,,,,,,,53813491.0,50762968.0,,0.0,,,,,,,,,,272.9,40.8,18.52,12.53,39753.24,0.2,122.14,4.28,20.0,24.7,,2.54,81.32,0.93,67508936.0,,,,,United Kingdom,Europe,0.9313,0.3438,343.8241,36917.5527,79.7131,75.1944,292.86,262.5,224.4,0.0,0.0,0.0,0.0,26.16,40.8
GBR,Europe,United Kingdom,2024-05-04,24922647.0,0.0,292.86,232112.0,0.0,0.0,365545.56,0.0,4.3,3404.43,0.0,0.0,,,,,,,,,,,,,,,,,,,,53813491.0,50762968.0,,0.0,,,,,,,,,,272.9,40.8,18.52,12.53,39753.24,0.2,122.14,4.28,20.0,24.7,,2.54,81.32,0.93,67508936.0,,,,,United Kingdom,Europe,0.9313,0.3438,343.8241,36917.5527,79.7131,75.1944,292.86,262.5,224.4,0.0,0.0,0.0,0.0,26.16,40.8
GBR,Europe,United Kingdom,2024-05-19,24931040.0,2597.0,371.0,232112.0,0.0,0.0,365668.7,38.09,5.44,3404.43,0.0,0.0,,,,,,,,,,,,,,,,,,,,53813491.0,50762968.0,,0.0,,,,,,,,,,272.9,40.8,18.52,12.53,39753.24,0.2,122.14,4.28,20.0,24.7,,2.54,81.32,0.93,67508936.0,,,,,United Kingdom,Europe,0.931,0.3438,343.8241,36929.9851,79.7131,75.1944,371.0,396.14,402.27,0.0,0.0,0.0,-11.94,-11.94,75.47
GBR,Europe,United Kingdom,2024-07-07,24956845.0,4706.0,672.29,232112.0,0.0,0.0,366047.16,69.02,9.86,3404.43,0.0,0.0,,,,,,,,,,,,,,,,,,,,53813491.0,50762968.0,,0.0,,,,,,,,,,272.9,40.8,18.52,12.53,39753.24,0.2,122.14,4.28,20.0,24.7,,2.54,81.32,0.93,67508936.0,,,,,United Kingdom,Europe,0.9301,0.3438,343.8241,36968.2097,79.7131,75.1944,672.29,682.29,703.67,0.0,0.0,0.0,-2.89,-2.89,95.03
GBR,Europe,United Kingdom,2024-07-15,24962060.0,0.0,745.0,232112.0,0.0,0.0,366123.66,0.0,10.93,3404.43,0.0,0.0,,,,,,,,,,,,,,,,,,,,53813491.0,50762968.0,,0.0,,,,,,,,,,272.9,40.8,18.52,12.53,39753.24,0.2,122.14,4.28,20.0,24.7,,2.54,81.32,0.93,67508936.0,,,,,United Kingdom,Europe,0.9299,0.3438,343.8241,36975.9346,79.7131,75.1944,745.0,708.64,781.77,0.0,0.0,0.0,0.0,10.82,81.58
USA,North America,United States,2020-01-06,0.0,0.0,,0.0,0.0,,0.0,0.0,,0.0,0.0,,,,,,,,,,,,,,,,,,,,,0.0,0.0,,0.0,,,,,,,,,0.0,35.61,38.3,15.41,9.73,54225.45,1.2,151.09,10.79,19.1,24.6,,2.77,78.86,0.93,338289856.0,,,,,United States,North America,0.0,0.0,0.0,0.0,0.0,0.0,0.0,0.0,0.0,0.0,0.0,0.0,0.0,0.0,0.0
USA,North America,United States,2020-01-31,7.0,0.0,1.0,0.0,0.0,0.0,0.02,0.0,0.0,0.0,0.0,0.0,,,,,,,,,,,,,,,,,,,,0.0,0.0,,0.0,,,,,,,,,0.0,35.61,38.3,15.41,9.73,54225.45,1.2,151.09,10.79,19.1,24.6,,2.77,78.86,0.93,338289856.0,,,,,United States,North America,0.0,0.0,0.0,0.0021,0.0,0.0,1.0,0.5,0.26,0.0,0.0,0.0,0.0,0.0,0.0
USA,North America,United States,2020-02-02,9.0,2.0,0.29,0.0,0.0,0.0,0.03,0.01,0.0,0.0,0.0,0.0,,,,,,,,,,,,,,,,,,,,0.0,0.0,,0.0,,,,,,,,,5.56,35.61,38.3,15.41,9.73,54225.45,1.2,151.09,10.79,19.1,24.6,,2.77,78.86,0.93,338289856.0,-10523.3,-3.42,-2.5,-31.32,United States,North America,0.0,0.0,0.0,0.0027,0.0,0.0,0.29,0.64,0.31,0.0,0.0,0.0,-71.0,-71.0,0.0
USA,North America,United States,2020-02-08,9.0,0.0,0.29,0.0,0.0,0.0,0.03,0.0,0.0,0.0,0.0,0.0,,,,,,,,,,,,,,,,,,,,0.0,0.0,,0.0,,,,,,,,,5.56,35.61,38.3,15.41,9.73,54225.45,1.2,151.09,10.79,19.1,24.6,,2.77,78.86,0.93,338289856.0,,,,,United States,North America,0.0,0.0,0.0,0.0027,0.0,0.0,0.29,0.64,0.3,0.0,0.0,0.0,0.0,-71.0,0.0
USA,North America,United States,2020-02-10,20.0,0.0,1.57,0.0,0.0,0.0,0.06,0.0,0.0,0.0,0.0,0.0,,,,,,,,,,,,,,,,,,,,0.0,0.0,,0.0,,,,,,,,,5.56,35.61,38.3,15.41,9.73,54225.45,1.2,151.09,10.79,19.1,24.6,,2.77,78.86,0.93,338289856.0,,,,,United States,North America,0.0,0.0,0.0,0.0059,0.0,0.0,1.57,0.93,0.67,0.0,0.0,0.0,0.0,441.38,0.0
USA,North America,United States,2020-02-20,24.0,0.0,0.57,0.0,0.0,0.0,0.07,0.0,0.0,0.0,0.0,0.0,,,,,,,,,,,,,,,,,,,,0.0,0.0,,0.0,,,,,,,,,8.33,35.61,38.3,15.41,9.73,54225.45,1.2,151.09,10.79,19.1,24.6,,2.77,78.86,0.93,338289856.0,,,,,United States,North America,0.0,0.0,0.0,0.0071,0.0,0.0,0.57,1.07,0.8,0.0,0.0,0.0,0.0,-63.69,0.0
USA,North America,United States,2020-02-21,24.0,0.0,0.57,0.0,0.0,0.0,0.07,0.0,0.0,0.0,0.0,0.0,,,,,,,,,,,,,,,,,,,,0.0,0.0,,0.0,,,,,,,,,8.33,35.61,38.3,15.41,9.73,54225.45,1.2,151.09,10.79,19.1,24.6,,2.77,78.86,0.93,338289856.0,,,,,United States,North America,0.0,0.0,0.0,0.0071,0.0,0.0,0.57,1.07,0.8,0.0,0.0,0.0,0.0,-63.69,0.0
USA,North America,United States,2020-02-25,40.0,0.0,2.29,0.0,0.0,0.0,0.12,0.0,0.01,0.0,0.0,0.0,,,,,,,,,,,,,,,,,,,,0.0,0.0,,0.0,,,,,,,,,8.33,35.61,38.3,15.41,9.73,54225.45,1.2,151.09,10.79,19.1,24.6,,2.77,78.86,0.93,338289856.0,,,,,United States,North America,0.0,0.0,0.0,0.0118,0.0,0.0,2.29,1.43,1.1,0.0,0.0,0.0,0.0,301.75,129.0
USA,North America,United States,2020-03-06,73.0,0.0,4.71,1.0,0.0,0.14,0.21,0.0,0.01,0.0,0.0,0.0,3.55,,,,,,,,,5095.0,1523.0,0.02,0.0,,,,,tests performed,,0.0,0.0,,0.0,,,,,,,,,20.37,35.61,38.3,15.41,9.73,54225.45,1.2,151.09,10.79,19.1,24.6,,2.77,78.86,0.93,338289856.0,,,,,United States,North America,1.3699,0.0,0.0003,0.0216,0.0,0.0,4.71,3.5,2.13,0.14,0.07,0.03,0.0,105.68,1524.14
USA,North America,United States,2020-03-25,31415.0,0.0,3926.57,374.0,0.0,43.57,91.98,0.0,11.5,1.1,0.0,0.13,2.57,,,,,,,,,770807.0,114711.0,2.29,0.34,83702.0,0.25,0.16,6.2,tests performed,,0.0,0.0,,0.0,,,,,,,,,72.69,35.61,38.3,15.41,9.73,54225.45,1.2,151.09,10.79,19.1,24.6,,2.77,78.86,0.93,338289856.0,,,,,United States,North America,1.1905,0.0001,0.1106,9.2864,0.0,0.0,3926.57,2210.79,1045.83,43.57,25.36,12.47,0.0,693.25,171365.94
USA,North America,United States,2020-04-01,126309.0,0.0,13556.29,2106.0,0.0,247.43,369.83,0.0,39.69,6.17,0.0,0.72,1.85,,,,,,,,,1686877.0,153137.0,5.01,0.45,130867.0,0.39,0.2,5.0,tests performed,,0.0,0.0,,0.0,,,,,,,,,72.69,35.61,38.3,15.41,9.73,54225.45,1.2,151.09,10.79,19.1,24.6,,2.77,78.86,0.93,338289856.0,,,,,United States,North America,1.6673,0.0006,0.6225,37.3375,0.0,0.0,13556.29,8741.43,4207.87,247.43,145.5,70.17,0.0,245.25,287719.32
USA,North America,United States,2020-04-03,126309.0,0.0,13556.29,2106.0,0.0,247.43,369.83,0.0,39.69,6.17,0.0,0.72,1.63,,,,,,,,,2017976.0,169304.0,5.99,0.5,140291.0,0.42,0.21,4.8,tests performed,,0.0,0.0,,0.0,,,,,,,,,72.69,35.61,38.3,15.41,9.73,54225.45,1.2,151.09,10.79,19.1,24.6,,2.77,78.86,0.93,338289856.0,,,,,United States,North America,1.6673,0.0006,0.6225,37.3375,0.0,0.0,13556.29,8741.43,4207.87,247.43,145.5,70.17,0.0,245.25,287719.32
USA,North America,United States,2020-04-08,302460.0,0.0,25164.43,8748.0,0.0,948.86,885.59,0.0,73.68,25.61,0.0,2.78,1.26,,,,,,,,,2795824.0,168334.0,8.3,0.5,158421.0,0.47,0.21,4.9,tests performed,,0.0,0.0,,0.0,,,,,,,,,72.69,35.61,38.3,15.41,9.73,54225.45,1.2,151.09,10.79,19.1,24.6,,2.77,78.86,0.93,338289856.0,,,,,United States,North America,2.8923,0.0026,2.5859,89.4085,0.0,0.0,25164.43,19360.36,10066.53,948.86,598.14,290.97,0.0,85.63,44949.1
USA,North America,United States,2020-04-10,302460.0,0.0,25164.43,8748.0,0.0,948.86,885.59,0.0,73.68,25.61,0.0,2.78,1.16,,,,,,,,,3142018.0,172118.0,9.32,0.51,160577.0,0.48,0.2,4.9,tests performed,,0.0,0.0,,0.0,,,,,,,,,72.69,35.61,38.3,15.41,9.73,54225.45,1.2,151.09,10.79,19.1,24.6,,2.77,78.86,0.93,338289856.0,,,,,United States,North America,2.8923,0.0026,2.5859,89.4085,0.0,0.0,25164.43,19360.36,10066.53,948.86,598.14,290.97,0.0,85.63,44949.1
USA,North America,United States,2020-04-15,521632.0,0.0,31310.29,22637.0,0.0,1984.14,1527.32,0.0,91.68,66.28,0.0,5.81,1.02,,,,,,,,,3913295.0,172412.0,11.61,0.51,159639.0,0.47,0.2,5.1,tests performed,,0.0,0.0,,0.0,,,,,,,,,72.69,35.61,38.3,15.41,9.73,54225.45,1.2,151.09,10.79,19.1,24.6,,2.77,78.86,0.93,338289856.0,,,,,United States,North America,4.3396,0.0067,6.6916,154.1968,0.0,0.0,31310.29,28237.36,17256.77,1984.14,1466.5,752.27,0.0,24.42,6225.31
USA,North America,United States,2020-04-25,717782.0,0.0,28021.43,38535.0,0.0,2271.14,2101.64,0.0,82.05,112.83,0.0,6.65,1.0,,,,,,,,,5928518.0,219677.0,17.59,0.65,209278.0,0.62,0.16,6.5,tests performed,,0.0,0.0,,0.0,,,,,,,,,72.69,35.61,38.3,15.41,9.73,54225.45,1.2,151.09,10.79,19.1,24.6,,2.77,78.86,0.93,338289856.0,,,,,United States,North America,5.3686,0.0114,11.3911,212.1796,0.0,0.0,28021.43,29665.86,22878.9,2271.14,2127.64,1272.03,0.0,-10.5,613.64
USA,North America,United States,2020-04-26,922947.0,205165.0,29309.29,53434.0,14899.0,2128.43,2702.36,600.72,85.82,156.45,43.62,6.23,0.99,,,,,,,,,6100208.0,171690.0,18.1,0.51,214602.0,0.64,0.15,6.5,tests performed,,0.0,0.0,,0.0,,,,,,,,,72.69,35.61,38.3,15.41,9.73,54225.45,1.2,151.09,10.79,19.1,24.6,,2.77,78.86,0.93,338289856.0,71089.5,7.08,34.32,211.61,United States,North America,5.7895,0.0158,15.7953,272.8273,0.0,0.0,29309.29,28665.36,29717.73,2128.43,2199.79,1768.67,4.6,4.6,646.43
USA,North America,United States,2020-04-28,922947.0,0.0,29309.29,53434.0,0.0,2128.43,2702.36,0.0,85.82,156.45,0.0,6.23,0.97,,,,,,,,,6595978.0,269839.0,19.57,0.8,230874.0,0.68,0.15,6.8,tests performed,,0.0,0.0,,0.0,,,,,,,,,72.69,35.61,38.3,15.41,9.73,54225.45,1.2,151.09,10.79,19.1,24.6,,2.77,78.86,0.93,338289856.0,,,,,United States,North America,5.7895,0.0158,15.7953,272.8273,0.0,0.0,29309.29,28665.36,26554.6,2128.43,2199.79,1710.93,0.0,4.6,116.2
USA,North America,United States,2020-05-04,1121383.0,0.0,28348.0,67069.0,0.0,1947.86,3283.37,0.0,83.0,196.38,0.0,5.7,0.95,,,,,,,,,8277321.0,250773.0,24.56,0.74,278740.0,0.83,0.12,8.1,tests performed,,0.0,0.0,,0.0,,,,,,,,,72.69,35.61,38.3,15.41,9.73,54225.45,1.2,151.09,10.79,19.1,24.6,,2.77,78.86,0.93,338289856.0,,,,,United States,North America,5.9809,0.0198,19.8259,331.4858,0.0,0.0,28348.0,28828.64,33169.13,1947.86,2038.14,2165.43,0.0,-3.28,109.11
USA,North America,United States,2020-05-16,1303629.0,0.0,26035.14,79827.0,0.0,1822.57,3816.98,0.0,76.23,233.73,0.0,5.34,0.94,,,,,,,,,12762569.0,366141.0,37.87,1.09,386249.0,1.15,0.08,12.2,tests performed,,0.0,0.0,,0.0,,,,,,,,,72.69,35.61,38.3,15.41,9.73,54225.45,1.2,151.09,10.79,19.1,24.6,,2.77,78.86,0.93,338289856.0,,,,,United States,North America,6.1234,0.0236,23.5972,385.3586,0.0,0.0,26035.14,27191.57,26066.57,1822.57,1885.21,1906.33,0.0,-8.16,-16.85
USA,North America,United States,2020-06-07,1935202.0,149780.0,21397.14,111312.0,5987.0,855.29,5666.2,438.55,62.65,325.92,17.53,2.5,1.0,,,,,,,,,22870161.0,405716.0,67.86,1.2,515273.0,1.53,0.06,17.2,tests performed,,0.0,0.0,,0.0,,,,,,,,,72.69,35.61,38.3,15.41,9.73,54225.45,1.2,151.09,10.79,19.1,24.6,,2.77,78.86,0.93,338289856.0,128447.1,9.68,10.21,382.35,United States,North America,5.752,0.0329,32.9043,572.0544,0.0,0.0,21397.14,21158.29,27127.3,855.29,914.07,1474.77,2.28,2.28,-24.52
USA,North America,United States,2020-06-08,1935202.0,0.0,21397.14,111312.0,0.0,855.29,5666.2,0.0,62.65,325.92,0.0,2.5,1.0,,,,,,,,,23319580.0,449419.0,69.2,1.33,516697.0,1.53,0.06,16.9,tests performed,,0.0,0.0,,0.0,,,,,,,,,72.69,35.61,38.3,15.41,9.73,54225.45,1.2,151.09,10.79,19.1,24.6,,2.77,78.86,0.93,338289856.0,,,,,United States,North America,5.752,0.0329,32.9043,572.0544,0.0,0.0,21397.14,21158.29,27127.3,855.29,914.07,1474.77,0.0,2.28,-24.52
USA,North America,United States,2020-06-13,1935202.0,0.0,21397.14,111312.0,0.0,855.29,5666.2,0.0,62.65,325.92,0.0,2.5,1.08,,,,,,,,,26272873.0,531849.0,77.96,1.58,544061.0,1.61,0.06,17.2,tests performed,,0.0,0.0,,0.0,,,,,,,,,72.69,35.61,38.3,15.41,9.73,54225.45,1.2,151.09,10.79,19.1,24.6,,2.77,78.86,0.93,338289856.0,,,,,United States,North America,5.752,0.0329,32.9043,572.0544,0.0,0.0,21397.14,21158.29,21052.43,855.29,914.07,1049.5,0.0,2.28,-17.81
USA,North America,United States,2020-06-20,2087078.0,0.0,21696.57,116682.0,0.0,767.14,6110.89,0.0,63.53,341.64,0.0,2.25,1.22,,,,,,,,,30563132.0,584336.0,90.69,1.73,612894.0,1.82,0.07,13.5,tests performed,,0.0,0.0,,0.0,,,,,,,,,68.98,35.61,38.3,15.41,9.73,54225.45,1.2,151.09,10.79,19.1,24.6,,2.77,78.86,0.93,338289856.0,,,,,United States,North America,5.5907,0.0345,34.4917,616.9496,0.0,0.0,21696.57,21546.86,20480.57,767.14,811.21,890.83,0.0,1.4,-10.15
USA,North America,United States,2020-07-03,2525377.0,0.0,36896.86,127218.0,0.0,868.71,7394.22,0.0,108.03,372.49,0.0,2.54,1.22,,,,,,,,,39910121.0,801413.0,118.43,2.38,761038.0,2.26,0.1,10.2,tests performed,,0.0,0.0,,0.0,,,,,,,,,68.98,35.61,38.3,15.41,9.73,54225.45,1.2,151.09,10.79,19.1,24.6,,2.77,78.86,0.93,338289856.0,,,,,United States,North America,5.0376,0.0376,37.6062,746.5128,0.0,0.0,36896.86,31307.07,24665.17,868.71,752.57,729.77,0.0,43.47,76.38
USA,North America,United States,2020-08-11,5001075.0,0.0,53701.29,167535.0,0.0,1114.14,14642.98,0.0,157.24,490.54,0.0,3.26,0.95,13058.0,38.6,41645.0,123.1,,,32371.0,95.69,74655066.0,909628.0,221.53,2.7,872997.0,2.59,0.07,14.3,tests performed,,0.0,0.0,,0.0,,,,,,,,,68.98,35.61,38.3,15.41,9.73,54225.45,1.2,151.09,10.79,19.1,24.6,,2.77,78.86,0.93,338289856.0,,,,,United States,North America,3.35,0.0495,49.5241,1478.3402,0.0,0.0,53701.29,57654.21,58044.23,1114.14,1138.93,1011.23,0.0,-12.83,-4.15
USA,North America,United States,2020-08-17,5363737.0,0.0,51808.86,174939.0,0.0,1057.71,15704.84,0.0,151.7,512.22,0.0,3.1,0.87,11967.0,35.38,39032.0,115.38,,,32164.0,95.08,79644369.0,677112.0,236.34,2.01,842704.0,2.5,0.06,15.9,tests performed,,0.0,0.0,,0.0,,,,,,,,,68.98,35.61,38.3,15.41,9.73,54225.45,1.2,151.09,10.79,19.1,24.6,,2.77,78.86,0.93,338289856.0,,,,,United States,North America,3.2615,0.0517,51.7128,1585.5447,0.0,0.0,51808.86,52755.07,70132.97,1057.71,1085.93,1258.03,0.0,-3.52,-7.53
USA,North America,United States,2020-08-19,5363737.0,0.0,51808.86,174939.0,0.0,1057.71,15704.84,0.0,151.7,512.22,0.0,3.1,0.87,11571.0,34.2,38002.0,112.34,,,31929.0,94.38,81545629.0,1005392.0,241.98,2.98,837416.0,2.48,0.06,16.7,tests performed,,0.0,0.0,,0.0,,,,,,,,,68.98,35.61,38.3,15.41,9.73,54225.45,1.2,151.09,10.79,19.1,24.6,,2.77,78.86,0.93,338289856.0,,,,,United States,North America,3.2615,0.0517,51.7128,1585.5447,0.0,0.0,51808.86,52755.07,54590.73,1057.71,1085.93,1035.83,0.0,-3.52,-22.22
USA,North America,United States,2020-09-09,6269724.0,0.0,42179.0,193664.0,0.0,815.0,18357.54,0.0,123.5,567.04,0.0,2.39,0.94,8784.0,25.97,28775.0,85.06,,,26616.0,78.68,98933342.0,959737.0,293.57,2.85,779429.0,2.31,0.05,20.0,tests performed,,0.0,0.0,,0.0,,,,,,,,,68.98,35.61,38.3,15.41,9.73,54225.45,1.2,151.09,10.79,19.1,24.6,,2.77,78.86,0.93,338289856.0,,,,,United States,North America,3.0889,0.0572,57.2479,1853.3586,0.0,0.0,42179.0,42157.07,42288.3,815.0,860.57,870.97,0.0,0.1,-21.46
USA,North America,United States,2020-09-24,6796322.0,0.0,40139.57,203817.0,0.0,739.43,19899.4,0.0,117.53,596.77,0.0,2.16,1.02,7830.0,23.15,26407.0,78.06,,,24266.0,71.73,113578605.0,1203312.0,337.03,3.57,997803.0,2.96,0.05,21.7,tests performed,,0.0,0.0,,0.0,,,,,,,,,66.2,35.61,38.3,15.41,9.73,54225.45,1.2,151.09,10.79,19.1,24.6,,2.77,78.86,0.93,338289856.0,,,,,United States,North America,2.9989,0.0602,60.2492,2009.0233,0.0,0.0,40139.57,37614.14,37226.57,739.43,725.21,740.03,0.0,14.39,-11.02
USA,North America,United States,2020-09-28,7101096.0,0.0,43539.14,208593.0,0.0,682.29,20791.77,0.0,127.48,610.75,0.0,2.0,1.03,7915.0,23.4,27021.0,79.88,,,25358.0,74.96,116915108.0,668427.0,346.93,1.98,968007.0,2.87,0.05,20.8,tests performed,,0.0,0.0,,0.0,,,,,,,,,66.2,35.61,38.3,15.41,9.73,54225.45,1.2,151.09,10.79,19.1,24.6,,2.77,78.86,0.93,338289856.0,,,,,United States,North America,2.9375,0.0617,61.661,2099.1159,0.0,0.0,43539.14,41839.36,47385.7,682.29,710.86,899.23,0.0,8.47,-3.49
USA,North America,United States,2020-10-08,7399444.0,0.0,42621.14,213280.0,0.0,669.57,21665.32,0.0,124.79,624.48,0.0,1.96,1.11,8624.0,25.49,31015.0,91.68,,,31383.0,92.77,128024046.0,1435087.0,379.9,4.26,1099513.0,3.26,0.05,20.8,tests performed,,0.0,0.0,,0.0,,,,,,,,,66.2,35.61,38.3,15.41,9.73,54225.45,1.2,151.09,10.79,19.1,24.6,,2.77,78.86,0.93,338289856.0,,,,,United States,North America,2.8824,0.063,63.0465,2187.3089,0.0,0.0,42621.14,43080.14,37657.33,669.57,675.93,653.87,0.0,-2.11,1.05
USA,North America,United States,2020-10-14,7733693.0,0.0,47749.86,217895.0,0.0,659.29,22643.99,0.0,139.81,637.99,0.0,1.93,1.14,9303.0,27.5,33936.0,100.32,,,34343.0,101.52,134391289.0,1232849.0,398.79,3.66,1114619.0,3.31,0.06,18.2,tests performed,,0.0,0.0,,0.0,,,,,,,,,66.2,35.61,38.3,15.41,9.73,54225.45,1.2,151.09,10.79,19.1,24.6,,2.77,78.86,0.93,338289856.0,,,,,United States,North America,2.8175,0.0644,64.4107,2286.1144,0.0,0.0,47749.86,45185.5,40611.6,659.29,664.43,641.8,0.0,12.03,36.08
USA,North America,United States,2020-11-16,10925098.0,0.0,143549.29,250436.0,0.0,1245.29,31988.31,0.0,420.31,733.27,0.0,3.65,1.21,17538.0,51.84,73100.0,216.09,,,73406.0,216.99,178908952.0,1492734.0,530.89,4.43,1625867.0,4.82,0.11,9.3,tests performed,,0.0,0.0,,0.0,,,,,,,,,75.46,35.61,38.3,15.41,9.73,54225.45,1.2,151.09,10.79,19.1,24.6,,2.77,78.86,0.93,338289856.0,,,,,United States,North America,2.2923,0.074,74.03,3229.508,0.0,0.0,143549.29,128209.93,106380.17,1245.29,1137.21,1084.7,0.0,27.18,200.63
USA,North America,United States,2020-11-23,12100581.0,0.0,167926.14,261256.0,0.0,1545.71,35430.09,0.0,491.68,764.95,0.0,4.53,1.1,20176.0,59.64,84179.0,248.84,,,83419.0,246.59,192098561.0,1674215.0,570.03,4.97,1884230.0,5.59,0.1,10.0,tests performed,,0.0,0.0,,0.0,,,,,,,,,75.46,35.61,38.3,15.41,9.73,54225.45,1.2,151.09,10.79,19.1,24.6,,2.77,78.86,0.93,338289856.0,,,,,United States,North America,2.159,0.0772,77.2284,3576.9861,0.0,0.0,167926.14,155737.71,132641.8,1545.71,1395.5,1285.33,0.0,16.98,203.25
USA,North America,United States,2020-11-26,12100581.0,0.0,167926.14,261256.0,0.0,1545.71,35430.09,0.0,491.68,764.95,0.0,4.53,1.04,21025.0,62.15,86555.0,255.86,,,86419.0,255.46,197804335.0,1506621.0,586.96,4.47,1830307.0,5.43,0.1,10.1,tests performed,,0.0,0.0,,0.0,,,,,,,,,75.46,35.61,38.3,15.41,9.73,54225.45,1.2,151.09,10.79,19.1,24.6,,2.77,78.86,0.93,338289856.0,,,,,United States,North America,2.159,0.0772,77.2284,3576.9861,0.0,0.0,167926.14,155737.71,117660.53,1545.71,1395.5,1094.57,0.0,16.98,161.55
USA,North America,United States,2020-12-29,18890446.0,0.0,194303.14,342920.0,0.0,2619.0,55310.59,0.0,568.91,1004.06,0.0,7.67,1.03,27782.0,82.12,122665.0,362.6,,,106709.0,315.44,253776388.0,1887954.0,753.05,5.6,1484990.0,4.41,0.13,7.5,tests performed,4440692.0,4326189.0,36033.0,,729136.0,336588.0,1.34,1.3,0.01,,1014.0,328129.0,0.1,71.76,35.61,38.3,15.41,9.73,54225.45,1.2,151.09,10.79,19.1,24.6,,2.77,78.86,0.93,338289856.0,,,,,United States,North America,1.8153,0.1014,101.3687,5584.1006,1.2788,0.0107,194303.14,205575.0,187582.13,2619.0,2657.07,2323.8,0.0,-10.4,17.01
USA,North America,United States,2021-01-19,23528547.0,0.0,227136.43,407379.0,0.0,3330.29,68890.78,0.0,665.05,1192.79,0.0,9.75,0.86,27584.0,81.54,119384.0,352.9,,,105522.0,311.93,289978990.0,1818812.0,860.48,5.4,1722012.0,5.11,0.11,9.1,tests performed,21463944.0,17946827.0,3107581.0,,1353803.0,1018442.0,6.46,5.41,0.94,,3068.0,822821.0,0.25,71.76,35.61,38.3,15.41,9.73,54225.45,1.2,151.09,10.79,19.1,24.6,,2.77,78.86,0.93,338289856.0,,,,,United States,North America,1.7314,0.1204,120.4231,6955.1441,5.3052,0.9186,227136.43,232650.43,199940.77,3330.29,3200.64,2759.73,0.0,-4.63,4.75
USA,North America,United States,2021-01-20,23528547.0,0.0,227136.43,407379.0,0.0,3330.29,68890.78,0.0,665.05,1192.79,0.0,9.75,0.85,26998.0,79.81,117115.0,346.2,,,103149.0,304.91,292123956.0,2144966.0,866.84,6.36,1725658.0,5.12,0.11,9.3,tests performed,23079181.0,19108490.0,3532501.0,,1615237.0,1058496.0,6.95,5.76,1.06,,3188.0,840786.0,0.25,71.76,35.61,38.3,15.41,9.73,54225.45,1.2,151.09,10.79,19.1,24.6,,2.77,78.86,0.93,338289856.0,,,,,United States,North America,1.7314,0.1204,120.4231,6955.1441,5.6486,1.0442,227136.43,232650.43,199940.77,3330.29,3200.64,2759.73,0.0,-4.63,4.75
USA,North America,United States,2021-01-27,24794408.0,0.0,180837.29,429874.0,0.0,3213.57,72597.18,0.0,529.48,1258.66,0.0,9.41,0.84,24353.0,71.99,102636.0,303.4,,,89325.0,264.05,303815045.0,2078955.0,901.54,6.17,1670156.0,4.96,0.09,10.8,tests performed,32684763.0,26077399.0,6000698.0,,1938126.0,1372226.0,9.84,7.85,1.81,,4133.0,995558.0,0.3,71.76,35.61,38.3,15.41,9.73,54225.45,1.2,151.09,10.79,19.1,24.6,,2.77,78.86,0.93,338289856.0,,,,,United States,North America,1.7338,0.1271,127.0727,7329.3383,7.7086,1.7738,180837.29,203986.86,196798.73,3213.57,3271.93,2898.47,0.0,-20.38,-6.93
USA,North America,United States,2021-02-08,26720283.0,0.0,122464.29,472223.0,0.0,2871.43,78236.08,0.0,358.57,1382.65,0.0,8.41,0.78,19328.0,57.13,76870.0,227.23,,,67658.0,200.0,321557379.0,1050833.0,954.18,3.12,1503514.0,4.46,0.07,14.1,tests performed,51414409.0,37635054.0,12755772.0,2.0,1587115.0,1704200.0,15.49,11.34,3.84,0.0,5133.0,992254.0,0.3,68.06,35.61,38.3,15.41,9.73,54225.45,1.2,151.09,10.79,19.1,24.6,,2.77,78.86,0.93,338289856.0,,,,,United States,North America,1.7673,0.1396,139.5912,7898.6356,11.1251,3.7707,122464.29,137562.5,214961.4,2871.43,3024.93,3655.1,0.0,-19.78,-37.93
USA,North America,United States,2021-02-24,27864340.0,0.0,67640.71,506493.0,0.0,2061.71,81585.83,0.0,198.05,1482.99,0.0,6.04,0.88,12891.0,38.11,50956.0,150.63,,,45300.0,133.91,341994565.0,1698083.0,1014.83,5.04,1275183.0,3.78,0.05,20.0,tests performed,79311352.0,51363520.0,26294065.0,8.0,2535910.0,1671486.0,23.89,15.47,7.92,0.0,5034.0,746898.0,0.22,68.06,35.61,38.3,15.41,9.73,54225.45,1.2,151.09,10.79,19.1,24.6,,2.77,78.86,0.93,338289856.0,,,,,United States,North America,1.8177,0.1497,149.7216,8236.824,15.1833,7.7726,67640.71,81718.36,102331.07,2061.71,2447.86,2553.97,0.0,-29.39,-62.6
USA,North America,United States,2021-02-27,27864340.0,0.0,67640.71,506493.0,0.0,2061.71,81585.83,0.0,198.05,1482.99,0.0,6.04,0.88,11716.0,34.63,45334.0,134.01,,,42526.0,125.71,346177659.0,1079056.0,1027.24,3.2,1323645.0,3.93,0.05,20.8,tests performed,87376038.0,55705443.0,29864103.0,9.0,1996210.0,2088405.0,26.32,16.78,8.99,0.0,6290.0,1045872.0,0.32,68.06,35.61,38.3,15.41,9.73,54225.45,1.2,151.09,10.79,19.1,24.6,,2.77,78.86,0.93,338289856.0,,,,,United States,North America,1.8177,0.1497,149.7216,8236.824,16.4668,8.828,67640.71,81718.36,102331.07,2061.71,2447.86,2553.97,0.0,-29.39,-62.6
USA,North America,United States,2021-03-21,29514381.0,379551.0,54221.57,545122.0,6264.0,894.86,86417.1,1111.31,158.76,1596.1,18.34,2.62,1.01,8127.0,24.02,33283.0,98.39,,,32999.0,97.55,373062615.0,615497.0,1107.02,1.83,1217133.0,3.61,0.04,22.7,tests performed,141598741.0,90645717.0,51336336.0,23.0,1027911.0,2609841.0,42.65,27.3,15.46,0.0,7861.0,1737034.0,0.52,64.35,35.61,38.3,15.41,9.73,54225.45,1.2,151.09,10.79,19.1,24.6,,2.77,78.86,0.93,338289856.0,608535.0,16.76,1.9,1805.75,United States,North America,1.847,0.1611,161.1405,8724.5835,26.7953,15.1753,54221.57,54539.36,70784.2,894.86,1058.79,1768.7,-1.16,-1.16,-43.4
USA,North America,United States,2021-03-30,29932199.0,0.0,59688.29,551233.0,0.0,873.0,87640.45,0.0,174.76,1613.99,0.0,2.56,1.06,8572.0,25.34,35418.0,104.7,,,35409.0,104.67,384247812.0,1536744.0,1140.21,4.56,1238538.0,3.68,0.05,19.2,tests performed,168321927.0,106428542.0,62900117.0,40.0,3593032.0,3043800.0,50.7,32.06,18.95,0.0,9168.0,1743577.0,0.52,56.02,35.61,38.3,15.41,9.73,54225.45,1.2,151.09,10.79,19.1,24.6,,2.77,78.86,0.93,338289856.0,,,,,United States,North America,1.8416,0.1629,162.9469,8848.0924,31.4608,18.5936,59688.29,56954.93,53403.6,873.0,883.93,1046.0,0.0,10.08,-10.29
USA,North America,United States,2021-04-11,30838109.0,455950.0,65135.71,561488.0,4903.0,700.43,90292.93,1335.01,190.72,1644.02,14.36,2.05,1.04,9245.0,27.33,38089.0,112.59,,,39199.0,115.87,398976042.0,645675.0,1183.91,1.92,1258502.0,3.73,0.06,18.2,tests performed,208353016.0,129298792.0,83968805.0,72.0,1402874.0,3508126.0,62.76,38.94,25.29,0.0,10566.0,2017866.0,0.61,54.61,35.61,38.3,15.41,9.73,54225.45,1.2,151.09,10.79,19.1,24.6,,2.77,78.86,0.93,338289856.0,614239.3,16.14,5.3,1822.68,United States,North America,1.8208,0.166,165.9784,9115.8835,38.2213,24.8216,65135.71,64707.86,69575.97,700.43,732.5,1039.63,1.33,1.33,8.37
USA,North America,United States,2021-04-14,30838109.0,0.0,65135.71,561488.0,0.0,700.43,90292.93,0.0,190.72,1644.02,0.0,2.05,1.01,9581.0,28.32,39469.0,116.67,,,39340.0,116.29,403324959.0,1677285.0,1196.82,4.98,1282919.0,3.81,0.05,18.5,tests performed,218574244.0,134425980.0,89353466.0,78.0,3709110.0,3334168.0,65.83,40.49,26.91,0.0,10042.0,1810914.0,0.55,54.52,35.61,38.3,15.41,9.73,54225.45,1.2,151.09,10.79,19.1,24.6,,2.77,78.86,0.93,338289856.0,,,,,United States,North America,1.8208,0.166,165.9784,9115.8835,39.7369,26.4133,65135.71,64707.86,56775.97,700.43,732.5,754.33,0.0,1.33,18.74
USA,North America,United States,2021-05-13,32342152.0,0.0,41760.57,580028.0,0.0,635.86,94696.72,0.0,122.27,1698.3,0.0,1.86,0.81,7917.0,23.4,28174.0,83.28,,,27569.0,81.5,437383019.0,1196360.0,1297.88,3.55,1036861.0,3.08,0.03,30.3,tests performed,288220296.0,161465741.0,132482306.0,183.0,2289866.0,1810123.0,86.81,48.63,39.9,0.0,5452.0,604512.0,0.18,60.65,35.61,38.3,15.41,9.73,54225.45,1.2,151.09,10.79,19.1,24.6,,2.77,78.86,0.93,338289856.0,,,,,United States,North America,1.7934,0.1715,171.4589,9560.4853,47.73,39.1624,41760.57,45052.21,50134.77,635.86,638.86,618.0,0.0,-13.62,-35.89
USA,North America,United States,2021-05-17,32575502.0,0.0,33335.71,584001.0,0.0,567.57,95379.95,0.0,97.61,1709.94,0.0,1.66,0.79,7299.0,21.58,25563.0,75.56,,,25228.0,74.58,440512557.0,798919.0,1307.17,2.37,1001253.0,2.97,0.03,33.3,tests performed,295313838.0,164844565.0,136432625.0,194.0,1832270.0,1924012.0,88.95,49.65,41.09,0.0,5795.0,802119.0,0.24,60.65,35.61,38.3,15.41,9.73,54225.45,1.2,151.09,10.79,19.1,24.6,,2.77,78.86,0.93,338289856.0,,,,,United States,North America,1.7928,0.1726,172.6333,9629.4646,48.7288,40.3301,33335.71,37548.14,57913.1,567.57,601.71,750.43,0.0,-20.17,-48.82
USA,North America,United States,2021-06-02,32904922.0,0.0,21115.86,591159.0,0.0,504.86,96344.48,0.0,61.83,1730.89,0.0,1.48,0.76,5322.0,15.73,18083.0,53.45,,,17944.0,53.04,453709602.0,1110518.0,1346.33,3.3,692169.0,2.05,0.02,45.5,tests performed,316412601.0,174667929.0,148600173.0,246.0,1126492.0,925401.0,95.3,52.61,44.76,0.0,2787.0,419056.0,0.13,56.02,35.61,38.3,15.41,9.73,54225.45,1.2,151.09,10.79,19.1,24.6,,2.77,78.86,0.93,338289856.0,,,,,United States,North America,1.7966,0.1747,174.7493,9726.8427,51.6326,43.9269,21115.86,23530.0,28503.13,504.86,511.29,519.4,0.0,-18.61,-56.32
USA,North America,United States,2021-07-03,33271863.0,0.0,12519.57,600321.0,0.0,300.14,97418.88,0.0,36.66,1757.72,0.0,0.88,1.15,3753.0,11.09,12916.0,38.18,,,14458.0,42.74,473817385.0,446885.0,1406.0,1.33,565356.0,1.68,0.03,37.0,tests performed,341117662.0,184325874.0,164694291.0,334.0,358857.0,527762.0,102.74,55.52,49.61,0.0,1590.0,256190.0,0.08,58.82,35.61,38.3,15.41,9.73,54225.45,1.2,151.09,10.79,19.1,24.6,,2.77,78.86,0.93,338289856.0,,,,,United States,North America,1.8043,0.1775,177.4576,9835.3121,54.4876,48.6844,12519.57,12018.86,12231.37,300.14,275.93,305.4,0.0,8.69,-40.71
USA,North America,United States,2021-07-12,33655410.0,0.0,40930.0,603547.0,0.0,215.57,98541.89,0.0,119.84,1767.16,0.0,0.63,1.47,4883.0,14.43,17330.0,51.23,,,18721.0,55.34,478565158.0,588459.0,1420.08,1.75,597177.0,1.77,0.04,23.3,tests performed,345074839.0,186328150.0,166846254.0,357.0,523380.0,501021.0,103.94,56.12,50.25,0.0,1509.0,253188.0,0.08,46.75,35.61,38.3,15.41,9.73,54225.45,1.2,151.09,10.79,19.1,24.6,,2.77,78.86,0.93,338289856.0,,,,,United States,North America,1.7933,0.1784,178.4112,9948.6903,55.0794,49.3205,40930.0,27396.21,21712.53,215.57,230.43,323.77,0.0,195.26,189.08
USA,North America,United States,2021-08-23,37433588.0,0.0,145709.43,628634.0,0.0,1150.71,109604.27,0.0,426.63,1840.62,0.0,3.37,1.12,24559.0,72.6,94682.0,279.88,,,86820.0,256.64,522572368.0,1323025.0,1550.67,3.93,1407961.0,4.18,0.1,9.6,tests performed,373291909.0,203569005.0,177912804.0,845535.0,925964.0,850679.0,112.43,61.31,53.59,0.25,2562.0,422456.0,0.13,53.63,35.61,38.3,15.41,9.73,54225.45,1.2,151.09,10.79,19.1,24.6,,2.77,78.86,0.93,338289856.0,,,,,United States,North America,1.6793,0.1858,185.827,11065.5367,60.1759,52.5918,145709.43,136173.57,118519.97,1150.71,978.0,771.87,0.0,15.06,358.25
USA,North America,United States,2021-09-03,38528478.0,0.0,156412.86,638817.0,0.0,1454.71,112810.07,0.0,457.97,1870.43,0.0,4.26,1.01,25961.0,76.74,96835.0,286.25,,,85836.0,253.74,541944254.0,1870533.0,1608.16,5.55,1677452.0,4.98,0.09,10.6,tests performed,383328951.0,208148594.0,182468338.0,2013349.0,1045422.0,847552.0,115.46,62.69,54.96,0.61,2553.0,376954.0,0.11,52.46,35.61,38.3,15.41,9.73,54225.45,1.2,151.09,10.79,19.1,24.6,,2.77,78.86,0.93,338289856.0,,,,,United States,North America,1.658,0.1888,188.8372,11389.191,61.5297,53.9385,156412.86,151061.14,124812.53,1454.71,1302.71,944.27,0.0,7.35,100.13
USA,North America,United States,2021-09-17,40695299.0,0.0,146081.43,662611.0,0.0,1726.43,119154.44,0.0,427.72,1940.1,0.0,5.06,0.94,24435.0,72.23,86780.0,256.53,,,74834.0,221.21,564707736.0,1923485.0,1675.7,5.71,1712054.0,5.08,0.08,12.5,tests performed,393055398.0,212246231.0,187329087.0,3014667.0,908447.0,707240.0,118.39,63.93,56.42,0.91,2130.0,293804.0,0.09,52.36,35.61,38.3,15.41,9.73,54225.45,1.2,151.09,10.79,19.1,24.6,,2.77,78.86,0.93,338289856.0,,,,,United States,North America,1.6282,0.1959,195.8708,12029.7131,62.7409,55.3753,146081.43,154772.93,142722.57,1726.43,1699.57,1401.07,0.0,-10.63,15.35
USA,North America,United States,2021-09-24,41732753.0,0.0,148207.71,676201.0,0.0,1941.43,122192.08,0.0,433.95,1979.89,0.0,5.68,0.89,22185.0,65.58,77387.0,228.76,,,65038.0,192.26,576385572.0,1921589.0,1710.36,5.7,1668262.0,4.95,0.07,14.3,tests performed,397621884.0,213939876.0,189568675.0,3747195.0,990823.0,652355.0,119.76,64.44,57.1,1.13,1965.0,241949.0,0.07,52.32,35.61,38.3,15.41,9.73,54225.45,1.2,151.09,10.79,19.1,24.6,,2.77,78.86,0.93,338289856.0,,,,,United States,North America,1.6203,0.1999,199.8881,12336.3891,63.2416,56.0374,148207.71,147144.57,143305.5,1941.43,1833.93,1585.57,0.0,1.46,1.71
USA,North America,United States,2021-09-28,42585047.0,0.0,121756.29,689585.0,0.0,1912.0,124687.56,0.0,356.5,2019.08,0.0,5.6,0.89,20882.0,61.73,72525.0,214.39,,,59734.0,176.58,581739548.0,1881823.0,1726.24,5.58,1621068.0,4.81,0.07,14.9,tests performed,400882294.0,214841139.0,190476943.0,5233976.0,1139298.0,800489.0,120.74,64.71,57.37,1.58,2411.0,248056.0,0.08,52.3,35.61,38.3,15.41,9.73,54225.45,1.2,151.09,10.79,19.1,24.6,,2.77,78.86,0.93,338289856.0,,,,,United States,North America,1.6193,0.2038,203.8444,12588.3311,63.508,56.3058,121756.29,134982.0,135218.97,1912.0,1926.71,1692.27,0.0,-17.85,-22.16
USA,North America,United States,2021-10-17,44604956.0,582237.0,83176.71,724723.0,10462.0,1494.57,130601.79,1704.77,243.54,2121.96,30.63,4.38,0.88,16038.0,47.41,51504.0,152.25,,,44459.0,131.42,610657424.0,701870.0,1812.05,2.08,1457870.0,4.33,0.05,18.9,tests performed,417150471.0,218895529.0,194924200.0,13214532.0,271486.0,780903.0,125.64,65.93,58.71,3.98,2352.0,197244.0,0.06,52.22,35.61,38.3,15.41,9.73,54225.45,1.2,151.09,10.79,19.1,24.6,,2.77,78.86,0.93,338289856.0,856502.0,16.27,22.77,2541.57,United States,North America,1.6248,0.2142,214.2314,13185.4252,64.7065,57.6205,83176.71,90301.5,130321.9,1494.57,1581.86,2070.4,-14.63,-14.63,-43.06
USA,North America,United States,2021-10-20,44604956.0,0.0,83176.71,724723.0,0.0,1494.57,130601.79,0.0,243.54,2121.96,0.0,4.38,0.89,15678.0,46.34,49311.0,145.77,,,42169.0,124.65,615509727.0,1891143.0,1826.45,5.61,1480679.0,4.39,0.05,20.0,tests performed,419668070.0,219517546.0,195531314.0,14544043.0,846753.0,752929.0,126.4,66.12,58.89,4.38,2268.0,189710.0,0.06,52.2,35.61,38.3,15.41,9.73,54225.45,1.2,151.09,10.79,19.1,24.6,,2.77,78.86,0.93,338289856.0,,,,,United States,North America,1.6248,0.2142,214.2314,13185.4252,64.8904,57.7999,83176.71,90301.5,95740.1,1494.57,1581.86,1617.4,0.0,-14.63,-43.88
USA,North America,United States,2021-11-03,45639685.0,0.0,75169.43,744729.0,0.0,1273.57,133631.44,0.0,220.09,2180.54,0.0,3.73,1.0,11766.0,34.78,41982.0,124.1,,,35888.0,106.09,634939123.0,1903268.0,1884.11,5.65,1364787.0,4.05,0.05,19.6,tests performed,437292792.0,222905601.0,198035339.0,26446516.0,1586053.0,1329261.0,131.71,67.14,59.65,7.97,4004.0,247562.0,0.08,52.15,35.61,38.3,15.41,9.73,54225.45,1.2,151.09,10.79,19.1,24.6,,2.77,78.86,0.93,338289856.0,,,,,United States,North America,1.6318,0.2201,220.1452,13491.2958,65.8919,58.5401,75169.43,73909.21,76631.67,1273.57,1429.0,1405.07,0.0,3.47,-30.37
USA,North America,United States,2021-11-20,46707076.0,0.0,79597.14,759665.0,0.0,1075.57,136756.72,0.0,233.06,2224.27,0.0,3.15,1.07,11785.0,34.84,44825.0,132.5,,,41396.0,122.37,660164042.0,1144343.0,1958.96,3.4,1512181.0,4.49,0.06,16.4,tests performed,463065911.0,230826014.0,200671170.0,41843178.0,1247721.0,1542877.0,139.47,69.52,60.44,12.6,4647.0,460194.0,0.14,51.52,35.61,38.3,15.41,9.73,54225.45,1.2,151.09,10.79,19.1,24.6,,2.77,78.86,0.93,338289856.0,,,,,United States,North America,1.6264,0.2246,224.5604,13806.8213,68.2332,59.3193,79597.14,76242.21,70070.67,1075.57,1066.86,1164.73,0.0,9.21,-4.3
USA,North America,United States,2021-11-24,47383952.0,0.0,96696.57,769941.0,0.0,1468.0,138738.6,0.0,283.12,2254.36,0.0,4.3,0.97,12448.0,36.8,47901.0,141.6,,,43629.0,128.97,665368750.0,1660588.0,1974.4,4.93,1417044.0,4.2,0.07,15.2,tests performed,468770932.0,232396688.0,201228032.0,45456890.0,1403775.0,1551983.0,141.19,70.0,60.61,13.69,4675.0,444262.0,0.13,51.5,35.61,38.3,15.41,9.73,54225.45,1.2,151.09,10.79,19.1,24.6,,2.77,78.86,0.93,338289856.0,,,,,United States,North America,1.6249,0.2276,227.598,14006.9089,68.6975,59.4839,96696.57,88146.86,75681.77,1468.0,1271.79,1137.57,0.0,21.48,33.1
USA,North America,United States,2021-11-29,47976346.0,0.0,84627.71,775631.0,0.0,812.86,140473.1,0.0,247.79,2271.02,0.0,2.38,1.22,13379.0,39.55,51813.0,153.16,,,45340.0,134.03,669984103.0,1368784.0,1988.1,4.06,1128900.0,3.35,0.08,13.2,tests performed,473209140.0,233412474.0,202135185.0,47994544.0,1684911.0,1093098.0,142.53,70.3,60.88,14.46,3292.0,271130.0,0.08,54.85,35.61,38.3,15.41,9.73,54225.45,1.2,151.09,10.79,19.1,24.6,,2.77,78.86,0.93,338289856.0,,,,,United States,North America,1.6167,0.2293,229.28,14182.0232,68.9978,59.7521,84627.71,90662.14,95428.23,812.86,1140.43,1327.23,0.0,-12.48,16.49
USA,North America,United States,2021-12-03,47976346.0,0.0,84627.71,775631.0,0.0,812.86,140473.1,0.0,247.79,2271.02,0.0,2.38,1.23,13888.0,41.05,54392.0,160.78,,,49644.0,146.75,677833193.0,1937242.0,2011.39,5.75,1563376.0,4.64,0.07,13.5,tests performed,482047790.0,235184112.0,203854914.0,53382177.0,2479472.0,1717963.0,145.19,70.84,61.4,16.08,5174.0,353016.0,0.11,48.63,35.61,38.3,15.41,9.73,54225.45,1.2,151.09,10.79,19.1,24.6,,2.77,78.86,0.93,338289856.0,,,,,United States,North America,1.6167,0.2293,229.28,14182.0232,69.5215,60.2604,84627.71,90662.14,77888.7,812.86,1140.43,1030.07,0.0,-12.48,12.58
USA,North America,United States,2021-12-14,49562332.0,0.0,119281.29,792521.0,0.0,1226.57,145116.81,0.0,349.25,2320.47,0.0,3.59,1.12,15993.0,47.28,63244.0,186.95,,,55601.0,164.36,694536128.0,1972370.0,2060.95,5.85,1610088.0,4.78,0.07,13.7,tests performed,499402632.0,238743574.0,207346014.0,63750335.0,1741286.0,1617834.0,150.42,71.91,62.45,19.2,4873.0,332069.0,0.1,48.5,35.61,38.3,15.41,9.73,54225.45,1.2,151.09,10.79,19.1,24.6,,2.77,78.86,0.93,338289856.0,,,,,United States,North America,1.599,0.2343,234.2728,14650.8478,70.5737,61.2924,119281.29,113284.71,95175.2,1226.57,1206.43,1095.2,0.0,11.18,49.86
USA,North America,United States,2021-12-25,50461441.0,0.0,128444.14,801586.0,0.0,1295.0,147749.38,0.0,376.08,2347.02,0.0,3.79,1.51,16356.0,48.35,66446.0,196.42,,,61860.0,182.86,714632552.0,947337.0,2120.59,2.81,1771334.0,5.26,0.16,6.4,tests performed,514199722.0,242169779.0,209242800.0,73257278.0,7017.0,1178949.0,154.88,72.94,63.02,22.06,3551.0,280514.0,0.08,48.43,35.61,38.3,15.41,9.73,54225.45,1.2,151.09,10.79,19.1,24.6,,2.77,78.86,0.93,338289856.0,,,,,United States,North America,1.5885,0.237,236.9524,14916.6285,71.5865,61.8531,128444.14,123862.71,102582.97,1295.0,1260.79,1054.83,0.0,7.68,32.83
USA,North America,United States,2022-01-02,54590898.0,2712038.0,387434.0,821733.0,9146.0,1306.57,159840.28,7940.75,1134.39,2406.01,26.78,3.83,1.62,19606.0,57.96,102671.0,303.5,,,105297.0,311.26,728965883.0,1346665.0,2163.12,4.0,1909328.0,5.67,0.27,3.7,tests performed,522418645.0,244273172.0,210470142.0,78158086.0,500641.0,1105073.0,157.35,73.57,63.39,23.54,3328.0,282038.0,0.08,47.64,35.61,38.3,15.41,9.73,54225.45,1.2,151.09,10.79,19.1,24.6,,2.77,78.86,0.93,338289856.0,987298.8,16.75,23.33,2918.5,United States,North America,1.5053,0.2429,242.908,16137.3145,72.2082,62.2159,387434.0,294961.21,220485.07,1306.57,1439.07,1536.73,91.34,91.34,357.81
USA,North America,United States,2022-01-08,54590898.0,0.0,387434.0,821733.0,0.0,1306.57,159840.28,0.0,1134.39,2406.01,0.0,3.83,1.41,23139.0,68.4,133576.0,394.86,,,138339.0,408.94,745673684.0,2200197.0,2212.7,6.53,2579209.0,7.65,0.29,3.4,tests performed,530748218.0,246380743.0,211747838.0,83121418.0,1055313.0,1261459.0,159.86,74.21,63.78,25.04,3799.0,320246.0,0.1,47.57,35.61,38.3,15.41,9.73,54225.45,1.2,151.09,10.79,19.1,24.6,,2.77,78.86,0.93,338289856.0,,,,,United States,North America,1.5053,0.2429,242.908,16137.3145,72.8313,62.5936,387434.0,294961.21,195451.17,1306.57,1439.07,1259.93,0.0,91.34,261.12
USA,North America,United States,2022-01-22,64924728.0,0.0,807276.14,847829.0,0.0,2054.29,190097.39,0.0,2363.68,2482.41,0.0,6.02,0.92,25679.0,75.91,145668.0,430.6,,,143652.0,424.64,778696701.0,1748873.0,2310.69,5.19,2241109.0,6.65,0.26,3.9,tests performed,544621478.0,249938020.0,213893730.0,91256214.0,626291.0,840912.0,164.04,75.28,64.42,27.49,2533.0,213579.0,0.06,45.68,35.61,38.3,15.41,9.73,54225.45,1.2,151.09,10.79,19.1,24.6,,2.77,78.86,0.93,338289856.0,,,,,United States,North America,1.3059,0.2506,250.6221,19192.041,73.8828,63.2279,807276.14,738130.71,482109.57,2054.29,1864.0,1541.43,0.0,20.67,528.5
USA,North America,United States,2022-01-25,69967616.0,0.0,720412.57,864137.0,0.0,2329.71,204862.78,0.0,2109.34,2530.16,0.0,6.82,0.82,25311.0,74.82,143297.0,423.59,,,139159.0,411.36,783349059.0,1945061.0,2324.49,5.77,2090426.0,6.2,0.24,4.1,tests performed,546569635.0,250430463.0,214299017.0,92296705.0,810605.0,800239.0,164.62,75.43,64.55,27.8,2410.0,202816.0,0.06,45.65,35.61,38.3,15.41,9.73,54225.45,1.2,151.09,10.79,19.1,24.6,,2.77,78.86,0.93,338289856.0,,,,,United States,North America,1.2351,0.2554,255.4428,20682.7414,74.0284,63.3478,720412.57,763844.36,602958.53,2329.71,2192.0,1718.33,0.0,-10.76,255.78
USA,North America,United States,2022-02-17,77167700.0,0.0,174587.43,918744.0,0.0,2507.14,225944.39,0.0,511.19,2690.05,0.0,7.34,0.53,12545.0,37.08,61859.0,182.86,,,56164.0,166.02,815558797.0,1520156.0,2420.07,4.51,1216929.0,3.61,0.07,14.9,tests performed,558309529.0,253327169.0,217407138.0,97941171.0,412983.0,388425.0,168.16,76.3,65.48,29.5,1170.0,96396.0,0.03,45.46,35.61,38.3,15.41,9.73,54225.45,1.2,151.09,10.79,19.1,24.6,,2.77,78.86,0.93,338289856.0,,,,,United States,North America,1.1906,0.2716,271.5849,22811.1185,74.8846,64.2665,174587.43,243630.14,408099.07,2507.14,2586.0,2363.83,0.0,-44.16,-78.37
USA,North America,United States,2022-03-03,78334128.0,0.0,65467.43,947162.0,0.0,1863.71,229359.66,0.0,191.69,2773.26,0.0,5.46,0.59,6488.0,19.18,31996.0,94.58,,,28043.0,82.9,829726397.0,1208825.0,2462.11,3.59,983894.0,2.92,0.03,30.3,tests performed,562536557.0,254377907.0,218547345.0,99922782.0,258059.0,270636.0,169.43,76.62,65.83,30.1,815.0,67190.0,0.02,34.65,35.61,38.3,15.41,9.73,54225.45,1.2,151.09,10.79,19.1,24.6,,2.77,78.86,0.93,338289856.0,,,,,United States,North America,1.2091,0.28,279.9853,23155.9199,75.1953,64.6036,65467.43,83316.29,152575.0,1863.71,2029.86,2154.07,0.0,-35.29,-87.91
USA,North America,United States,2022-03-09,78666637.0,0.0,47501.29,956840.0,0.0,1382.57,230333.22,0.0,139.08,2801.6,0.0,4.05,0.66,4743.0,14.02,24175.0,71.46,,,21485.0,63.51,834962148.0,1139611.0,2477.65,3.38,920654.0,2.73,0.02,40.0,tests performed,563783622.0,254700702.0,218889284.0,100488000.0,216665.0,215018.0,169.81,76.72,65.93,30.27,648.0,55371.0,0.02,34.62,35.61,38.3,15.41,9.73,54225.45,1.2,151.09,10.79,19.1,24.6,,2.77,78.86,0.93,338289856.0,,,,,United States,North America,1.2163,0.2828,282.8462,23254.211,75.2907,64.7047,47501.29,56484.36,90701.63,1382.57,1623.14,1854.87,0.0,-27.44,-84.81
USA,North America,United States,2022-03-19,78900969.0,0.0,33476.0,965446.0,0.0,1229.43,231019.34,0.0,98.02,2826.79,0.0,3.6,0.85,3040.0,8.99,15659.0,46.29,,,14417.0,42.62,843913936.0,612968.0,2504.21,1.82,900377.0,2.67,0.02,47.6,tests performed,565704746.0,255192370.0,219394313.0,101378452.0,146728.0,185358.0,170.39,76.86,66.08,30.53,558.0,47651.0,0.01,38.3,35.61,38.3,15.41,9.73,54225.45,1.2,151.09,10.79,19.1,24.6,,2.77,78.86,0.93,338289856.0,,,,,United States,North America,1.2236,0.2854,285.3902,23323.4806,75.436,64.8539,33476.0,40488.64,57775.63,1229.43,1306.0,1556.73,0.0,-29.53,-80.83
USA,North America,United States,2022-03-22,79109709.0,0.0,29820.0,968691.0,0.0,463.57,231630.53,0.0,87.31,2836.29,0.0,1.36,0.88,2738.0,8.09,14553.0,43.02,,,13331.0,39.41,846192404.0,1145416.0,2510.97,3.4,886835.0,2.63,0.02,45.5,tests performed,566159708.0,255315419.0,219502329.0,101594552.0,185821.0,181572.0,170.53,76.9,66.11,30.6,547.0,47201.0,0.01,38.29,35.61,38.3,15.41,9.73,54225.45,1.2,151.09,10.79,19.1,24.6,,2.77,78.86,0.93,338289856.0,,,,,United States,North America,1.2245,0.2863,286.3494,23385.1851,75.4724,64.8859,29820.0,31648.0,41128.43,463.57,846.5,1152.5,0.0,-10.92,-70.52
USA,North America,United States,2022-05-03,80626043.0,0.0,54078.43,989129.0,0.0,320.29,236070.3,0.0,158.34,2896.14,0.0,0.94,1.26,1692.0,5.0,14229.0,42.06,,,16549.0,48.92,878305681.0,1014708.0,2606.27,3.01,814870.0,2.42,0.08,13.3,tests performed,582926063.0,257472798.0,221543453.0,113742726.0,424286.0,383027.0,175.58,77.55,66.73,34.26,1154.0,45608.0,0.01,27.92,35.61,38.3,15.41,9.73,54225.45,1.2,151.09,10.79,19.1,24.6,,2.77,78.86,0.93,338289856.0,,,,,United States,North America,1.2268,0.2924,292.391,23833.4202,76.1101,65.4892,54078.43,48519.29,37613.37,320.29,334.64,375.83,0.0,25.88,94.66
USA,North America,United States,2022-05-07,80626043.0,0.0,54078.43,989129.0,0.0,320.29,236070.3,0.0,158.34,2896.14,0.0,0.94,1.29,1774.0,5.24,15051.0,44.49,,,18470.0,54.6,881873121.0,655648.0,2616.85,1.95,797075.0,2.37,0.08,12.0,tests performed,584429134.0,257655818.0,221719639.0,114833035.0,208206.0,351402.0,176.03,77.61,66.78,34.59,1058.0,43038.0,0.01,27.91,35.61,38.3,15.41,9.73,54225.45,1.2,151.09,10.79,19.1,24.6,,2.77,78.86,0.93,338289856.0,,,,,United States,North America,1.2268,0.2924,292.391,23833.4202,76.1642,65.5413,54078.43,48519.29,37613.37,320.29,334.64,375.83,0.0,25.88,94.66
USA,North America,United States,2022-07-04,86744207.0,0.0,110538.86,1010054.0,0.0,377.43,253984.08,0.0,323.65,2957.4,0.0,1.1,1.01,3557.0,10.52,30720.0,90.81,,,37088.0,109.63,,,,,,,,,,600678310.0,260169229.0,223567667.0,125960826.0,13189.0,184905.0,180.92,78.36,67.34,37.94,557.0,49602.0,0.02,31.98,35.61,38.3,15.41,9.73,54225.45,1.2,151.09,10.79,19.1,24.6,,2.77,78.86,0.93,338289856.0,,,,,United States,North America,1.1644,0.2986,298.5765,25641.977,76.9072,66.0876,110538.86,105957.79,119077.87,377.43,367.36,386.93,0.0,9.04,4.46
USA,North America,United States,2022-07-19,88376205.0,0.0,126889.86,1015293.0,0.0,397.86,258762.52,0.0,371.53,2972.74,0.0,1.16,1.04,4482.0,13.25,38840.0,114.81,,,44966.0,132.92,,,,,,,,,,604769565.0,261060219.0,224013306.0,128441213.0,361493.0,312407.0,182.15,78.63,67.47,38.69,941.0,60626.0,0.02,30.75,35.61,38.3,15.41,9.73,54225.45,1.2,151.09,10.79,19.1,24.6,,2.77,78.86,0.93,338289856.0,,,,,United States,North America,1.1488,0.3001,300.1252,26124.4029,77.1706,66.2193,126889.86,116571.29,103846.9,397.86,374.21,346.07,0.0,19.42,32.13
USA,North America,United States,2022-07-25,89284900.0,0.0,129813.57,1018480.0,0.0,455.29,261423.14,0.0,380.09,2982.08,0.0,1.33,1.06,4666.0,13.79,39693.0,117.33,,,46425.0,137.23,,,,,,,,,,606511647.0,261394931.0,224231922.0,129487454.0,312003.0,300511.0,182.68,78.73,67.54,39.0,905.0,57979.0,0.02,30.74,35.61,38.3,15.41,9.73,54225.45,1.2,151.09,10.79,19.1,24.6,,2.77,78.86,0.93,338289856.0,,,,,United States,North America,1.1407,0.3011,301.0673,26393.0172,77.2695,66.284,129813.57,128351.71,134136.73,455.29,426.57,452.3,0.0,2.3,35.17
USA,North America,United States,2022-08-20,91722552.0,0.0,100231.14,1028296.0,0.0,491.71,268560.5,0.0,293.47,3010.82,0.0,1.44,0.91,4224.0,12.49,33887.0,100.17,,,39262.0,116.06,,,,,,,,,,611833778.0,262594322.0,225033827.0,132332045.0,87874.0,164803.0,184.28,79.09,67.78,39.86,496.0,39754.0,0.01,24.22,35.61,38.3,15.41,9.73,54225.45,1.2,151.09,10.79,19.1,24.6,,2.77,78.86,0.93,338289856.0,,,,,United States,North America,1.1211,0.304,303.9689,27113.5981,77.6241,66.521,100231.14,106404.93,111544.9,491.71,478.79,433.43,0.0,-10.97,-21.01
USA,North America,United States,2022-08-27,92367477.0,0.0,92132.14,1031527.0,0.0,461.57,270448.8,0.0,269.76,3020.28,0.0,1.35,0.96,4066.0,12.02,32073.0,94.81,,,37497.0,110.84,,,,,,,,,,612825521.0,262844438.0,225204939.0,132813463.0,78281.0,141678.0,184.58,79.17,67.83,40.0,427.0,35731.0,0.01,24.21,35.61,38.3,15.41,9.73,54225.45,1.2,151.09,10.79,19.1,24.6,,2.77,78.86,0.93,338289856.0,,,,,United States,North America,1.1168,0.3049,304.924,27304.2408,77.698,66.5716,92132.14,96181.64,102752.57,461.57,476.64,434.9,0.0,-8.08,-29.03
USA,North America,United States,2022-09-19,94414579.0,0.0,58128.71,1043362.0,0.0,414.14,276442.66,0.0,170.2,3054.93,0.0,1.21,0.91,3292.0,9.73,25866.0,76.46,,,29037.0,85.84,,,,,,,,,,619799773.0,263761797.0,225934683.0,,618320.0,507990.0,186.68,79.44,68.05,,1530.0,53915.0,0.02,24.17,35.61,38.3,15.41,9.73,54225.45,1.2,151.09,10.79,19.1,24.6,,2.77,78.86,0.93,338289856.0,,,,,United States,North America,1.1051,0.3084,308.4225,27909.3734,77.9692,66.7873,58128.71,61172.14,89734.23,414.14,394.57,502.2,0.0,-9.48,-42.01
USA,North America,United States,2022-10-17,95636402.0,0.0,35897.14,1053883.0,0.0,324.86,280020.12,0.0,105.11,3085.73,0.0,0.95,0.95,2746.0,8.12,21801.0,64.44,,,23062.0,68.17,,,,,,,,,,637416156.0,265410205.0,227279902.0,,763940.0,661305.0,191.99,79.94,68.46,,1992.0,60828.0,0.02,24.11,35.61,38.3,15.41,9.73,54225.45,1.2,151.09,10.79,19.1,24.6,,2.77,78.86,0.93,338289856.0,,,,,United States,North America,1.102,0.3115,311.5325,28270.5497,78.4564,67.185,35897.14,37990.29,54290.8,324.86,345.29,447.33,0.0,-10.44,-44.1
USA,North America,United States,2022-10-28,95920136.0,0.0,40533.43,1056838.0,0.0,422.14,280850.88,0.0,118.68,3094.39,0.0,1.24,1.03,2626.0,7.76,21933.0,64.83,,,23981.0,70.89,,,,,,,,,,645210369.0,266129275.0,227841296.0,,860676.0,657857.0,194.34,80.16,68.63,,1981.0,60504.0,0.02,24.09,35.61,38.3,15.41,9.73,54225.45,1.2,151.09,10.79,19.1,24.6,,2.77,78.86,0.93,338289856.0,,,,,United States,North America,1.1018,0.3124,312.4061,28354.4228,78.669,67.3509,40533.43,38215.29,37894.4,422.14,373.5,359.03,0.0,12.92,-23.05
USA,North America,United States,2022-11-16,96725493.0,0.0,40413.86,1064672.0,0.0,327.14,283208.94,0.0,118.33,3117.32,0.0,0.96,1.1,2799.0,8.27,22462.0,66.4,,,24166.0,71.44,,,,,,,,,,654477790.0,267072214.0,228537885.0,,527964.0,452731.0,197.13,80.44,68.83,,1364.0,47603.0,0.01,28.75,35.61,38.3,15.41,9.73,54225.45,1.2,151.09,10.79,19.1,24.6,,2.77,78.86,0.93,338289856.0,,,,,United States,North America,1.1007,0.3147,314.7218,28592.4899,78.9477,67.5568,40413.86,39300.07,36303.03,327.14,339.5,359.63,0.0,5.83,12.58
USA,North America,United States,2022-11-27,97300648.0,300171.0,42881.57,1069493.0,2619.0,374.14,284892.97,878.89,125.56,3131.44,7.67,1.1,1.18,3144.0,9.29,26399.0,78.04,,,28041.0,82.89,,,,,,,,,,657771833.0,267445430.0,228805692.0,,118916.0,257415.0,198.12,80.55,68.92,,775.0,29602.0,0.01,28.74,35.61,38.3,15.41,9.73,54225.45,1.2,151.09,10.79,19.1,24.6,,2.77,78.86,0.93,338289856.0,1241407.9,14.48,12.05,3669.66,United States,North America,1.0992,0.3161,316.1469,28762.5083,79.0581,67.636,42881.57,41082.5,46017.07,374.14,344.36,421.83,9.16,9.16,5.79
USA,North America,United States,2023-01-25,100639527.0,0.0,44003.57,1093291.0,0.0,523.43,294669.1,0.0,128.84,3201.12,0.0,1.53,,3765.0,11.13,28893.0,85.41,,,30248.0,89.41,,,,,,,,,,670578583.0,269085696.0,229943308.0,,114995.0,107410.0,201.98,81.05,69.26,,324.0,18053.0,0.0,,35.61,38.3,15.41,9.73,54225.45,1.2,151.09,10.79,19.1,24.6,,2.77,78.86,0.93,338289856.0,,,,,United States,North America,1.0863,0.3232,323.1817,29749.4959,79.5429,67.9723,44003.57,54008.36,54001.13,523.43,576.5,443.83,0.0,-31.26,-39.37
USA,North America,United States,2023-02-13,101498024.0,0.0,39746.86,1103926.0,0.0,491.43,297182.75,0.0,116.38,3232.26,0.0,1.44,,3058.0,9.04,23789.0,70.32,,,26507.0,78.36,,,,,,,,,,672110032.0,269361531.0,230124894.0,,79338.0,74348.0,202.44,81.13,69.31,,224.0,13562.0,0.0,,35.61,38.3,15.41,9.73,54225.45,1.2,151.09,10.79,19.1,24.6,,2.77,78.86,0.93,338289856.0,,,,,United States,North America,1.0876,0.3263,326.3255,30003.2715,79.6245,68.026,39746.86,40259.29,53820.47,491.43,492.29,623.53,0.0,-2.51,-41.02
USA,North America,United States,2023-02-21,101752396.0,0.0,36338.86,1106783.0,0.0,408.14,297927.53,0.0,106.4,3240.62,0.0,1.2,,2953.0,8.73,23092.0,68.26,,,25710.0,76.0,,,,,,,,,,672624669.0,269458620.0,230188509.0,,76008.0,62934.0,202.59,81.16,69.33,,190.0,11884.0,0.0,,35.61,38.3,15.41,9.73,54225.45,1.2,151.09,10.79,19.1,24.6,,2.77,78.86,0.93,338289856.0,,,,,United States,North America,1.0877,0.3272,327.17,30078.465,79.6532,68.0448,36338.86,38042.86,37095.63,408.14,449.79,449.73,0.0,-8.57,-17.42
USA,North America,United States,2023-03-11,102247392.0,0.0,32546.86,1111342.0,0.0,313.86,299376.88,0.0,95.3,3253.97,0.0,0.92,,2329.0,6.88,17567.0,51.93,,,20413.0,60.34,,,,,,,,,,673675506.0,269667931.0,230325739.0,,29873.0,55027.0,202.91,81.22,69.37,,166.0,11231.0,0.0,,35.61,38.3,15.41,9.73,54225.45,1.2,151.09,10.79,19.1,24.6,,2.77,78.86,0.93,338289856.0,,,,,United States,North America,1.0869,0.3285,328.5177,30224.7881,79.7151,68.0853,32546.86,35356.86,34253.2,313.86,325.64,361.87,0.0,-14.72,-20.17
USA,North America,United States,2023-04-09,102977396.0,103472.0,14781.71,1120529.0,1729.0,247.0,301514.28,302.96,43.28,3280.87,5.06,0.72,,1604.0,4.74,12202.0,36.07,,,14346.0,42.41,,,,,,,,,,674988543.0,269960431.0,230499516.0,,6200.0,39997.0,203.3,81.31,69.43,,120.0,9581.0,0.0,,35.61,38.3,15.41,9.73,54225.45,1.2,151.09,10.79,19.1,24.6,,2.77,78.86,0.93,338289856.0,1287369.1,13.22,-0.45,3786.42,United States,North America,1.0881,0.3312,331.2334,30440.5805,79.8015,68.1367,14781.71,19987.86,24333.47,247.0,248.21,306.23,-41.33,-41.33,-54.58
USA,North America,United States,2023-04-30,103266404.0,86484.0,12354.86,1124063.0,1046.0,149.43,302360.5,253.22,36.17,3291.22,3.06,0.44,,1214.0,3.59,9340.0,27.61,,,10320.0,30.51,,,,,,,,,,676107562.0,270148532.0,230601588.0,,24035.0,72630.0,203.64,81.37,69.46,,219.0,9478.0,0.0,,35.61,38.3,15.41,9.73,54225.45,1.2,151.09,10.79,19.1,24.6,,2.77,78.86,0.93,338289856.0,1289221.2,13.01,1.09,3791.87,United States,North America,1.0885,0.3323,332.2781,30526.0126,79.8571,68.1669,12354.86,13210.79,18961.27,149.43,160.29,233.63,-12.17,-12.17,-43.46
USA,North America,United States,2023-05-01,103266404.0,0.0,12354.86,1124063.0,0.0,149.43,302360.5,0.0,36.17,3291.22,0.0,0.44,,1207.0,3.57,9462.0,27.97,,,10246.0,30.29,,,,,,,,,,676198192.0,270160441.0,230606981.0,,90630.0,73415.0,203.67,81.37,69.46,,221.0,9648.0,0.0,,35.61,38.3,15.41,9.73,54225.45,1.2,151.09,10.79,19.1,24.6,,2.77,78.86,0.93,338289856.0,,,,,United States,North America,1.0885,0.3323,332.2781,30526.0126,79.8606,68.1685,12354.86,13210.79,18961.27,149.43,160.29,233.63,0.0,-12.17,-43.46
USA,North America,United States,2023-05-08,103343569.0,0.0,11023.57,1125209.0,0.0,163.71,302586.44,0.0,32.28,3294.57,0.0,0.48,,1163.0,3.44,8715.0,25.76,,,9815.0,29.01,,,,,,,,,,676717031.0,270225714.0,230636397.0,,55634.0,74120.0,203.82,81.39,69.47,,223.0,9325.0,0.0,,35.61,38.3,15.41,9.73,54225.45,1.2,151.09,10.79,19.1,24.6,,2.77,78.86,0.93,338289856.0,,,,,United States,North America,1.0888,0.3326,332.6168,30548.8229,79.8799,68.1772,11023.57,11689.21,15654.83,163.71,156.57,213.63,0.0,-10.78,-56.25
USA,North America,United States,2023-05-14,103436829.0,93260.0,13322.86,1127152.0,1943.0,277.57,302859.5,273.06,39.01,3300.26,5.69,0.81,,987.0,2.92,7760.0,22.94,,,9192.0,27.17,,,,,,,,,,,270227181.0,230637348.0,,0.0,,,,,,,,,,35.61,38.3,15.41,9.73,54225.45,1.2,151.09,10.79,19.1,24.6,,2.77,78.86,0.93,338289856.0,1291446.6,12.88,2.29,3798.41,United States,North America,1.0897,0.3332,333.1912,30576.391,79.8804,68.1774,13322.86,12173.21,15314.43,277.57,220.64,220.77,20.86,20.86,-9.87
USA,North America,United States,2023-05-20,103436829.0,0.0,13322.86,1127152.0,0.0,277.57,302859.5,0.0,39.01,3300.26,0.0,0.81,,979.0,2.89,7323.0,21.65,,,8522.0,25.19,,,,,,,,,,,270227181.0,230637348.0,,0.0,,,,,,,,,,35.61,38.3,15.41,9.73,54225.45,1.2,151.09,10.79,19.1,24.6,,2.77,78.86,0.93,338289856.0,,,,,United States,North America,1.0897,0.3332,333.1912,30576.391,79.8804,68.1774,13322.86,12173.21,11845.87,277.57,220.64,177.77,0.0,20.86,-10.38
USA,North America,United States,2023-06-21,103436829.0,0.0,,1130597.0,0.0,87.57,302859.5,,,3310.35,0.0,0.26,,723.0,2.14,5695.0,16.84,,,6523.0,19.28,,,,,,,,,,,270227181.0,230637348.0,,0.0,,,,,,,,,,35.61,38.3,15.41,9.73,54225.45,1.2,151.09,10.79,19.1,24.6,,2.77,78.86,0.93,338289856.0,,,,,United States,North America,1.093,0.3342,334.2095,30576.391,79.8804,68.1774,0.0,0.0,0.0,87.57,89.0,89.53,0.0,0.0,0.0
USA,North America,United States,2023-07-02,103436829.0,0.0,,1131724.0,543.0,77.57,302859.5,,,3313.65,1.59,0.23,,639.0,1.89,5313.0,15.7,,,6611.0,19.54,,,,,,,,,,,270227181.0,230637348.0,,0.0,,,,,,,,,,35.61,38.3,15.41,9.73,54225.45,1.2,151.09,10.79,19.1,24.6,,2.77,78.86,0.93,338289856.0,1296820.8,12.45,1.38,3814.22,United States,North America,1.0941,0.3345,334.5427,30576.391,79.8804,68.1774,0.0,0.0,0.0,77.57,80.5,102.33,0.0,0.0,0.0
USA,North America,United States,2023-08-06,103436829.0,0.0,,1134493.0,672.0,96.0,302859.5,,,3321.76,1.97,0.28,,1060.0,3.13,9018.0,26.66,,,11100.0,32.81,,,,,,,,,,,270227181.0,230637348.0,,0.0,,,,,,,,,,35.61,38.3,15.41,9.73,54225.45,1.2,151.09,10.79,19.1,24.6,,2.77,78.86,0.93,338289856.0,1302359.2,12.19,2.91,3830.51,United States,North America,1.0968,0.3354,335.3612,30576.391,79.8804,68.1774,0.0,0.0,0.0,96.0,87.57,92.3,0.0,0.0,0.0
USA,North America,United States,2023-08-10,103436829.0,0.0,,1134493.0,0.0,96.0,302859.5,,,3321.76,0.0,0.28,,1167.0,3.45,10127.0,29.94,,,12516.0,37.0,,,,,,,,,,,270227181.0,230637348.0,,0.0,,,,,,,,,,35.61,38.3,15.41,9.73,54225.45,1.2,151.09,10.79,19.1,24.6,,2.77,78.86,0.93,338289856.0,,,,,United States,North America,1.0968,0.3354,335.3612,30576.391,79.8804,68.1774,0.0,0.0,0.0,96.0,87.57,75.87,0.0,0.0,0.0
USA,North America,United States,2023-08-25,103436829.0,0.0,,1136172.0,0.0,132.14,302859.5,,,3326.67,0.0,0.39,,1651.0,4.88,13893.0,41.07,,,17516.0,51.78,,,,,,,,,,,270227181.0,230637348.0,,0.0,,,,,,,,,,35.61,38.3,15.41,9.73,54225.45,1.2,151.09,10.79,19.1,24.6,,2.77,78.86,0.93,338289856.0,,,,,United States,North America,1.0984,0.3359,335.8575,30576.391,79.8804,68.1774,0.0,0.0,0.0,132.14,119.93,96.83,0.0,0.0,0.0
USA,North America,United States,2023-09-05,103436829.0,0.0,,1138429.0,0.0,169.86,302859.5,,,3333.28,0.0,0.5,,1993.0,5.89,16933.0,50.06,,,19835.0,58.63,,,,,,,,,,,270227181.0,230637348.0,,0.0,,,,,,,,,,35.61,38.3,15.41,9.73,54225.45,1.2,151.09,10.79,19.1,24.6,,2.77,78.86,0.93,338289856.0,,,,,United States,North America,1.1006,0.3365,336.5247,30576.391,79.8804,68.1774,0.0,0.0,0.0,169.86,161.21,131.2,0.0,0.0,0.0
USA,North America,United States,2023-10-08,103436829.0,0.0,,1145435.0,1402.0,200.29,302859.5,,,3353.79,4.11,0.59,,1722.0,5.09,14287.0,42.23,,,17273.0,51.06,,,,,,,,,,,270227181.0,230637348.0,,0.0,,,,,,,,,,35.61,38.3,15.41,9.73,54225.45,1.2,151.09,10.79,19.1,24.6,,2.77,78.86,0.93,338289856.0,1320307.1,11.81,3.84,3883.3,United States,North America,1.1074,0.3386,338.5957,30576.391,79.8804,68.1774,0.0,0.0,0.0,200.29,204.36,233.53,0.0,0.0,0.0
USA,North America,United States,2023-10-15,103436829.0,0.0,,1146751.0,1316.0,188.0,302859.5,,,3357.65,3.85,0.55,,1694.0,5.01,13582.0,40.15,,,16301.0,48.19,,,,,,,,,,,270227181.0,230637348.0,,0.0,,,,,,,,,,35.61,38.3,15.41,9.73,54225.45,1.2,151.09,10.79,19.1,24.6,,2.77,78.86,0.93,338289856.0,1322315.5,11.77,3.56,3889.2,United States,North America,1.1086,0.339,338.9847,30576.391,79.8804,68.1774,0.0,0.0,0.0,188.0,194.14,233.5,0.0,0.0,0.0
USA,North America,United States,2023-11-30,103436829.0,0.0,,1154931.0,0.0,203.86,302859.5,,,3381.6,0.0,0.6,,2257.0,6.67,18452.0,54.54,,,22006.0,65.05,,,,,,,,,,,270227181.0,230637348.0,,0.0,,,,,,,,,,35.61,38.3,15.41,9.73,54225.45,1.2,151.09,10.79,19.1,24.6,,2.77,78.86,0.93,338289856.0,,,,,United States,North America,1.1166,0.3414,341.4028,30576.391,79.8804,68.1774,0.0,0.0,0.0,203.86,204.14,183.23,0.0,0.0,0.0
USA,North America,United States,2023-12-06,103436829.0,0.0,,1156664.0,0.0,247.57,302859.5,,,3386.67,0.0,0.72,,2303.0,6.81,19532.0,57.74,,,23696.0,70.05,,,,,,,,,,,270227181.0,230637348.0,,0.0,,,,,,,,,,35.61,38.3,15.41,9.73,54225.45,1.2,151.09,10.79,19.1,24.6,,2.77,78.86,0.93,338289856.0,,,,,United States,North America,1.1182,0.3419,341.9151,30576.391,79.8804,68.1774,0.0,0.0,0.0,247.57,225.71,199.43,0.0,0.0,0.0
USA,North America,United States,2023-12-24,103436829.0,0.0,,1162244.0,1937.0,276.71,302859.5,,,3403.01,5.67,0.81,,2894.0,8.56,23390.0,69.14,,,30275.0,89.49,,,,,,,,,,,270227181.0,230637348.0,,0.0,,,,,,,,,,35.61,38.3,15.41,9.73,54225.45,1.2,151.09,10.79,19.1,24.6,,2.77,78.86,0.93,338289856.0,1345396.8,11.38,5.83,3957.09,United States,North America,1.1236,0.3436,343.5645,30576.391,79.8804,68.1774,0.0,0.0,0.0,276.71,270.5,291.33,0.0,0.0,0.0
USA,North America,United States,2023-12-27,103436829.0,0.0,,1162244.0,0.0,276.71,302859.5,,,3403.01,0.0,0.81,,3289.0,9.72,27040.0,79.93,,,31248.0,92.37,,,,,,,,,,,270227181.0,230637348.0,,0.0,,,,,,,,,,35.61,38.3,15.41,9.73,54225.45,1.2,151.09,10.79,19.1,24.6,,2.77,78.86,0.93,338289856.0,,,,,United States,North America,1.1236,0.3436,343.5645,30576.391,79.8804,68.1774,0.0,0.0,0.0,276.71,270.5,243.77,0.0,0.0,0.0
USA,North America,United States,2023-12-30,103436829.0,0.0,,1162244.0,0.0,276.71,302859.5,,,3403.01,0.0,0.81,,3293.0,9.73,28908.0,85.45,,,35352.0,104.5,,,,,,,,,,,270227181.0,230637348.0,,0.0,,,,,,,,,,35.61,38.3,15.41,9.73,54225.45,1.2,151.09,10.79,19.1,24.6,,2.77,78.86,0.93,338289856.0,,,,,United States,North America,1.1236,0.3436,343.5645,30576.391,79.8804,68.1774,0.0,0.0,0.0,276.71,270.5,243.77,0.0,0.0,0.0
USA,North America,United States,2024-01-03,103436829.0,0.0,,1164476.0,0.0,318.86,302859.5,,,3409.55,0.0,0.93,,3737.0,11.05,31526.0,93.19,,,37462.0,110.74,,,,,,,,,,,270227181.0,230637348.0,,0.0,,,,,,,,,,35.61,38.3,15.41,9.73,54225.45,1.2,151.09,10.79,19.1,24.6,,2.77,78.86,0.93,338289856.0,,,,,United States,North America,1.1258,0.3442,344.2243,30576.391,79.8804,68.1774,0.0,0.0,0.0,318.86,297.79,260.4,0.0,0.0,0.0
USA,North America,United States,2024-01-11,103436829.0,0.0,,1166972.0,0.0,356.57,302859.5,,,3416.85,0.0,1.04,,3513.0,10.38,28494.0,84.23,,,32695.0,96.65,,,,,,,,,,,270227181.0,230637348.0,,0.0,,,,,,,,,,35.61,38.3,15.41,9.73,54225.45,1.2,151.09,10.79,19.1,24.6,,2.77,78.86,0.93,338289856.0,,,,,United States,North America,1.1282,0.345,344.9622,30576.391,79.8804,68.1774,0.0,0.0,0.0,356.57,337.71,283.83,0.0,0.0,0.0
USA,North America,United States,2024-01-18,103436829.0,0.0,,1169557.0,0.0,369.29,302859.5,,,3424.42,0.0,1.08,,3242.0,9.58,25381.0,75.03,,,27690.0,81.85,,,,,,,,,,,270227181.0,230637348.0,,0.0,,,,,,,,,,35.61,38.3,15.41,9.73,54225.45,1.2,151.09,10.79,19.1,24.6,,2.77,78.86,0.93,338289856.0,,,,,United States,North America,1.1307,0.3457,345.7263,30576.391,79.8804,68.1774,0.0,0.0,0.0,369.29,362.93,308.33,0.0,0.0,0.0
USA,North America,United States,2024-01-29,103436829.0,0.0,,1174058.0,0.0,305.0,302859.5,,,3437.6,0.0,0.89,,2635.0,7.79,21274.0,62.89,,,23342.0,69.0,,,,,,,,,,,270227181.0,230637348.0,,0.0,,,,,,,,,,35.61,38.3,15.41,9.73,54225.45,1.2,151.09,10.79,19.1,24.6,,2.77,78.86,0.93,338289856.0,,,,,United States,North America,1.135,0.3471,347.0568,30576.391,79.8804,68.1774,0.0,0.0,0.0,305.0,321.5,393.8,0.0,0.0,0.0
USA,North America,United States,2024-02-10,103436829.0,0.0,,1175799.0,0.0,248.71,302859.5,,,3442.7,0.0,0.73,,2195.0,6.49,17120.0,50.61,,,20403.0,60.31,,,,,,,,,,,270227181.0,230637348.0,,0.0,,,,,,,,,,35.61,38.3,15.41,9.73,54225.45,1.2,151.09,10.79,19.1,24.6,,2.77,78.86,0.93,338289856.0,,,,,United States,North America,1.1367,0.3476,347.5715,30576.391,79.8804,68.1774,0.0,0.0,0.0,248.71,276.86,294.23,0.0,0.0,0.0
USA,North America,United States,2024-02-24,103436829.0,0.0,,1178804.0,0.0,198.57,302859.5,,,3451.5,0.0,0.58,,1921.0,5.68,15021.0,44.4,,,17990.0,53.18,,,,,,,,,,,270227181.0,230637348.0,,0.0,,,,,,,,,,35.61,38.3,15.41,9.73,54225.45,1.2,151.09,10.79,19.1,24.6,,2.77,78.86,0.93,338289856.0,,,,,United States,North America,1.1396,0.3485,348.4598,30576.391,79.8804,68.1774,0.0,0.0,0.0,198.57,214.64,229.37,0.0,0.0,0.0
USA,North America,United States,2024-02-25,103436829.0,0.0,,1180126.0,1322.0,188.86,302859.5,,,3455.37,3.87,0.55,,1999.0,5.91,15240.0,45.05,,,17774.0,52.54,,,,,,,,,,,270227181.0,230637348.0,,0.0,,,,,,,,,,35.61,38.3,15.41,9.73,54225.45,1.2,151.09,10.79,19.1,24.6,,2.77,78.86,0.93,338289856.0,,,,,United States,North America,1.1409,0.3489,348.8505,30576.391,79.8804,68.1774,0.0,0.0,0.0,188.86,193.71,273.43,0.0,0.0,0.0
USA,North America,United States,2024-03-09,103436829.0,0.0,,1181393.0,0.0,181.0,302859.5,,,3459.08,0.0,0.53,,1507.0,4.46,11363.0,33.59,,,13800.0,40.79,,,,,,,,,,,270227181.0,230637348.0,,0.0,,,,,,,,,,35.61,38.3,15.41,9.73,54225.45,1.2,151.09,10.79,19.1,24.6,,2.77,78.86,0.93,338289856.0,,,,,United States,North America,1.1421,0.3492,349.2251,30576.391,79.8804,68.1774,0.0,0.0,0.0,181.0,184.93,186.47,0.0,0.0,0.0
USA,North America,United States,2024-05-21,103436829.0,0.0,,1188306.0,0.0,47.71,302859.5,,,3479.32,0.0,0.14,,,,,,,,,,,,,,,,,,,,270227181.0,230637348.0,,0.0,,,,,,,,,,35.61,38.3,15.41,9.73,54225.45,1.2,151.09,10.79,19.1,24.6,,2.77,78.86,0.93,338289856.0,,,,,United States,North America,1.1488,0.3513,351.2686,30576.391,79.8804,68.1774,0.0,0.0,0.0,47.71,47.43,50.37,0.0,0.0,0.0
USA,North America,United States,2024-05-22,103436829.0,0.0,,1188306.0,0.0,47.71,302859.5,,,3479.32,0.0,0.14,,,,,,,,,,,,,,,,,,,,270227181.0,230637348.0,,0.0,,,,,,,,,,35.61,38.3,15.41,9.73,54225.45,1.2,151.09,10.79,19.1,24.6,,2.77,78.86,0.93,338289856.0,,,,,United States,North America,1.1488,0.3513,351.2686,30576.391,79.8804,68.1774,0.0,0.0,0.0,47.71,47.43,50.37,0.0,0.0,0.0
USA,North America,United States,2024-05-23,103436829.0,0.0,,1188306.0,0.0,47.71,302859.5,,,3479.32,0.0,0.14,,,,,,,,,,,,,,,,,,,,270227181.0,230637348.0,,0.0,,,,,,,,,,35.61,38.3,15.41,9.73,54225.45,1.2,151.09,10.79,19.1,24.6,,2.77,78.86,0.93,338289856.0,,,,,United States,North America,1.1488,0.3513,351.2686,30576.391,79.8804,68.1774,0.0,0.0,0.0,47.71,47.43,50.37,0.0,0.0,0.0
USA,North America,United States,2024-06-01,103436829.0,0.0,,1188647.0,0.0,48.71,302859.5,,,3480.32,0.0,0.14,,,,,,,,,,,,,,,,,,,,270227181.0,230637348.0,,0.0,,,,,,,,,,35.61,38.3,15.41,9.73,54225.45,1.2,151.09,10.79,19.1,24.6,,2.77,78.86,0.93,338289856.0,,,,,United States,North America,1.1492,0.3514,351.3694,30576.391,79.8804,68.1774,0.0,0.0,0.0,48.71,48.21,47.53,0.0,0.0,0.0
USA,North America,United States,2024-06-14,103436829.0,0.0,,1189270.0,0.0,43.14,302859.5,,,3482.14,0.0,0.13,,,,,,,,,,,,,,,,,,,,270227181.0,230637348.0,,0.0,,,,,,,,,,35.61,38.3,15.41,9.73,54225.45,1.2,151.09,10.79,19.1,24.6,,2.77,78.86,0.93,338289856.0,,,,,United States,North America,1.1498,0.3516,351.5536,30576.391,79.8804,68.1774,0.0,0.0,0.0,43.14,44.5,43.27,0.0,0.0,0.0
USA,North America,United States,2024-06-20,103436829.0,0.0,,1189627.0,0.0,51.0,302859.5,,,3483.19,0.0,0.15,,,,,,,,,,,,,,,,,,,,270227181.0,230637348.0,,0.0,,,,,,,,,,35.61,38.3,15.41,9.73,54225.45,1.2,151.09,10.79,19.1,24.6,,2.77,78.86,0.93,338289856.0,,,,,United States,North America,1.1501,0.3517,351.6591,30576.391,79.8804,68.1774,0.0,0.0,0.0,51.0,47.07,44.03,0.0,0.0,0.0
USA,North America,United States,2024-06-23,103436829.0,0.0,,1190041.0,414.0,59.14,302859.5,,,3484.4,1.21,0.17,,,,,,,,,,,,,,,,,,,,270227181.0,230637348.0,,0.0,,,,,,,,,,35.61,38.3,15.41,9.73,54225.45,1.2,151.09,10.79,19.1,24.6,,2.77,78.86,0.93,338289856.0,,,,,United States,North America,1.1505,0.3518,351.7815,30576.391,79.8804,68.1774,0.0,0.0,0.0,59.14,55.07,57.83,0.0,0.0,0.0
USA,North America,United States,2024-06-24,103436829.0,0.0,,1190041.0,0.0,59.14,302859.5,,,3484.4,0.0,0.17,,,,,,,,,,,,,,,,,,,,270227181.0,230637348.0,,0.0,,,,,,,,,,35.61,38.3,15.41,9.73,54225.45,1.2,151.09,10.79,19.1,24.6,,2.77,78.86,0.93,338289856.0,,,,,United States,North America,1.1505,0.3518,351.7815,30576.391,79.8804,68.1774,0.0,0.0,0.0,59.14,55.07,57.83,0.0,0.0,0.0
USA,North America,United States,2024-06-26,103436829.0,0.0,,1190041.0,0.0,59.14,302859.5,,,3484.4,0.0,0.17,,,,,,,,,,,,,,,,,,,,270227181.0,230637348.0,,0.0,,,,,,,,,,35.61,38.3,15.41,9.73,54225.45,1.2,151.09,10.79,19.1,24.6,,2.77,78.86,0.93,338289856.0,,,,,United States,North America,1.1505,0.3518,351.7815,30576.391,79.8804,68.1774,0.0,0.0,0.0,59.14,55.07,46.47,0.0,0.0,0.0
USA,North America,United States,2024-06-30,103436829.0,0.0,,1190441.0,400.0,57.14,302859.5,,,3485.57,1.17,0.17,,,,,,,,,,,,,,,,,,,,270227181.0,230637348.0,,0.0,,,,,,,,,,35.61,38.3,15.41,9.73,54225.45,1.2,151.09,10.79,19.1,24.6,,2.77,78.86,0.93,338289856.0,,,,,United States,North America,1.1509,0.3519,351.8997,30576.391,79.8804,68.1774,0.0,0.0,0.0,57.14,58.14,59.8,0.0,0.0,0.0
USA,North America,United States,2024-07-02,103436829.0,0.0,,1190441.0,0.0,57.14,302859.5,,,3485.57,0.0,0.17,,,,,,,,,,,,,,,,,,,,270227181.0,230637348.0,,0.0,,,,,,,,,,35.61,38.3,15.41,9.73,54225.45,1.2,151.09,10.79,19.1,24.6,,2.77,78.86,0.93,338289856.0,,,,,United States,North America,1.1509,0.3519,351.8997,30576.391,79.8804,68.1774,0.0,0.0,0.0,57.14,58.14,49.1,0.0,0.0,0.0
USA,North America,United States,2024-08-03,103436829.0,0.0,,1192546.0,0.0,88.43,302859.5,,,3491.73,0.0,0.26,,,,,,,,,,,,,,,,,,,,270227181.0,230637348.0,,0.0,,,,,,,,,,35.61,38.3,15.41,9.73,54225.45,1.2,151.09,10.79,19.1,24.6,,2.77,78.86,0.93,338289856.0,,,,,United States,North America,1.1529,0.3525,352.522,30576.391,79.8804,68.1774,0.0,0.0,0.0,88.43,84.64,70.17,0.0,0.0,0.0
